loop,sample,floor,kind,id,count
62005,0,1,drop,"(O)382",2
62005,0,1,drop,"(O)390",12
62005,0,1,stone,"",20
62005,0,2,container,"",1
62005,0,2,drop,"(O)378",6
62005,0,2,drop,"(O)382",1
62005,0,2,drop,"(O)390",27
62005,0,2,drop,"(O)535",1
62005,0,2,drop,"(O)684",1
62005,0,2,drop,"(O)766",2
62005,0,2,geode,"(O)330",1
62005,0,2,monster,"Bug",1
62005,0,2,monster,"Green Slime",2
62005,0,2,monster,"Rock Crab",1
62005,0,2,node,"Copper node",4
62005,0,2,stone,"",46
62005,0,3,container,"",3
62005,0,3,drop,"(O)378",13
62005,0,3,drop,"(O)382",3
62005,0,3,drop,"(O)390",33
62005,0,3,drop,"(O)766",1
62005,0,3,drop,"(O)78",1
62005,0,3,drop,"(O)92",4
62005,0,3,monster,"Green Slime",2
62005,0,3,node,"Copper node",5
62005,0,3,stone,"",65
62005,0,4,container,"",2
62005,0,4,drop,"(O)378",19
62005,0,4,drop,"(O)382",2
62005,0,4,drop,"(O)390",16
62005,0,4,drop,"(O)535",1
62005,0,4,drop,"(O)684",2
62005,0,4,drop,"(O)766",1
62005,0,4,drop,"(O)80",1
62005,0,4,geode,"(O)86",1
62005,0,4,loose,"(O)80",1
62005,0,4,monster,"Bug",2
62005,0,4,monster,"Green Slime",1
62005,0,4,monster,"Rock Crab",1
62005,0,4,node,"Copper node",9
62005,0,4,stone,"",58
62005,0,5,container,"",6
62005,0,5,drop,"(O)382",2
62005,0,5,drop,"(O)388",1
62005,0,5,drop,"(O)390",20
62005,0,5,drop,"(O)684",2
62005,0,5,drop,"(O)766",3
62005,0,5,drop,"(O)78",1
62005,0,5,drop,"(O)CarrotSeeds",3
62005,0,5,monster,"Bug",2
62005,0,5,monster,"Green Slime",2
62005,0,5,stone,"",38
62005,0,6,drop,"(O)153",2
62005,0,6,drop,"(O)286",2
62005,0,6,drop,"(O)378",4
62005,0,6,drop,"(O)382",3
62005,0,6,drop,"(O)390",37
62005,0,6,drop,"(O)535",1
62005,0,6,drop,"(O)684",3
62005,0,6,drop,"(O)766",2
62005,0,6,drop,"(O)80",1
62005,0,6,drop,"(O)92",1
62005,0,6,geode,"(O)382",1
62005,0,6,loose,"(O)80",1
62005,0,6,monster,"Bug",4
62005,0,6,monster,"Duggy",3
62005,0,6,monster,"Green Slime",4
62005,0,6,node,"Copper node",3
62005,0,6,stone,"",55
62005,0,7,container,"",2
62005,0,7,drop,"(O)378",8
62005,0,7,drop,"(O)382",8
62005,0,7,drop,"(O)390",60
62005,0,7,drop,"(O)535",3
62005,0,7,drop,"(O)717",1
62005,0,7,drop,"(O)80",1
62005,0,7,geode,"(O)330",1
62005,0,7,geode,"(O)378",3
62005,0,7,geode,"(O)569",1
62005,0,7,loose,"(O)80",1
62005,0,7,monster,"Green Slime",1
62005,0,7,monster,"Rock Crab",1
62005,0,7,node,"Copper node",2
62005,0,7,stone,"",104
62005,0,8,container,"",1
62005,0,8,drop,"(O)378",19
62005,0,8,drop,"(O)382",3
62005,0,8,drop,"(O)390",34
62005,0,8,drop,"(O)535",2
62005,0,8,drop,"(O)68",1
62005,0,8,drop,"(O)766",1
62005,0,8,drop,"(O)80",1
62005,0,8,geode,"(O)378",5
62005,0,8,geode,"(O)557",1
62005,0,8,loose,"(O)80",1
62005,0,8,monster,"Green Slime",1
62005,0,8,node,"Copper node",8
62005,0,8,stone,"",62
62005,0,9,container,"",2
62005,0,9,drop,"(O)370",3
62005,0,9,drop,"(O)378",7
62005,0,9,drop,"(O)382",11
62005,0,9,drop,"(O)390",86
62005,0,9,drop,"(O)535",3
62005,0,9,drop,"(O)766",1
62005,0,9,drop,"(O)80",1
62005,0,9,geode,"(O)378",10
62005,0,9,geode,"(O)557",1
62005,0,9,geode,"(O)86",1
62005,0,9,loose,"(O)80",1
62005,0,9,monster,"Green Slime",1
62005,0,9,node,"Copper node",2
62005,0,9,stone,"",134
62005,0,11,drop,"(O)286",3
62005,0,11,drop,"(O)378",5
62005,0,11,drop,"(O)382",3
62005,0,11,drop,"(O)390",26
62005,0,11,drop,"(O)684",1
62005,0,11,drop,"(O)717",1
62005,0,11,drop,"(O)93",3
62005,0,11,loose,"(O)93",3
62005,0,11,monster,"Bug",1
62005,0,11,monster,"Rock Crab",3
62005,0,11,node,"Copper node",2
62005,0,11,stone,"",35
62005,0,12,container,"",3
62005,0,12,drop,"(O)286",2
62005,0,12,drop,"(O)378",7
62005,0,12,drop,"(O)382",4
62005,0,12,drop,"(O)390",18
62005,0,12,drop,"(O)535",1
62005,0,12,drop,"(O)766",2
62005,0,12,geode,"(O)574",1
62005,0,12,monster,"Green Slime",2
62005,0,12,monster,"Rock Crab",2
62005,0,12,node,"Copper node",1
62005,0,12,stone,"",33
62005,0,13,drop,"(O)286",1
62005,0,13,drop,"(O)378",4
62005,0,13,drop,"(O)382",2
62005,0,13,drop,"(O)390",29
62005,0,13,drop,"(O)535",2
62005,0,13,drop,"(O)684",2
62005,0,13,drop,"(O)717",1
62005,0,13,drop,"(O)766",3
62005,0,13,drop,"(O)93",1
62005,0,13,geode,"(O)568",1
62005,0,13,geode,"(O)86",1
62005,0,13,loose,"(O)93",1
62005,0,13,monster,"Bug",3
62005,0,13,monster,"Duggy",5
62005,0,13,monster,"Green Slime",3
62005,0,13,monster,"Rock Crab",1
62005,0,13,node,"Copper node",2
62005,0,13,stone,"",54
62005,0,14,container,"",3
62005,0,14,drop,"(O)286",1
62005,0,14,drop,"(O)378",8
62005,0,14,drop,"(O)382",2
62005,0,14,drop,"(O)390",35
62005,0,14,drop,"(O)535",1
62005,0,14,drop,"(O)92",1
62005,0,14,geode,"(O)576",1
62005,0,14,monster,"Bug",1
62005,0,14,monster,"Duggy",2
62005,0,14,monster,"Green Slime",1
62005,0,14,node,"Copper node",2
62005,0,14,stone,"",66
62005,0,15,drop,"(O)273",1
62005,0,15,drop,"(O)378",2
62005,0,15,drop,"(O)382",3
62005,0,15,drop,"(O)390",30
62005,0,15,drop,"(O)535",1
62005,0,15,drop,"(O)684",2
62005,0,15,drop,"(O)766",2
62005,0,15,geode,"(O)576",1
62005,0,15,monster,"Fly",1
62005,0,15,monster,"Green Slime",3
62005,0,15,monster,"Grub",2
62005,0,15,stone,"",41
62005,0,16,drop,"(O)378",8
62005,0,16,drop,"(O)382",4
62005,0,16,drop,"(O)390",56
62005,0,16,drop,"(O)535",1
62005,0,16,drop,"(O)68",1
62005,0,16,drop,"(O)684",3
62005,0,16,geode,"(O)566",1
62005,0,16,monster,"Bug",2
62005,0,16,monster,"Grub",2
62005,0,16,monster,"Rock Crab",2
62005,0,16,node,"Copper node",3
62005,0,16,node,"Topaz node",1
62005,0,16,stone,"",91
62005,0,17,container,"",2
62005,0,17,drop,"(O)378",7
62005,0,17,drop,"(O)382",8
62005,0,17,drop,"(O)388",2
62005,0,17,drop,"(O)390",61
62005,0,17,drop,"(O)535",2
62005,0,17,drop,"(O)68",1
62005,0,17,drop,"(O)717",1
62005,0,17,drop,"(O)766",1
62005,0,17,drop,"(O)80",1
62005,0,17,geode,"(O)542",1
62005,0,17,geode,"(O)86",1
62005,0,17,loose,"(O)80",1
62005,0,17,monster,"Green Slime",1
62005,0,17,monster,"Rock Crab",1
62005,0,17,node,"Copper node",1
62005,0,17,stone,"",88
62005,0,18,container,"",1
62005,0,18,drop,"(O)153",1
62005,0,18,drop,"(O)273",1
62005,0,18,drop,"(O)286",3
62005,0,18,drop,"(O)378",5
62005,0,18,drop,"(O)382",5
62005,0,18,drop,"(O)390",34
62005,0,18,drop,"(O)535",1
62005,0,18,drop,"(O)66",1
62005,0,18,drop,"(O)684",5
62005,0,18,drop,"(O)766",2
62005,0,18,drop,"(O)80",3
62005,0,18,drop,"(O)92",1
62005,0,18,geode,"(O)390",5
62005,0,18,loose,"(O)80",3
62005,0,18,monster,"Bug",5
62005,0,18,monster,"Duggy",1
62005,0,18,monster,"Green Slime",4
62005,0,18,monster,"Grub",12
62005,0,18,monster,"Rock Crab",2
62005,0,18,stone,"",58
62005,0,19,container,"",17
62005,0,19,drop,"(O)286",1
62005,0,19,drop,"(O)378",5
62005,0,19,drop,"(O)382",13
62005,0,19,drop,"(O)388",2
62005,0,19,drop,"(O)390",76
62005,0,19,drop,"(O)535",4
62005,0,19,drop,"(O)684",4
62005,0,19,drop,"(O)766",3
62005,0,19,drop,"(O)78",3
62005,0,19,drop,"(O)80",2
62005,0,19,drop,"(O)86",1
62005,0,19,drop,"(O)92",3
62005,0,19,drop,"(O)CarrotSeeds",3
62005,0,19,geode,"(O)330",1
62005,0,19,geode,"(O)542",1
62005,0,19,geode,"(O)548",1
62005,0,19,geode,"(O)576",1
62005,0,19,loose,"(O)80",2
62005,0,19,loose,"(O)86",1
62005,0,19,monster,"Bug",4
62005,0,19,monster,"Green Slime",3
62005,0,19,monster,"Grub",3
62005,0,19,monster,"Rock Crab",1
62005,0,19,node,"Copper node",2
62005,0,19,stone,"",123
62005,0,21,container,"",2
62005,0,21,drop,"(O)378",2
62005,0,21,drop,"(O)382",3
62005,0,21,drop,"(O)390",19
62005,0,21,node,"Copper node",1
62005,0,21,stone,"",29
62005,0,22,container,"",4
62005,0,22,drop,"(O)370",2
62005,0,22,drop,"(O)378",11
62005,0,22,drop,"(O)382",2
62005,0,22,drop,"(O)390",40
62005,0,22,drop,"(O)535",1
62005,0,22,drop,"(O)68",1
62005,0,22,drop,"(O)684",2
62005,0,22,geode,"(O)382",1
62005,0,22,monster,"Grub",4
62005,0,22,node,"Copper node",3
62005,0,22,stone,"",78
62005,0,23,drop,"(O)286",1
62005,0,23,drop,"(O)378",6
62005,0,23,drop,"(O)382",4
62005,0,23,drop,"(O)390",34
62005,0,23,drop,"(O)535",1
62005,0,23,drop,"(O)68",1
62005,0,23,drop,"(O)684",1
62005,0,23,drop,"(O)717",1
62005,0,23,drop,"(O)80",1
62005,0,23,drop,"(O)86",1
62005,0,23,geode,"(O)378",3
62005,0,23,loose,"(O)80",1
62005,0,23,monster,"Bug",2
62005,0,23,monster,"Duggy",2
62005,0,23,monster,"Rock Crab",1
62005,0,23,node,"Copper node",3
62005,0,23,node,"Topaz node",1
62005,0,23,stone,"",63
62005,0,24,container,"",16
62005,0,24,drop,"(O)153",1
62005,0,24,drop,"(O)378",2
62005,0,24,drop,"(O)382",11
62005,0,24,drop,"(O)388",2
62005,0,24,drop,"(O)390",44
62005,0,24,drop,"(O)535",3
62005,0,24,drop,"(O)684",5
62005,0,24,drop,"(O)709",1
62005,0,24,drop,"(O)766",1
62005,0,24,drop,"(O)770",1
62005,0,24,drop,"(O)78",6
62005,0,24,drop,"(O)CarrotSeeds",2
62005,0,24,geode,"(O)378",5
62005,0,24,geode,"(O)568",1
62005,0,24,geode,"(O)574",1
62005,0,24,monster,"Bug",3
62005,0,24,monster,"Duggy",1
62005,0,24,monster,"Green Slime",2
62005,0,24,monster,"Grub",7
62005,0,24,node,"Copper node",1
62005,0,24,stone,"",67
62005,0,25,drop,"(O)390",18
62005,0,25,stone,"",26
62005,0,26,drop,"(O)273",1
62005,0,26,drop,"(O)378",6
62005,0,26,drop,"(O)382",5
62005,0,26,drop,"(O)390",35
62005,0,26,drop,"(O)535",1
62005,0,26,drop,"(O)684",3
62005,0,26,drop,"(O)717",1
62005,0,26,drop,"(O)766",1
62005,0,26,drop,"(O)86",1
62005,0,26,drop,"(O)92",1
62005,0,26,drop,"(S)1281",1
62005,0,26,geode,"(O)556",1
62005,0,26,loose,"(O)86",1
62005,0,26,monster,"Fly",2
62005,0,26,monster,"Green Slime",1
62005,0,26,monster,"Grub",1
62005,0,26,monster,"Rock Crab",1
62005,0,26,node,"Copper node",3
62005,0,26,stone,"",54
62005,0,27,drop,"(O)273",1
62005,0,27,drop,"(O)286",3
62005,0,27,drop,"(O)378",18
62005,0,27,drop,"(O)382",5
62005,0,27,drop,"(O)390",24
62005,0,27,drop,"(O)535",2
62005,0,27,drop,"(O)684",7
62005,0,27,drop,"(O)766",2
62005,0,27,drop,"(O)80",1
62005,0,27,drop,"(O)86",1
62005,0,27,drop,"(O)92",1
62005,0,27,geode,"(O)330",1
62005,0,27,geode,"(O)378",10
62005,0,27,loose,"(O)80",1
62005,0,27,monster,"Bug",2
62005,0,27,monster,"Duggy",4
62005,0,27,monster,"Green Slime",2
62005,0,27,monster,"Grub",6
62005,0,27,node,"Copper node",8
62005,0,27,stone,"",58
62005,0,28,drop,"(O)273",1
62005,0,28,drop,"(O)378",6
62005,0,28,drop,"(O)382",4
62005,0,28,drop,"(O)390",41
62005,0,28,drop,"(O)535",2
62005,0,28,drop,"(O)684",5
62005,0,28,drop,"(O)766",1
62005,0,28,drop,"(O)80",3
62005,0,28,geode,"(O)571",1
62005,0,28,geode,"(O)86",1
62005,0,28,loose,"(O)80",3
62005,0,28,monster,"Bug",1
62005,0,28,monster,"Green Slime",1
62005,0,28,monster,"Grub",5
62005,0,28,node,"Copper node",3
62005,0,28,stone,"",70
62005,0,29,container,"",10
62005,0,29,drop,"(O)286",1
62005,0,29,drop,"(O)378",8
62005,0,29,drop,"(O)382",2
62005,0,29,drop,"(O)388",2
62005,0,29,drop,"(O)390",29
62005,0,29,drop,"(O)535",2
62005,0,29,drop,"(O)766",1
62005,0,29,drop,"(O)770",1
62005,0,29,drop,"(O)78",1
62005,0,29,drop,"(O)CarrotSeeds",5
62005,0,29,geode,"(O)548",1
62005,0,29,geode,"(O)574",1
62005,0,29,monster,"Green Slime",1
62005,0,29,monster,"Rock Crab",1
62005,0,29,node,"Copper node",3
62005,0,29,stone,"",50
62005,0,31,drop,"(O)378",5
62005,0,31,drop,"(O)380",2
62005,0,31,drop,"(O)382",4
62005,0,31,drop,"(O)390",29
62005,0,31,stone,"",54
62005,0,32,drop,"(O)378",9
62005,0,32,drop,"(O)382",2
62005,0,32,drop,"(O)390",43
62005,0,32,drop,"(O)535",1
62005,0,32,drop,"(O)684",2
62005,0,32,drop,"(O)767",1
62005,0,32,drop,"(O)80",2
62005,0,32,geode,"(O)378",3
62005,0,32,loose,"(O)80",1
62005,0,32,monster,"Bat",1
62005,0,32,monster,"Bug",3
62005,0,32,monster,"Stone Golem",2
62005,0,32,node,"Copper node",3
62005,0,32,stone,"",71
62005,0,33,drop,"(O)378",11
62005,0,33,drop,"(O)382",4
62005,0,33,drop,"(O)390",44
62005,0,33,drop,"(O)749",1
62005,0,33,drop,"(O)80",2
62005,0,33,drop,"(O)93",1
62005,0,33,geode,"(O)123",1
62005,0,33,loose,"(O)80",1
62005,0,33,loose,"(O)93",1
62005,0,33,monster,"Stone Golem",2
62005,0,33,node,"Copper node",4
62005,0,33,stone,"",67
62005,0,34,drop,"(O)378",10
62005,0,34,drop,"(O)382",6
62005,0,34,drop,"(O)390",62
62005,0,34,drop,"(O)535",3
62005,0,34,drop,"(O)70",1
62005,0,34,drop,"(O)749",1
62005,0,34,drop,"(O)80",1
62005,0,34,geode,"(O)390",18
62005,0,34,geode,"(O)552",1
62005,0,34,loose,"(O)80",1
62005,0,34,monster,"Bug",1
62005,0,34,monster,"Stone Golem",1
62005,0,34,node,"Copper node",6
62005,0,34,node,"Gem node (mixed)",1
62005,0,34,stone,"",111
62005,0,35,drop,"(O)378",1
62005,0,35,drop,"(O)382",3
62005,0,35,drop,"(O)390",23
62005,0,35,stone,"",40
62005,0,36,drop,"(O)378",15
62005,0,36,drop,"(O)382",5
62005,0,36,drop,"(O)390",39
62005,0,36,drop,"(O)66",1
62005,0,36,drop,"(O)684",1
62005,0,36,drop,"(O)767",1
62005,0,36,drop,"(O)93",2
62005,0,36,loose,"(O)93",2
62005,0,36,monster,"Bat",1
62005,0,36,monster,"Bug",1
62005,0,36,monster,"Stone Golem",4
62005,0,36,node,"Amethyst node",1
62005,0,36,node,"Copper node",6
62005,0,36,stone,"",80
62005,0,37,container,"",1
62005,0,37,drop,"(O)157",1
62005,0,37,drop,"(O)378",1
62005,0,37,drop,"(O)382",6
62005,0,37,drop,"(O)390",41
62005,0,37,drop,"(O)535",2
62005,0,37,drop,"(O)684",1
62005,0,37,drop,"(O)770",1
62005,0,37,geode,"(O)382",1
62005,0,37,geode,"(O)557",1
62005,0,37,monster,"Bug",2
62005,0,37,monster,"Stone Golem",3
62005,0,37,stone,"",64
62005,0,38,container,"",2
62005,0,38,drop,"(O)378",3
62005,0,38,drop,"(O)380",1
62005,0,38,drop,"(O)382",4
62005,0,38,drop,"(O)390",48
62005,0,38,drop,"(O)535",2
62005,0,38,drop,"(O)80",1
62005,0,38,drop,"(O)93",2
62005,0,38,geode,"(O)378",1
62005,0,38,geode,"(O)556",1
62005,0,38,loose,"(O)80",1
62005,0,38,loose,"(O)93",2
62005,0,38,monster,"Stone Golem",2
62005,0,38,node,"Copper node",2
62005,0,38,stone,"",71
62005,0,39,container,"",1
62005,0,39,drop,"(O)378",5
62005,0,39,drop,"(O)382",3
62005,0,39,drop,"(O)390",29
62005,0,39,drop,"(O)535",3
62005,0,39,drop,"(O)684",1
62005,0,39,drop,"(O)767",2
62005,0,39,geode,"(O)378",4
62005,0,39,geode,"(O)566",1
62005,0,39,monster,"Bat",1
62005,0,39,monster,"Bug",2
62005,0,39,monster,"Stone Golem",4
62005,0,39,node,"Copper node",1
62005,0,39,stone,"",44
62005,1,1,drop,"(O)390",27
62005,1,1,drop,"(O)535",2
62005,1,1,geode,"(O)382",3
62005,1,1,geode,"(O)574",1
62005,1,1,stone,"",39
62005,1,2,drop,"(O)378",11
62005,1,2,drop,"(O)382",1
62005,1,2,drop,"(O)390",32
62005,1,2,drop,"(O)535",1
62005,1,2,drop,"(O)684",3
62005,1,2,geode,"(O)86",1
62005,1,2,monster,"Bug",3
62005,1,2,monster,"Green Slime",1
62005,1,2,monster,"Rock Crab",1
62005,1,2,node,"Copper node",2
62005,1,2,stone,"",57
62005,1,3,container,"",2
62005,1,3,drop,"(O)382",5
62005,1,3,drop,"(O)388",1
62005,1,3,drop,"(O)390",23
62005,1,3,drop,"(O)68",1
62005,1,3,drop,"(O)684",1
62005,1,3,drop,"(O)766",2
62005,1,3,drop,"(O)80",2
62005,1,3,loose,"(O)80",2
62005,1,3,monster,"Bug",1
62005,1,3,monster,"Green Slime",3
62005,1,3,monster,"Rock Crab",1
62005,1,3,stone,"",38
62005,1,4,drop,"(O)153",1
62005,1,4,drop,"(O)378",1
62005,1,4,drop,"(O)382",6
62005,1,4,drop,"(O)390",49
62005,1,4,drop,"(O)535",1
62005,1,4,drop,"(O)68",1
62005,1,4,drop,"(O)766",2
62005,1,4,drop,"(O)80",1
62005,1,4,drop,"(O)86",1
62005,1,4,geode,"(O)382",3
62005,1,4,loose,"(O)80",1
62005,1,4,loose,"(O)86",1
62005,1,4,monster,"Green Slime",2
62005,1,4,node,"Topaz node",1
62005,1,4,stone,"",87
62005,1,5,drop,"(O)153",2
62005,1,5,drop,"(O)286",1
62005,1,5,drop,"(O)378",3
62005,1,5,drop,"(O)382",5
62005,1,5,drop,"(O)390",30
62005,1,5,drop,"(O)684",1
62005,1,5,drop,"(O)766",6
62005,1,5,drop,"(O)92",1
62005,1,5,monster,"Bug",1
62005,1,5,monster,"Green Slime",7
62005,1,5,monster,"Rock Crab",1
62005,1,5,stone,"",56
62005,1,6,container,"",2
62005,1,6,drop,"(O)378",16
62005,1,6,drop,"(O)382",4
62005,1,6,drop,"(O)390",36
62005,1,6,drop,"(O)535",1
62005,1,6,drop,"(O)684",1
62005,1,6,drop,"(O)766",4
62005,1,6,drop,"(O)770",1
62005,1,6,drop,"(O)86",1
62005,1,6,drop,"(O)92",1
62005,1,6,drop,"(O)93",1
62005,1,6,geode,"(O)382",1
62005,1,6,loose,"(O)86",1
62005,1,6,loose,"(O)93",1
62005,1,6,monster,"Bug",1
62005,1,6,monster,"Green Slime",6
62005,1,6,monster,"Rock Crab",1
62005,1,6,node,"Copper node",7
62005,1,6,stone,"",62
62005,1,7,drop,"(O)378",10
62005,1,7,drop,"(O)382",6
62005,1,7,drop,"(O)390",40
62005,1,7,drop,"(O)535",1
62005,1,7,drop,"(O)766",5
62005,1,7,drop,"(O)80",1
62005,1,7,drop,"(O)Book_Void",1
62005,1,7,geode,"(O)390",3
62005,1,7,loose,"(O)80",1
62005,1,7,monster,"Green Slime",5
62005,1,7,node,"Copper node",3
62005,1,7,stone,"",73
62005,1,8,drop,"(O)153",1
62005,1,8,drop,"(O)378",5
62005,1,8,drop,"(O)382",4
62005,1,8,drop,"(O)390",26
62005,1,8,drop,"(O)535",1
62005,1,8,drop,"(O)684",1
62005,1,8,drop,"(O)766",2
62005,1,8,drop,"(O)80",2
62005,1,8,geode,"(O)566",1
62005,1,8,loose,"(O)80",2
62005,1,8,monster,"Bug",1
62005,1,8,monster,"Green Slime",3
62005,1,8,node,"Copper node",2
62005,1,8,stone,"",37
62005,1,9,drop,"(O)378",5
62005,1,9,drop,"(O)382",5
62005,1,9,drop,"(O)390",46
62005,1,9,node,"Copper node",1
62005,1,9,stone,"",91
62005,1,11,container,"",3
62005,1,11,drop,"(O)378",6
62005,1,11,drop,"(O)382",1
62005,1,11,drop,"(O)390",26
62005,1,11,drop,"(O)80",1
62005,1,11,drop,"(O)86",2
62005,1,11,drop,"(O)93",4
62005,1,11,loose,"(O)80",1
62005,1,11,loose,"(O)86",1
62005,1,11,loose,"(O)93",4
62005,1,11,monster,"Bug",1
62005,1,11,monster,"Duggy",2
62005,1,11,monster,"Rock Crab",1
62005,1,11,node,"Copper node",4
62005,1,11,stone,"",50
62005,1,12,drop,"(O)153",1
62005,1,12,drop,"(O)378",2
62005,1,12,drop,"(O)382",1
62005,1,12,drop,"(O)390",10
62005,1,12,drop,"(O)535",1
62005,1,12,drop,"(O)766",1
62005,1,12,geode,"(O)552",1
62005,1,12,monster,"Green Slime",1
62005,1,12,stone,"",21
62005,1,13,container,"",3
62005,1,13,drop,"(O)286",1
62005,1,13,drop,"(O)378",5
62005,1,13,drop,"(O)382",9
62005,1,13,drop,"(O)390",32
62005,1,13,drop,"(O)535",3
62005,1,13,drop,"(O)684",3
62005,1,13,drop,"(O)93",1
62005,1,13,geode,"(O)382",3
62005,1,13,geode,"(O)569",1
62005,1,13,geode,"(O)576",1
62005,1,13,loose,"(O)93",1
62005,1,13,monster,"Bug",3
62005,1,13,monster,"Duggy",2
62005,1,13,node,"Copper node",1
62005,1,13,stone,"",54
62005,1,14,drop,"(O)153",1
62005,1,14,drop,"(O)157",1
62005,1,14,drop,"(O)378",10
62005,1,14,drop,"(O)382",5
62005,1,14,drop,"(O)390",51
62005,1,14,drop,"(O)535",3
62005,1,14,drop,"(O)684",2
62005,1,14,drop,"(O)766",2
62005,1,14,drop,"(O)80",1
62005,1,14,drop,"(O)92",1
62005,1,14,drop,"(O)GoldCoin",1
62005,1,14,geode,"(O)378",5
62005,1,14,geode,"(O)569",1
62005,1,14,geode,"(O)576",1
62005,1,14,loose,"(O)80",1
62005,1,14,monster,"Bug",2
62005,1,14,monster,"Duggy",1
62005,1,14,monster,"Green Slime",2
62005,1,14,monster,"Rock Crab",1
62005,1,14,node,"Copper node",6
62005,1,14,stone,"",97
62005,1,15,drop,"(O)378",5
62005,1,15,drop,"(O)382",5
62005,1,15,drop,"(O)390",26
62005,1,15,drop,"(O)535",1
62005,1,15,geode,"(O)382",5
62005,1,15,stone,"",51
62005,1,16,drop,"(O)157",1
62005,1,16,drop,"(O)378",17
62005,1,16,drop,"(O)382",7
62005,1,16,drop,"(O)390",37
62005,1,16,drop,"(O)535",1
62005,1,16,drop,"(O)684",1
62005,1,16,drop,"(O)766",1
62005,1,16,geode,"(O)330",1
62005,1,16,monster,"Bug",1
62005,1,16,monster,"Green Slime",1
62005,1,16,node,"Copper node",5
62005,1,16,stone,"",70
62005,1,17,drop,"(O)378",11
62005,1,17,drop,"(O)382",8
62005,1,17,drop,"(O)390",65
62005,1,17,drop,"(O)535",3
62005,1,17,drop,"(O)68",1
62005,1,17,drop,"(O)684",2
62005,1,17,drop,"(O)766",1
62005,1,17,drop,"(O)80",1
62005,1,17,drop,"(O)93",6
62005,1,17,geode,"(O)378",23
62005,1,17,geode,"(O)549",1
62005,1,17,loose,"(O)80",1
62005,1,17,loose,"(O)93",6
62005,1,17,monster,"Bug",1
62005,1,17,monster,"Green Slime",1
62005,1,17,monster,"Grub",1
62005,1,17,monster,"Rock Crab",2
62005,1,17,node,"Copper node",3
62005,1,17,node,"Topaz node",1
62005,1,17,stone,"",117
62005,1,18,drop,"(O)286",1
62005,1,18,drop,"(O)378",8
62005,1,18,drop,"(O)382",8
62005,1,18,drop,"(O)390",62
62005,1,18,drop,"(O)535",3
62005,1,18,drop,"(O)684",3
62005,1,18,drop,"(O)766",1
62005,1,18,drop,"(O)80",1
62005,1,18,drop,"(O)92",1
62005,1,18,drop,"(O)93",3
62005,1,18,geode,"(O)121",1
62005,1,18,geode,"(O)378",5
62005,1,18,geode,"(O)574",1
62005,1,18,loose,"(O)80",1
62005,1,18,loose,"(O)93",3
62005,1,18,monster,"Bug",3
62005,1,18,monster,"Duggy",1
62005,1,18,monster,"Fly",1
62005,1,18,monster,"Green Slime",1
62005,1,18,monster,"Grub",4
62005,1,18,monster,"Rock Crab",1
62005,1,18,node,"Copper node",1
62005,1,18,stone,"",91
62005,1,19,drop,"(O)378",8
62005,1,19,drop,"(O)382",8
62005,1,19,drop,"(O)390",91
62005,1,19,drop,"(O)535",3
62005,1,19,drop,"(O)684",2
62005,1,19,drop,"(O)80",2
62005,1,19,geode,"(O)538",1
62005,1,19,geode,"(O)555",1
62005,1,19,geode,"(O)556",1
62005,1,19,loose,"(O)80",2
62005,1,19,monster,"Grub",2
62005,1,19,stone,"",160
62005,1,21,drop,"(O)378",1
62005,1,21,drop,"(O)382",4
62005,1,21,drop,"(O)390",23
62005,1,21,drop,"(O)535",1
62005,1,21,geode,"(O)390",3
62005,1,21,stone,"",42
62005,1,22,container,"",2
62005,1,22,drop,"(O)378",8
62005,1,22,drop,"(O)380",1
62005,1,22,drop,"(O)382",7
62005,1,22,drop,"(O)390",35
62005,1,22,drop,"(O)749",1
62005,1,22,drop,"(O)78",1
62005,1,22,geode,"(O)570",1
62005,1,22,node,"Copper node",2
62005,1,22,stone,"",65
62005,1,23,drop,"(O)286",2
62005,1,23,drop,"(O)378",3
62005,1,23,drop,"(O)382",2
62005,1,23,drop,"(O)390",27
62005,1,23,drop,"(O)535",3
62005,1,23,drop,"(O)66",1
62005,1,23,drop,"(O)684",8
62005,1,23,drop,"(O)766",1
62005,1,23,drop,"(O)92",1
62005,1,23,drop,"(O)93",3
62005,1,23,geode,"(O)330",2
62005,1,23,geode,"(O)556",1
62005,1,23,loose,"(O)93",3
62005,1,23,monster,"Bug",2
62005,1,23,monster,"Duggy",3
62005,1,23,monster,"Green Slime",3
62005,1,23,monster,"Grub",11
62005,1,23,monster,"Rock Crab",2
62005,1,23,node,"Amethyst node",1
62005,1,23,node,"Copper node",1
62005,1,23,stone,"",45
62005,1,24,drop,"(O)286",1
62005,1,24,drop,"(O)378",11
62005,1,24,drop,"(O)382",9
62005,1,24,drop,"(O)390",55
62005,1,24,drop,"(O)535",2
62005,1,24,drop,"(O)684",9
62005,1,24,drop,"(O)717",1
62005,1,24,geode,"(O)390",5
62005,1,24,geode,"(O)538",1
62005,1,24,monster,"Bug",4
62005,1,24,monster,"Grub",7
62005,1,24,monster,"Rock Crab",2
62005,1,24,node,"Copper node",3
62005,1,24,stone,"",101
62005,1,25,drop,"(O)378",1
62005,1,25,drop,"(O)382",2
62005,1,25,drop,"(O)390",11
62005,1,25,drop,"(O)535",2
62005,1,25,drop,"(O)684",1
62005,1,25,drop,"(O)766",1
62005,1,25,geode,"(O)390",3
62005,1,25,geode,"(O)568",1
62005,1,25,monster,"Bug",1
62005,1,25,monster,"Green Slime",1
62005,1,25,stone,"",20
62005,1,26,drop,"(O)378",13
62005,1,26,drop,"(O)382",6
62005,1,26,drop,"(O)390",63
62005,1,26,drop,"(O)535",2
62005,1,26,drop,"(O)684",1
62005,1,26,drop,"(O)766",1
62005,1,26,geode,"(O)390",5
62005,1,26,geode,"(O)568",1
62005,1,26,monster,"Bug",1
62005,1,26,monster,"Green Slime",2
62005,1,26,node,"Copper node",3
62005,1,26,stone,"",99
62005,1,27,drop,"(O)378",5
62005,1,27,drop,"(O)382",3
62005,1,27,drop,"(O)390",28
62005,1,27,drop,"(O)535",1
62005,1,27,drop,"(O)684",4
62005,1,27,drop,"(O)80",1
62005,1,27,geode,"(O)568",1
62005,1,27,loose,"(O)80",1
62005,1,27,monster,"Bug",3
62005,1,27,monster,"Green Slime",1
62005,1,27,monster,"Grub",3
62005,1,27,monster,"Rock Crab",1
62005,1,27,node,"Copper node",1
62005,1,27,stone,"",62
62005,1,28,drop,"(O)153",1
62005,1,28,drop,"(O)766",11
62005,1,28,drop,"(O)80",1
62005,1,28,drop,"(O)92",1
62005,1,28,loose,"(O)80",1
62005,1,28,monster,"Big Slime",1
62005,1,28,monster,"Green Slime",12
62005,1,29,drop,"(O)273",1
62005,1,29,drop,"(O)378",12
62005,1,29,drop,"(O)380",1
62005,1,29,drop,"(O)382",2
62005,1,29,drop,"(O)390",17
62005,1,29,drop,"(O)535",1
62005,1,29,drop,"(O)684",3
62005,1,29,drop,"(O)717",1
62005,1,29,drop,"(O)766",2
62005,1,29,drop,"(O)80",1
62005,1,29,drop,"(O)93",1
62005,1,29,geode,"(O)330",1
62005,1,29,loose,"(O)80",1
62005,1,29,loose,"(O)93",1
62005,1,29,monster,"Green Slime",2
62005,1,29,monster,"Grub",7
62005,1,29,monster,"Rock Crab",1
62005,1,29,node,"Copper node",6
62005,1,29,stone,"",43
62005,1,31,container,"",1
62005,1,31,drop,"(O)378",24
62005,1,31,drop,"(O)380",1
62005,1,31,drop,"(O)382",3
62005,1,31,drop,"(O)390",22
62005,1,31,drop,"(O)749",1
62005,1,31,drop,"(O)86",1
62005,1,31,drop,"(O)93",2
62005,1,31,geode,"(O)378",10
62005,1,31,loose,"(O)86",1
62005,1,31,loose,"(O)93",2
62005,1,31,monster,"Stone Golem",2
62005,1,31,node,"Copper node",10
62005,1,31,stone,"",44
62005,1,32,container,"",2
62005,1,32,drop,"(O)378",21
62005,1,32,drop,"(O)382",5
62005,1,32,drop,"(O)390",35
62005,1,32,drop,"(O)535",1
62005,1,32,drop,"(O)68",1
62005,1,32,drop,"(O)78",1
62005,1,32,drop,"(O)92",2
62005,1,32,drop,"(O)93",1
62005,1,32,geode,"(O)569",1
62005,1,32,loose,"(O)93",1
62005,1,32,node,"Copper node",11
62005,1,32,node,"Topaz node",1
62005,1,32,stone,"",67
62005,1,33,drop,"(O)378",7
62005,1,33,drop,"(O)382",5
62005,1,33,drop,"(O)390",39
62005,1,33,drop,"(O)420",1
62005,1,33,drop,"(O)535",2
62005,1,33,drop,"(O)80",1
62005,1,33,drop,"(O)86",1
62005,1,33,drop,"(O)93",2
62005,1,33,geode,"(O)330",1
62005,1,33,geode,"(O)378",5
62005,1,33,loose,"(O)420",1
62005,1,33,loose,"(O)80",1
62005,1,33,loose,"(O)86",1
62005,1,33,loose,"(O)93",2
62005,1,33,monster,"Stone Golem",1
62005,1,33,node,"Copper node",3
62005,1,33,stone,"",63
62005,1,34,drop,"(O)378",9
62005,1,34,drop,"(O)382",3
62005,1,34,drop,"(O)390",30
62005,1,34,drop,"(O)535",2
62005,1,34,drop,"(O)684",1
62005,1,34,drop,"(O)93",3
62005,1,34,geode,"(O)121",1
62005,1,34,geode,"(O)390",5
62005,1,34,loose,"(O)93",3
62005,1,34,monster,"Bug",1
62005,1,34,monster,"Stone Golem",1
62005,1,34,node,"Copper node",3
62005,1,34,stone,"",56
62005,1,35,drop,"(O)378",2
62005,1,35,drop,"(O)382",1
62005,1,35,drop,"(O)390",19
62005,1,35,drop,"(O)535",1
62005,1,35,geode,"(O)86",1
62005,1,35,stone,"",31
62005,1,36,drop,"(O)378",12
62005,1,36,drop,"(O)382",8
62005,1,36,drop,"(O)390",24
62005,1,36,drop,"(O)535",3
62005,1,36,drop,"(O)684",1
62005,1,36,drop,"(O)767",2
62005,1,36,drop,"(O)80",1
62005,1,36,drop,"(O)93",1
62005,1,36,geode,"(O)378",5
62005,1,36,geode,"(O)556",1
62005,1,36,geode,"(O)557",1
62005,1,36,loose,"(O)93",1
62005,1,36,monster,"Bat",1
62005,1,36,monster,"Bug",2
62005,1,36,monster,"Stone Golem",4
62005,1,36,node,"Copper node",4
62005,1,36,stone,"",45
62005,1,37,container,"",4
62005,1,37,drop,"(O)378",16
62005,1,37,drop,"(O)382",6
62005,1,37,drop,"(O)388",2
62005,1,37,drop,"(O)390",25
62005,1,37,drop,"(O)535",1
62005,1,37,drop,"(O)66",1
62005,1,37,drop,"(O)68",1
62005,1,37,drop,"(O)767",2
62005,1,37,drop,"(O)770",1
62005,1,37,drop,"(O)80",1
62005,1,37,drop,"(O)93",5
62005,1,37,geode,"(O)378",1
62005,1,37,loose,"(O)80",1
62005,1,37,loose,"(O)93",5
62005,1,37,monster,"Bat",1
62005,1,37,monster,"Stone Golem",3
62005,1,37,node,"Copper node",4
62005,1,37,node,"Topaz node",1
62005,1,37,stone,"",55
62005,1,38,drop,"(O)378",12
62005,1,38,drop,"(O)382",7
62005,1,38,drop,"(O)390",62
62005,1,38,drop,"(O)535",1
62005,1,38,drop,"(O)684",1
62005,1,38,drop,"(O)93",2
62005,1,38,geode,"(O)538",1
62005,1,38,loose,"(O)93",2
62005,1,38,monster,"Bug",1
62005,1,38,monster,"Stone Golem",1
62005,1,38,node,"Copper node",3
62005,1,38,stone,"",99
62005,1,39,drop,"(O)378",6
62005,1,39,drop,"(O)382",6
62005,1,39,drop,"(O)390",48
62005,1,39,drop,"(O)535",3
62005,1,39,drop,"(O)66",1
62005,1,39,drop,"(O)767",2
62005,1,39,drop,"(O)80",1
62005,1,39,drop,"(O)93",2
62005,1,39,geode,"(O)378",8
62005,1,39,geode,"(O)390",1
62005,1,39,loose,"(O)80",1
62005,1,39,loose,"(O)93",2
62005,1,39,monster,"Bat",1
62005,1,39,node,"Amethyst node",1
62005,1,39,node,"Copper node",3
62005,1,39,stone,"",86
62005,2,1,drop,"(O)382",2
62005,2,1,drop,"(O)390",22
62005,2,1,drop,"(O)535",2
62005,2,1,geode,"(O)378",3
62005,2,1,geode,"(O)86",1
62005,2,1,stone,"",37
62005,2,2,drop,"(O)378",7
62005,2,2,drop,"(O)382",5
62005,2,2,drop,"(O)390",41
62005,2,2,drop,"(O)535",2
62005,2,2,drop,"(O)766",2
62005,2,2,geode,"(O)549",1
62005,2,2,geode,"(O)569",1
62005,2,2,monster,"Green Slime",4
62005,2,2,node,"Copper node",2
62005,2,2,stone,"",64
62005,2,3,drop,"(O)378",4
62005,2,3,drop,"(O)382",1
62005,2,3,drop,"(O)390",29
62005,2,3,drop,"(O)535",1
62005,2,3,drop,"(O)684",1
62005,2,3,drop,"(O)80",1
62005,2,3,geode,"(O)378",1
62005,2,3,loose,"(O)80",1
62005,2,3,monster,"Bug",1
62005,2,3,monster,"Rock Crab",1
62005,2,3,node,"Copper node",2
62005,2,3,stone,"",41
62005,2,4,drop,"(O)157",1
62005,2,4,drop,"(O)378",2
62005,2,4,drop,"(O)382",7
62005,2,4,drop,"(O)390",35
62005,2,4,drop,"(O)535",1
62005,2,4,drop,"(O)66",1
62005,2,4,drop,"(O)684",1
62005,2,4,drop,"(O)766",1
62005,2,4,drop,"(O)86",1
62005,2,4,geode,"(O)378",3
62005,2,4,loose,"(O)86",1
62005,2,4,monster,"Bug",1
62005,2,4,monster,"Green Slime",1
62005,2,4,stone,"",65
62005,2,5,drop,"(O)378",2
62005,2,5,drop,"(O)382",3
62005,2,5,drop,"(O)390",41
62005,2,5,drop,"(O)535",1
62005,2,5,drop,"(O)684",1
62005,2,5,drop,"(O)766",1
62005,2,5,drop,"(O)92",1
62005,2,5,geode,"(O)555",1
62005,2,5,monster,"Bug",1
62005,2,5,monster,"Green Slime",4
62005,2,5,stone,"",58
62005,2,6,drop,"(O)378",4
62005,2,6,drop,"(O)382",3
62005,2,6,drop,"(O)390",27
62005,2,6,drop,"(O)535",1
62005,2,6,drop,"(O)684",2
62005,2,6,drop,"(O)766",1
62005,2,6,drop,"(O)80",2
62005,2,6,drop,"(O)86",1
62005,2,6,geode,"(O)538",1
62005,2,6,loose,"(O)80",2
62005,2,6,loose,"(O)86",1
62005,2,6,monster,"Bug",3
62005,2,6,monster,"Duggy",1
62005,2,6,monster,"Green Slime",1
62005,2,6,monster,"Rock Crab",2
62005,2,6,node,"Copper node",1
62005,2,6,stone,"",50
62005,2,7,drop,"(O)153",1
62005,2,7,drop,"(O)378",6
62005,2,7,drop,"(O)382",1
62005,2,7,drop,"(O)390",32
62005,2,7,drop,"(O)66",1
62005,2,7,drop,"(O)766",6
62005,2,7,drop,"(O)86",1
62005,2,7,loose,"(O)86",1
62005,2,7,monster,"Bug",1
62005,2,7,monster,"Green Slime",6
62005,2,7,node,"Copper node",4
62005,2,7,stone,"",56
62005,2,8,container,"",1
62005,2,8,drop,"(O)378",10
62005,2,8,drop,"(O)382",3
62005,2,8,drop,"(O)390",41
62005,2,8,drop,"(O)684",1
62005,2,8,drop,"(O)93",2
62005,2,8,loose,"(O)93",2
62005,2,8,monster,"Bug",1
62005,2,8,node,"Copper node",4
62005,2,8,stone,"",76
62005,2,9,container,"",1
62005,2,9,drop,"(O)378",9
62005,2,9,drop,"(O)382",3
62005,2,9,drop,"(O)388",5
62005,2,9,drop,"(O)390",56
62005,2,9,drop,"(O)535",2
62005,2,9,drop,"(O)66",2
62005,2,9,drop,"(O)684",1
62005,2,9,drop,"(O)766",3
62005,2,9,drop,"(O)80",2
62005,2,9,drop,"(O)92",2
62005,2,9,geode,"(O)542",1
62005,2,9,geode,"(O)568",1
62005,2,9,loose,"(O)80",2
62005,2,9,monster,"Bug",1
62005,2,9,monster,"Duggy",1
62005,2,9,monster,"Green Slime",5
62005,2,9,monster,"Rock Crab",2
62005,2,9,node,"Amethyst node",2
62005,2,9,node,"Copper node",2
62005,2,9,stone,"",96
62005,2,11,container,"",2
62005,2,11,drop,"(O)378",10
62005,2,11,drop,"(O)382",2
62005,2,11,drop,"(O)388",5
62005,2,11,drop,"(O)390",28
62005,2,11,drop,"(O)535",1
62005,2,11,drop,"(O)684",1
62005,2,11,drop,"(O)93",5
62005,2,11,geode,"(O)378",10
62005,2,11,loose,"(O)93",5
62005,2,11,monster,"Bug",1
62005,2,11,node,"Copper node",3
62005,2,11,stone,"",60
62005,2,12,drop,"(O)153",1
62005,2,12,drop,"(O)378",1
62005,2,12,drop,"(O)382",5
62005,2,12,drop,"(O)390",18
62005,2,12,drop,"(O)535",2
62005,2,12,drop,"(O)66",1
62005,2,12,drop,"(O)766",3
62005,2,12,drop,"(O)80",1
62005,2,12,drop,"(O)92",1
62005,2,12,geode,"(O)378",1
62005,2,12,geode,"(O)571",1
62005,2,12,loose,"(O)80",1
62005,2,12,monster,"Green Slime",3
62005,2,12,node,"Copper node",1
62005,2,12,stone,"",33
62005,2,13,drop,"(O)378",2
62005,2,13,drop,"(O)382",6
62005,2,13,drop,"(O)390",18
62005,2,13,drop,"(O)684",1
62005,2,13,drop,"(O)80",1
62005,2,13,loose,"(O)80",1
62005,2,13,monster,"Bug",2
62005,2,13,monster,"Duggy",2
62005,2,13,stone,"",31
62005,2,14,drop,"(O)378",14
62005,2,14,drop,"(O)382",3
62005,2,14,drop,"(O)390",35
62005,2,14,drop,"(O)535",1
62005,2,14,drop,"(O)766",1
62005,2,14,drop,"(O)93",3
62005,2,14,geode,"(O)566",1
62005,2,14,loose,"(O)93",3
62005,2,14,monster,"Bug",2
62005,2,14,monster,"Green Slime",2
62005,2,14,node,"Copper node",5
62005,2,14,stone,"",69
62005,2,15,drop,"(O)378",2
62005,2,15,drop,"(O)382",2
62005,2,15,drop,"(O)390",18
62005,2,15,drop,"(O)535",2
62005,2,15,drop,"(O)684",1
62005,2,15,drop,"(O)766",1
62005,2,15,drop,"(O)92",1
62005,2,15,geode,"(O)378",4
62005,2,15,monster,"Bug",1
62005,2,15,monster,"Duggy",2
62005,2,15,monster,"Green Slime",1
62005,2,15,stone,"",35
62005,2,16,container,"",1
62005,2,16,drop,"(O)273",1
62005,2,16,drop,"(O)378",6
62005,2,16,drop,"(O)382",7
62005,2,16,drop,"(O)390",61
62005,2,16,drop,"(O)535",2
62005,2,16,drop,"(O)684",3
62005,2,16,drop,"(O)770",1
62005,2,16,drop,"(O)80",4
62005,2,16,geode,"(O)330",1
62005,2,16,geode,"(O)378",5
62005,2,16,loose,"(O)80",4
62005,2,16,monster,"Duggy",1
62005,2,16,monster,"Grub",3
62005,2,16,node,"Copper node",1
62005,2,16,stone,"",92
62005,2,17,container,"",1
62005,2,17,drop,"(O)273",1
62005,2,17,drop,"(O)286",1
62005,2,17,drop,"(O)378",9
62005,2,17,drop,"(O)382",5
62005,2,17,drop,"(O)390",68
62005,2,17,drop,"(O)535",1
62005,2,17,drop,"(O)66",1
62005,2,17,drop,"(O)684",4
62005,2,17,drop,"(O)766",1
62005,2,17,drop,"(O)92",2
62005,2,17,drop,"(O)93",4
62005,2,17,geode,"(O)548",1
62005,2,17,loose,"(O)93",4
62005,2,17,monster,"Bug",2
62005,2,17,monster,"Duggy",1
62005,2,17,monster,"Green Slime",1
62005,2,17,monster,"Grub",4
62005,2,17,monster,"Rock Crab",1
62005,2,17,node,"Amethyst node",1
62005,2,17,node,"Copper node",2
62005,2,17,stone,"",105
62005,2,18,drop,"(O)286",1
62005,2,18,drop,"(O)378",18
62005,2,18,drop,"(O)382",6
62005,2,18,drop,"(O)390",70
62005,2,18,drop,"(O)535",1
62005,2,18,drop,"(O)684",4
62005,2,18,drop,"(O)80",1
62005,2,18,drop,"(O)86",1
62005,2,18,geode,"(O)556",1
62005,2,18,loose,"(O)80",1
62005,2,18,loose,"(O)86",1
62005,2,18,monster,"Bug",2
62005,2,18,monster,"Fly",1
62005,2,18,monster,"Green Slime",1
62005,2,18,monster,"Grub",2
62005,2,18,monster,"Rock Crab",1
62005,2,18,node,"Copper node",5
62005,2,18,stone,"",118
62005,2,19,container,"",3
62005,2,19,drop,"(O)378",17
62005,2,19,drop,"(O)382",9
62005,2,19,drop,"(O)390",78
62005,2,19,drop,"(O)535",3
62005,2,19,drop,"(O)66",3
62005,2,19,drop,"(O)684",3
62005,2,19,drop,"(O)766",2
62005,2,19,drop,"(O)86",1
62005,2,19,geode,"(O)390",1
62005,2,19,geode,"(O)552",1
62005,2,19,geode,"(O)555",1
62005,2,19,loose,"(O)86",1
62005,2,19,monster,"Green Slime",3
62005,2,19,monster,"Grub",4
62005,2,19,node,"Amethyst node",2
62005,2,19,node,"Copper node",6
62005,2,19,stone,"",138
62005,2,21,drop,"(O)378",6
62005,2,21,drop,"(O)382",1
62005,2,21,drop,"(O)390",6
62005,2,21,drop,"(O)80",1
62005,2,21,drop,"(O)93",1
62005,2,21,loose,"(O)80",1
62005,2,21,loose,"(O)93",1
62005,2,21,node,"Copper node",2
62005,2,21,stone,"",14
62005,2,22,container,"",3
62005,2,22,drop,"(O)153",1
62005,2,22,drop,"(O)378",8
62005,2,22,drop,"(O)390",29
62005,2,22,drop,"(O)535",1
62005,2,22,drop,"(O)66",2
62005,2,22,drop,"(O)684",1
62005,2,22,drop,"(O)766",2
62005,2,22,drop,"(O)770",1
62005,2,22,drop,"(O)86",1
62005,2,22,drop,"(O)93",3
62005,2,22,geode,"(O)557",1
62005,2,22,loose,"(O)86",1
62005,2,22,loose,"(O)93",3
62005,2,22,monster,"Green Slime",2
62005,2,22,monster,"Grub",1
62005,2,22,node,"Copper node",3
62005,2,22,stone,"",59
62005,2,23,drop,"(O)286",1
62005,2,23,drop,"(O)378",3
62005,2,23,drop,"(O)380",1
62005,2,23,drop,"(O)382",5
62005,2,23,drop,"(O)390",38
62005,2,23,drop,"(O)66",1
62005,2,23,drop,"(O)684",3
62005,2,23,monster,"Bug",1
62005,2,23,monster,"Duggy",1
62005,2,23,monster,"Grub",4
62005,2,23,node,"Amethyst node",1
62005,2,23,node,"Copper node",1
62005,2,23,stone,"",70
62005,2,24,drop,"(O)378",12
62005,2,24,drop,"(O)382",3
62005,2,24,drop,"(O)390",49
62005,2,24,drop,"(O)420",1
62005,2,24,drop,"(O)535",1
62005,2,24,drop,"(O)68",1
62005,2,24,drop,"(O)684",4
62005,2,24,drop,"(O)766",1
62005,2,24,drop,"(O)80",1
62005,2,24,drop,"(O)86",1
62005,2,24,drop,"(O)92",1
62005,2,24,geode,"(O)552",1
62005,2,24,loose,"(O)420",1
62005,2,24,loose,"(O)80",1
62005,2,24,loose,"(O)86",1
62005,2,24,monster,"Bug",3
62005,2,24,monster,"Fly",1
62005,2,24,monster,"Green Slime",1
62005,2,24,node,"Copper node",4
62005,2,24,node,"Gem node (mixed)",1
62005,2,24,stone,"",89
62005,2,25,drop,"(O)286",1
62005,2,25,drop,"(O)378",2
62005,2,25,drop,"(O)382",4
62005,2,25,drop,"(O)390",40
62005,2,25,drop,"(O)535",1
62005,2,25,drop,"(O)684",1
62005,2,25,drop,"(O)766",2
62005,2,25,drop,"(O)92",1
62005,2,25,geode,"(O)548",1
62005,2,25,monster,"Bug",1
62005,2,25,monster,"Green Slime",1
62005,2,25,monster,"Rock Crab",1
62005,2,25,stone,"",65
62005,2,26,container,"",2
62005,2,26,drop,"(O)378",5
62005,2,26,drop,"(O)382",5
62005,2,26,drop,"(O)390",50
62005,2,26,drop,"(O)535",2
62005,2,26,drop,"(O)68",1
62005,2,26,drop,"(O)749",1
62005,2,26,drop,"(O)766",1
62005,2,26,geode,"(O)330",1
62005,2,26,geode,"(O)378",3
62005,2,26,geode,"(O)571",1
62005,2,26,monster,"Green Slime",2
62005,2,26,node,"Copper node",2
62005,2,26,node,"Topaz node",1
62005,2,26,stone,"",91
62005,2,27,container,"",3
62005,2,27,drop,"(O)378",9
62005,2,27,drop,"(O)382",1
62005,2,27,drop,"(O)388",2
62005,2,27,drop,"(O)390",55
62005,2,27,drop,"(O)535",1
62005,2,27,drop,"(O)717",1
62005,2,27,geode,"(O)576",1
62005,2,27,monster,"Duggy",1
62005,2,27,monster,"Rock Crab",1
62005,2,27,node,"Copper node",3
62005,2,27,stone,"",87
62005,2,28,drop,"(O)153",2
62005,2,28,drop,"(O)766",16
62005,2,28,drop,"(O)92",4
62005,2,28,monster,"Big Slime",2
62005,2,28,monster,"Green Slime",14
62005,2,29,container,"",1
62005,2,29,drop,"(O)153",1
62005,2,29,drop,"(O)157",1
62005,2,29,drop,"(O)273",1
62005,2,29,drop,"(O)378",9
62005,2,29,drop,"(O)382",5
62005,2,29,drop,"(O)388",2
62005,2,29,drop,"(O)390",32
62005,2,29,drop,"(O)684",5
62005,2,29,drop,"(O)766",1
62005,2,29,drop,"(O)93",4
62005,2,29,loose,"(O)93",4
62005,2,29,monster,"Bug",1
62005,2,29,monster,"Duggy",2
62005,2,29,monster,"Green Slime",1
62005,2,29,monster,"Grub",9
62005,2,29,monster,"Rock Crab",1
62005,2,29,node,"Copper node",5
62005,2,29,stone,"",56
62005,2,31,drop,"(O)378",16
62005,2,31,drop,"(O)382",3
62005,2,31,drop,"(O)390",41
62005,2,31,drop,"(O)535",2
62005,2,31,drop,"(O)767",1
62005,2,31,drop,"(O)80",2
62005,2,31,drop,"(O)93",1
62005,2,31,geode,"(O)555",1
62005,2,31,geode,"(O)574",1
62005,2,31,loose,"(O)93",1
62005,2,31,monster,"Bat",1
62005,2,31,monster,"Stone Golem",4
62005,2,31,node,"Copper node",6
62005,2,31,stone,"",71
62005,2,32,drop,"(O)378",1
62005,2,32,drop,"(O)382",3
62005,2,32,drop,"(O)390",19
62005,2,32,drop,"(O)684",1
62005,2,32,drop,"(O)767",2
62005,2,32,drop,"(O)93",1
62005,2,32,loose,"(O)93",1
62005,2,32,monster,"Bat",1
62005,2,32,monster,"Bug",2
62005,2,32,monster,"Stone Golem",2
62005,2,32,node,"Copper node",1
62005,2,32,stone,"",37
62005,2,33,drop,"(O)378",5
62005,2,33,drop,"(O)382",1
62005,2,33,drop,"(O)390",19
62005,2,33,drop,"(O)535",1
62005,2,33,drop,"(O)80",1
62005,2,33,drop,"(O)96",1
62005,2,33,geode,"(O)378",5
62005,2,33,monster,"Stone Golem",4
62005,2,33,node,"Copper node",2
62005,2,33,stone,"",24
62005,2,34,drop,"(O)378",9
62005,2,34,drop,"(O)382",4
62005,2,34,drop,"(O)390",41
62005,2,34,drop,"(O)66",1
62005,2,34,drop,"(O)86",1
62005,2,34,loose,"(O)86",1
62005,2,34,monster,"Stone Golem",1
62005,2,34,node,"Amethyst node",1
62005,2,34,node,"Copper node",4
62005,2,34,stone,"",70
62005,2,35,drop,"(O)382",2
62005,2,35,drop,"(O)390",14
62005,2,35,drop,"(O)535",1
62005,2,35,geode,"(O)86",1
62005,2,35,stone,"",19
62005,2,36,drop,"(O)378",5
62005,2,36,drop,"(O)382",1
62005,2,36,drop,"(O)390",32
62005,2,36,drop,"(O)535",2
62005,2,36,drop,"(O)684",4
62005,2,36,drop,"(O)767",2
62005,2,36,drop,"(O)80",1
62005,2,36,drop,"(O)86",1
62005,2,36,geode,"(O)549",1
62005,2,36,geode,"(O)86",1
62005,2,36,loose,"(O)86",1
62005,2,36,monster,"Bat",1
62005,2,36,monster,"Bug",4
62005,2,36,monster,"Stone Golem",2
62005,2,36,node,"Copper node",1
62005,2,36,stone,"",66
62005,2,37,drop,"(O)378",9
62005,2,37,drop,"(O)382",5
62005,2,37,drop,"(O)390",24
62005,2,37,drop,"(O)535",1
62005,2,37,drop,"(O)767",1
62005,2,37,drop,"(O)80",1
62005,2,37,drop,"(O)93",1
62005,2,37,geode,"(O)378",1
62005,2,37,loose,"(O)80",1
62005,2,37,loose,"(O)93",1
62005,2,37,monster,"Bat",3
62005,2,37,monster,"Stone Golem",2
62005,2,37,node,"Copper node",3
62005,2,37,stone,"",46
62005,2,38,container,"",1
62005,2,38,drop,"(O)157",1
62005,2,38,drop,"(O)378",15
62005,2,38,drop,"(O)382",4
62005,2,38,drop,"(O)390",57
62005,2,38,drop,"(O)535",1
62005,2,38,drop,"(O)684",2
62005,2,38,drop,"(O)749",1
62005,2,38,geode,"(O)378",3
62005,2,38,geode,"(O)380",1
62005,2,38,monster,"Bug",2
62005,2,38,node,"Copper node",8
62005,2,38,stone,"",103
62005,2,39,drop,"(O)378",6
62005,2,39,drop,"(O)382",2
62005,2,39,drop,"(O)390",28
62005,2,39,drop,"(O)535",1
62005,2,39,drop,"(O)80",1
62005,2,39,geode,"(O)555",1
62005,2,39,loose,"(O)80",1
62005,2,39,monster,"Stone Golem",1
62005,2,39,node,"Copper node",1
62005,2,39,stone,"",58
62005,3,1,drop,"(O)378",2
62005,3,1,drop,"(O)382",2
62005,3,1,drop,"(O)390",20
62005,3,1,drop,"(O)535",2
62005,3,1,geode,"(O)378",1
62005,3,1,geode,"(O)390",5
62005,3,1,stone,"",33
62005,3,2,drop,"(O)286",1
62005,3,2,drop,"(O)378",3
62005,3,2,drop,"(O)382",4
62005,3,2,drop,"(O)390",27
62005,3,2,drop,"(O)717",1
62005,3,2,drop,"(O)766",3
62005,3,2,drop,"(O)80",1
62005,3,2,loose,"(O)80",1
62005,3,2,monster,"Green Slime",3
62005,3,2,monster,"Rock Crab",1
62005,3,2,stone,"",46
62005,3,3,drop,"(O)153",1
62005,3,3,drop,"(O)378",16
62005,3,3,drop,"(O)382",5
62005,3,3,drop,"(O)390",34
62005,3,3,drop,"(O)535",1
62005,3,3,drop,"(O)684",1
62005,3,3,drop,"(O)766",3
62005,3,3,drop,"(O)86",1
62005,3,3,geode,"(O)558",1
62005,3,3,loose,"(O)86",1
62005,3,3,monster,"Bug",1
62005,3,3,monster,"Green Slime",3
62005,3,3,monster,"Rock Crab",2
62005,3,3,node,"Copper node",5
62005,3,3,stone,"",68
62005,3,4,drop,"(O)286",1
62005,3,4,drop,"(O)378",9
62005,3,4,drop,"(O)382",3
62005,3,4,drop,"(O)390",30
62005,3,4,drop,"(O)535",1
62005,3,4,drop,"(O)66",1
62005,3,4,drop,"(O)684",1
62005,3,4,drop,"(O)766",6
62005,3,4,drop,"(O)92",2
62005,3,4,geode,"(O)390",3
62005,3,4,monster,"Bug",1
62005,3,4,monster,"Green Slime",9
62005,3,4,monster,"Rock Crab",1
62005,3,4,node,"Copper node",4
62005,3,4,stone,"",59
62005,3,5,drop,"(O)378",2
62005,3,5,drop,"(O)382",3
62005,3,5,drop,"(O)390",20
62005,3,5,drop,"(O)64",1
62005,3,5,node,"Gem node (mixed)",1
62005,3,5,stone,"",35
62005,3,6,drop,"(O)378",10
62005,3,6,drop,"(O)382",5
62005,3,6,drop,"(O)390",22
62005,3,6,drop,"(O)684",1
62005,3,6,drop,"(O)80",1
62005,3,6,loose,"(O)80",1
62005,3,6,monster,"Bug",1
62005,3,6,node,"Copper node",4
62005,3,6,stone,"",42
62005,3,7,container,"",2
62005,3,7,drop,"(O)286",1
62005,3,7,drop,"(O)378",11
62005,3,7,drop,"(O)382",7
62005,3,7,drop,"(O)390",25
62005,3,7,drop,"(O)535",1
62005,3,7,drop,"(O)717",1
62005,3,7,drop,"(O)766",1
62005,3,7,drop,"(O)80",1
62005,3,7,drop,"(O)CarrotSeeds",2
62005,3,7,geode,"(O)382",3
62005,3,7,loose,"(O)80",1
62005,3,7,monster,"Green Slime",1
62005,3,7,monster,"Rock Crab",1
62005,3,7,node,"Copper node",2
62005,3,7,stone,"",52
62005,3,8,drop,"(O)153",1
62005,3,8,drop,"(O)378",11
62005,3,8,drop,"(O)382",5
62005,3,8,drop,"(O)390",58
62005,3,8,drop,"(O)766",4
62005,3,8,drop,"(O)86",1
62005,3,8,drop,"(O)92",2
62005,3,8,loose,"(O)86",1
62005,3,8,monster,"Green Slime",5
62005,3,8,node,"Copper node",4
62005,3,8,stone,"",94
62005,3,9,container,"",3
62005,3,9,drop,"(O)286",1
62005,3,9,drop,"(O)378",11
62005,3,9,drop,"(O)382",12
62005,3,9,drop,"(O)388",1
62005,3,9,drop,"(O)390",69
62005,3,9,drop,"(O)535",6
62005,3,9,drop,"(O)684",1
62005,3,9,drop,"(O)770",1
62005,3,9,drop,"(O)80",1
62005,3,9,geode,"(O)330",1
62005,3,9,geode,"(O)378",1
62005,3,9,geode,"(O)390",5
62005,3,9,geode,"(O)555",1
62005,3,9,geode,"(O)569",1
62005,3,9,geode,"(O)571",1
62005,3,9,loose,"(O)80",1
62005,3,9,monster,"Bug",1
62005,3,9,monster,"Green Slime",1
62005,3,9,monster,"Rock Crab",1
62005,3,9,node,"Copper node",2
62005,3,9,stone,"",108
62005,3,11,drop,"(O)153",2
62005,3,11,drop,"(O)766",3
62005,3,11,monster,"Duggy",3
62005,3,11,monster,"Green Slime",5
62005,3,12,drop,"(O)382",1
62005,3,12,drop,"(O)390",9
62005,3,12,drop,"(O)766",2
62005,3,12,monster,"Bug",1
62005,3,12,monster,"Green Slime",2
62005,3,12,stone,"",11
62005,3,13,drop,"(O)286",1
62005,3,13,drop,"(O)378",7
62005,3,13,drop,"(O)382",2
62005,3,13,drop,"(O)390",10
62005,3,13,drop,"(O)535",2
62005,3,13,drop,"(O)66",1
62005,3,13,drop,"(O)766",2
62005,3,13,drop,"(O)93",1
62005,3,13,geode,"(O)390",3
62005,3,13,geode,"(O)568",1
62005,3,13,loose,"(O)93",1
62005,3,13,monster,"Duggy",3
62005,3,13,monster,"Green Slime",2
62005,3,13,node,"Amethyst node",1
62005,3,13,node,"Copper node",2
62005,3,13,stone,"",29
62005,3,14,container,"",1
62005,3,14,drop,"(O)378",13
62005,3,14,drop,"(O)382",6
62005,3,14,drop,"(O)390",61
62005,3,14,drop,"(O)535",3
62005,3,14,drop,"(O)766",2
62005,3,14,drop,"(O)92",1
62005,3,14,geode,"(O)542",2
62005,3,14,geode,"(O)576",1
62005,3,14,monster,"Green Slime",3
62005,3,14,monster,"Rock Crab",2
62005,3,14,node,"Copper node",2
62005,3,14,stone,"",101
62005,3,15,drop,"(O)382",3
62005,3,15,drop,"(O)390",18
62005,3,15,drop,"(O)535",2
62005,3,15,drop,"(O)684",2
62005,3,15,drop,"(O)766",1
62005,3,15,geode,"(O)552",1
62005,3,15,geode,"(O)566",1
62005,3,15,monster,"Bug",2
62005,3,15,monster,"Duggy",1
62005,3,15,monster,"Green Slime",1
62005,3,15,stone,"",37
62005,3,16,drop,"(O)273",1
62005,3,16,drop,"(O)378",20
62005,3,16,drop,"(O)382",3
62005,3,16,drop,"(O)390",61
62005,3,16,drop,"(O)535",3
62005,3,16,drop,"(O)684",3
62005,3,16,drop,"(O)766",2
62005,3,16,drop,"(O)93",2
62005,3,16,geode,"(O)121",1
62005,3,16,geode,"(O)378",3
62005,3,16,geode,"(O)552",1
62005,3,16,loose,"(O)93",2
62005,3,16,monster,"Bug",2
62005,3,16,monster,"Fly",1
62005,3,16,monster,"Green Slime",2
62005,3,16,monster,"Grub",2
62005,3,16,node,"Copper node",7
62005,3,16,stone,"",100
62005,3,17,container,"",1
62005,3,17,drop,"(O)286",1
62005,3,17,drop,"(O)378",11
62005,3,17,drop,"(O)382",8
62005,3,17,drop,"(O)390",49
62005,3,17,drop,"(O)535",1
62005,3,17,drop,"(O)66",1
62005,3,17,geode,"(O)378",1
62005,3,17,monster,"Rock Crab",1
62005,3,17,node,"Amethyst node",1
62005,3,17,node,"Copper node",2
62005,3,17,stone,"",78
62005,3,18,container,"",2
62005,3,18,drop,"(O)378",28
62005,3,18,drop,"(O)382",8
62005,3,18,drop,"(O)390",74
62005,3,18,drop,"(O)535",3
62005,3,18,drop,"(O)684",3
62005,3,18,drop,"(O)709",1
62005,3,18,drop,"(O)766",1
62005,3,18,drop,"(O)80",1
62005,3,18,geode,"(O)390",5
62005,3,18,geode,"(O)557",1
62005,3,18,geode,"(O)566",1
62005,3,18,loose,"(O)80",1
62005,3,18,monster,"Bug",4
62005,3,18,monster,"Green Slime",1
62005,3,18,node,"Copper node",10
62005,3,18,stone,"",141
62005,3,19,drop,"(O)273",1
62005,3,19,drop,"(O)378",12
62005,3,19,drop,"(O)382",5
62005,3,19,drop,"(O)390",49
62005,3,19,drop,"(O)535",1
62005,3,19,drop,"(O)684",4
62005,3,19,drop,"(O)766",1
62005,3,19,drop,"(O)80",1
62005,3,19,drop,"(O)86",1
62005,3,19,geode,"(O)576",1
62005,3,19,loose,"(O)80",1
62005,3,19,loose,"(O)86",1
62005,3,19,monster,"Bug",3
62005,3,19,monster,"Green Slime",1
62005,3,19,monster,"Grub",4
62005,3,19,node,"Copper node",4
62005,3,19,stone,"",90
62005,3,21,container,"",1
62005,3,21,drop,"(O)378",9
62005,3,21,drop,"(O)382",2
62005,3,21,drop,"(O)388",1
62005,3,21,drop,"(O)390",29
62005,3,21,drop,"(O)535",2
62005,3,21,drop,"(O)80",2
62005,3,21,drop,"(O)86",1
62005,3,21,geode,"(O)390",1
62005,3,21,geode,"(O)552",1
62005,3,21,loose,"(O)80",2
62005,3,21,monster,"Duggy",2
62005,3,21,node,"Copper node",2
62005,3,21,stone,"",49
62005,3,22,drop,"(O)378",6
62005,3,22,drop,"(O)382",2
62005,3,22,drop,"(O)390",32
62005,3,22,drop,"(O)420",1
62005,3,22,drop,"(O)535",1
62005,3,22,drop,"(O)80",1
62005,3,22,drop,"(O)86",1
62005,3,22,geode,"(O)378",1
62005,3,22,loose,"(O)420",1
62005,3,22,loose,"(O)80",1
62005,3,22,loose,"(O)86",1
62005,3,22,monster,"Grub",1
62005,3,22,node,"Copper node",2
62005,3,22,stone,"",57
62005,3,23,container,"",3
62005,3,23,drop,"(O)157",1
62005,3,23,drop,"(O)286",1
62005,3,23,drop,"(O)378",11
62005,3,23,drop,"(O)380",1
62005,3,23,drop,"(O)382",12
62005,3,23,drop,"(O)390",58
62005,3,23,drop,"(O)535",2
62005,3,23,drop,"(O)684",5
62005,3,23,drop,"(O)766",1
62005,3,23,drop,"(O)770",1
62005,3,23,geode,"(O)548",1
62005,3,23,geode,"(O)576",1
62005,3,23,monster,"Bug",1
62005,3,23,monster,"Duggy",3
62005,3,23,monster,"Green Slime",1
62005,3,23,monster,"Grub",8
62005,3,23,node,"Copper node",3
62005,3,23,stone,"",94
62005,3,24,container,"",2
62005,3,24,drop,"(O)378",16
62005,3,24,drop,"(O)382",8
62005,3,24,drop,"(O)390",64
62005,3,24,drop,"(O)535",2
62005,3,24,drop,"(O)66",1
62005,3,24,drop,"(O)68",1
62005,3,24,drop,"(O)684",5
62005,3,24,drop,"(O)749",1
62005,3,24,drop,"(O)766",1
62005,3,24,geode,"(O)378",10
62005,3,24,geode,"(O)382",1
62005,3,24,geode,"(O)538",1
62005,3,24,monster,"Bug",2
62005,3,24,monster,"Green Slime",1
62005,3,24,monster,"Grub",11
62005,3,24,monster,"Rock Crab",1
62005,3,24,node,"Copper node",8
62005,3,24,node,"Topaz node",1
62005,3,24,stone,"",110
62005,3,25,drop,"(O)157",1
62005,3,25,drop,"(O)378",2
62005,3,25,drop,"(O)382",2
62005,3,25,drop,"(O)390",33
62005,3,25,drop,"(O)684",1
62005,3,25,drop,"(O)749",1
62005,3,25,drop,"(O)766",1
62005,3,25,drop,"(S)1139",1
62005,3,25,geode,"(O)384",3
62005,3,25,monster,"Bug",2
62005,3,25,monster,"Green Slime",1
62005,3,25,stone,"",59
62005,3,26,drop,"(O)273",1
62005,3,26,drop,"(O)378",4
62005,3,26,drop,"(O)382",3
62005,3,26,drop,"(O)390",34
62005,3,26,drop,"(O)68",1
62005,3,26,drop,"(O)684",6
62005,3,26,drop,"(O)766",1
62005,3,26,drop,"(O)86",1
62005,3,26,monster,"Duggy",1
62005,3,26,monster,"Green Slime",1
62005,3,26,monster,"Grub",9
62005,3,26,node,"Copper node",1
62005,3,26,node,"Topaz node",1
62005,3,26,stone,"",65
62005,3,27,container,"",2
62005,3,27,drop,"(O)153",1
62005,3,27,drop,"(O)273",1
62005,3,27,drop,"(O)378",5
62005,3,27,drop,"(O)382",3
62005,3,27,drop,"(O)390",47
62005,3,27,drop,"(O)535",5
62005,3,27,drop,"(O)66",1
62005,3,27,drop,"(O)684",1
62005,3,27,drop,"(O)766",1
62005,3,27,drop,"(O)Book_Void",1
62005,3,27,geode,"(O)390",3
62005,3,27,geode,"(O)552",1
62005,3,27,geode,"(O)558",1
62005,3,27,geode,"(O)571",1
62005,3,27,geode,"(O)86",1
62005,3,27,monster,"Bug",1
62005,3,27,monster,"Green Slime",2
62005,3,27,monster,"Grub",2
62005,3,27,node,"Copper node",1
62005,3,27,stone,"",86
62005,3,28,drop,"(O)157",1
62005,3,28,drop,"(O)378",17
62005,3,28,drop,"(O)382",4
62005,3,28,drop,"(O)390",75
62005,3,28,drop,"(O)535",3
62005,3,28,drop,"(O)684",2
62005,3,28,drop,"(O)766",1
62005,3,28,drop,"(O)86",1
62005,3,28,geode,"(O)569",1
62005,3,28,geode,"(O)86",2
62005,3,28,loose,"(O)86",1
62005,3,28,monster,"Green Slime",1
62005,3,28,monster,"Grub",3
62005,3,28,monster,"Rock Crab",1
62005,3,28,node,"Copper node",3
62005,3,28,stone,"",142
62005,3,29,drop,"(O)378",6
62005,3,29,drop,"(O)382",6
62005,3,29,drop,"(O)390",55
62005,3,29,drop,"(O)535",3
62005,3,29,drop,"(O)684",2
62005,3,29,drop,"(O)766",3
62005,3,29,drop,"(O)86",1
62005,3,29,drop,"(O)92",1
62005,3,29,geode,"(O)382",5
62005,3,29,geode,"(O)538",1
62005,3,29,geode,"(O)86",1
62005,3,29,loose,"(O)86",1
62005,3,29,monster,"Duggy",1
62005,3,29,monster,"Green Slime",2
62005,3,29,monster,"Grub",2
62005,3,29,monster,"Rock Crab",2
62005,3,29,node,"Copper node",1
62005,3,29,stone,"",90
62005,3,31,drop,"(O)378",6
62005,3,31,drop,"(O)382",3
62005,3,31,drop,"(O)390",42
62005,3,31,drop,"(O)535",1
62005,3,31,drop,"(O)684",3
62005,3,31,drop,"(O)93",2
62005,3,31,geode,"(O)556",1
62005,3,31,loose,"(O)93",2
62005,3,31,monster,"Bug",3
62005,3,31,monster,"Stone Golem",2
62005,3,31,node,"Copper node",1
62005,3,31,stone,"",67
62005,3,32,drop,"(O)378",7
62005,3,32,drop,"(O)382",3
62005,3,32,drop,"(O)390",26
62005,3,32,drop,"(O)684",2
62005,3,32,drop,"(O)80",1
62005,3,32,loose,"(O)80",1
62005,3,32,monster,"Bug",2
62005,3,32,monster,"Stone Golem",3
62005,3,32,node,"Copper node",3
62005,3,32,stone,"",36
62005,3,33,drop,"(O)378",10
62005,3,33,drop,"(O)382",8
62005,3,33,drop,"(O)390",17
62005,3,33,drop,"(O)80",4
62005,3,33,drop,"(O)93",1
62005,3,33,loose,"(O)80",3
62005,3,33,loose,"(O)93",1
62005,3,33,monster,"Stone Golem",1
62005,3,33,node,"Copper node",3
62005,3,33,stone,"",35
62005,3,34,drop,"(O)378",2
62005,3,34,drop,"(O)382",2
62005,3,34,drop,"(O)390",15
62005,3,34,drop,"(O)68",1
62005,3,34,drop,"(O)684",1
62005,3,34,drop,"(O)86",1
62005,3,34,drop,"(S)1286",1
62005,3,34,loose,"(O)86",1
62005,3,34,monster,"Bug",2
62005,3,34,monster,"Stone Golem",2
62005,3,34,node,"Topaz node",1
62005,3,34,stone,"",25
62005,3,35,drop,"(O)378",2
62005,3,35,drop,"(O)382",2
62005,3,35,drop,"(O)390",23
62005,3,35,stone,"",32
62005,3,36,container,"",3
62005,3,36,drop,"(O)378",10
62005,3,36,drop,"(O)380",2
62005,3,36,drop,"(O)382",8
62005,3,36,drop,"(O)390",30
62005,3,36,drop,"(O)684",2
62005,3,36,drop,"(O)80",2
62005,3,36,loose,"(O)80",1
62005,3,36,monster,"Bug",3
62005,3,36,monster,"Stone Golem",5
62005,3,36,node,"Copper node",3
62005,3,36,stone,"",63
62005,3,37,container,"",1
62005,3,37,drop,"(O)378",16
62005,3,37,drop,"(O)380",1
62005,3,37,drop,"(O)382",9
62005,3,37,drop,"(O)390",43
62005,3,37,drop,"(O)709",1
62005,3,37,drop,"(O)767",1
62005,3,37,drop,"(O)86",1
62005,3,37,drop,"(O)93",2
62005,3,37,loose,"(O)86",1
62005,3,37,loose,"(O)93",2
62005,3,37,monster,"Bat",1
62005,3,37,monster,"Bug",2
62005,3,37,monster,"Stone Golem",2
62005,3,37,node,"Copper node",7
62005,3,37,stone,"",75
62005,3,38,drop,"(O)378",9
62005,3,38,drop,"(O)380",1
62005,3,38,drop,"(O)382",2
62005,3,38,drop,"(O)390",27
62005,3,38,drop,"(O)535",2
62005,3,38,drop,"(O)749",1
62005,3,38,drop,"(O)93",4
62005,3,38,geode,"(O)390",5
62005,3,38,geode,"(O)558",1
62005,3,38,geode,"(O)574",1
62005,3,38,loose,"(O)93",4
62005,3,38,monster,"Bug",1
62005,3,38,monster,"Stone Golem",3
62005,3,38,node,"Copper node",2
62005,3,38,stone,"",50
62005,3,39,drop,"(O)378",3
62005,3,39,drop,"(O)382",3
62005,3,39,drop,"(O)390",22
62005,3,39,drop,"(O)535",2
62005,3,39,drop,"(O)749",1
62005,3,39,drop,"(O)86",1
62005,3,39,geode,"(O)571",1
62005,3,39,geode,"(O)82",1
62005,3,39,geode,"(O)86",1
62005,3,39,loose,"(O)86",1
62005,3,39,monster,"Stone Golem",1
62005,3,39,node,"Copper node",2
62005,3,39,stone,"",35
62005,4,1,drop,"(O)390",8
62005,4,1,stone,"",12
62005,4,2,container,"",1
62005,4,2,drop,"(O)153",1
62005,4,2,drop,"(O)378",8
62005,4,2,drop,"(O)382",7
62005,4,2,drop,"(O)390",45
62005,4,2,drop,"(O)535",1
62005,4,2,drop,"(O)684",2
62005,4,2,drop,"(O)766",2
62005,4,2,geode,"(O)390",1
62005,4,2,monster,"Bug",2
62005,4,2,monster,"Green Slime",3
62005,4,2,monster,"Rock Crab",2
62005,4,2,node,"Copper node",4
62005,4,2,stone,"",71
62005,4,3,drop,"(O)378",2
62005,4,3,drop,"(O)382",2
62005,4,3,drop,"(O)390",35
62005,4,3,drop,"(O)535",2
62005,4,3,geode,"(O)390",5
62005,4,3,geode,"(O)86",1
62005,4,3,stone,"",63
62005,4,4,drop,"(O)153",1
62005,4,4,drop,"(O)286",1
62005,4,4,drop,"(O)378",5
62005,4,4,drop,"(O)382",3
62005,4,4,drop,"(O)390",31
62005,4,4,drop,"(O)535",2
62005,4,4,drop,"(O)68",1
62005,4,4,drop,"(O)684",1
62005,4,4,drop,"(O)766",9
62005,4,4,drop,"(O)92",2
62005,4,4,geode,"(O)571",1
62005,4,4,geode,"(O)576",1
62005,4,4,monster,"Bug",1
62005,4,4,monster,"Green Slime",9
62005,4,4,monster,"Rock Crab",2
62005,4,4,node,"Copper node",1
62005,4,4,node,"Topaz node",1
62005,4,4,stone,"",50
62005,4,5,drop,"(O)378",5
62005,4,5,drop,"(O)382",7
62005,4,5,drop,"(O)390",44
62005,4,5,drop,"(O)535",1
62005,4,5,drop,"(O)66",1
62005,4,5,drop,"(O)684",3
62005,4,5,drop,"(O)766",3
62005,4,5,geode,"(O)538",1
62005,4,5,monster,"Bug",3
62005,4,5,monster,"Green Slime",3
62005,4,5,stone,"",72
62005,4,6,container,"",3
62005,4,6,drop,"(O)370",2
62005,4,6,drop,"(O)378",3
62005,4,6,drop,"(O)382",8
62005,4,6,drop,"(O)390",51
62005,4,6,drop,"(O)535",1
62005,4,6,drop,"(O)684",2
62005,4,6,drop,"(O)717",1
62005,4,6,drop,"(O)766",1
62005,4,6,drop,"(O)80",1
62005,4,6,drop,"(O)86",1
62005,4,6,geode,"(O)574",1
62005,4,6,loose,"(O)80",1
62005,4,6,loose,"(O)86",1
62005,4,6,monster,"Bug",2
62005,4,6,monster,"Green Slime",1
62005,4,6,monster,"Rock Crab",1
62005,4,6,stone,"",79
62005,4,7,drop,"(O)378",7
62005,4,7,drop,"(O)382",5
62005,4,7,drop,"(O)390",26
62005,4,7,drop,"(O)535",1
62005,4,7,drop,"(O)766",4
62005,4,7,drop,"(O)80",1
62005,4,7,drop,"(O)86",1
62005,4,7,drop,"(O)92",1
62005,4,7,geode,"(O)390",3
62005,4,7,loose,"(O)80",1
62005,4,7,loose,"(O)86",1
62005,4,7,monster,"Bug",1
62005,4,7,monster,"Green Slime",4
62005,4,7,node,"Copper node",2
62005,4,7,stone,"",68
62005,4,8,drop,"(O)378",4
62005,4,8,drop,"(O)382",8
62005,4,8,drop,"(O)390",29
62005,4,8,drop,"(O)535",1
62005,4,8,drop,"(O)684",1
62005,4,8,drop,"(O)766",1
62005,4,8,drop,"(O)80",2
62005,4,8,geode,"(O)552",1
62005,4,8,loose,"(O)80",2
62005,4,8,monster,"Bug",2
62005,4,8,monster,"Green Slime",2
62005,4,8,monster,"Rock Crab",2
62005,4,8,node,"Copper node",1
62005,4,8,stone,"",47
62005,4,9,container,"",2
62005,4,9,drop,"(O)153",1
62005,4,9,drop,"(O)286",2
62005,4,9,drop,"(O)378",7
62005,4,9,drop,"(O)382",4
62005,4,9,drop,"(O)390",34
62005,4,9,drop,"(O)535",1
62005,4,9,drop,"(O)684",1
62005,4,9,drop,"(O)766",5
62005,4,9,drop,"(O)86",1
62005,4,9,drop,"(O)92",1
62005,4,9,geode,"(O)569",1
62005,4,9,monster,"Bug",2
62005,4,9,monster,"Duggy",2
62005,4,9,monster,"Green Slime",8
62005,4,9,node,"Copper node",3
62005,4,9,stone,"",61
62005,4,11,drop,"(O)286",2
62005,4,11,drop,"(O)378",5
62005,4,11,drop,"(O)382",8
62005,4,11,drop,"(O)390",40
62005,4,11,drop,"(O)535",2
62005,4,11,drop,"(O)684",1
62005,4,11,geode,"(O)382",5
62005,4,11,geode,"(O)390",5
62005,4,11,monster,"Bug",1
62005,4,11,monster,"Duggy",4
62005,4,11,node,"Copper node",1
62005,4,11,stone,"",65
62005,4,12,container,"",3
62005,4,12,drop,"(O)378",5
62005,4,12,drop,"(O)382",2
62005,4,12,drop,"(O)390",21
62005,4,12,drop,"(O)78",2
62005,4,12,drop,"(O)80",1
62005,4,12,loose,"(O)80",1
62005,4,12,monster,"Bug",1
62005,4,12,monster,"Green Slime",1
62005,4,12,monster,"Rock Crab",1
62005,4,12,node,"Copper node",2
62005,4,12,stone,"",35
62005,4,13,drop,"(O)153",1
62005,4,13,drop,"(O)766",18
62005,4,13,drop,"(O)92",4
62005,4,13,drop,"(O)96",1
62005,4,13,monster,"Green Slime",20
62005,4,14,drop,"(O)378",6
62005,4,14,drop,"(O)382",4
62005,4,14,drop,"(O)390",54
62005,4,14,drop,"(O)535",2
62005,4,14,drop,"(O)684",4
62005,4,14,drop,"(O)766",1
62005,4,14,drop,"(O)93",7
62005,4,14,geode,"(O)548",1
62005,4,14,geode,"(O)558",1
62005,4,14,loose,"(O)93",7
62005,4,14,monster,"Bug",5
62005,4,14,monster,"Green Slime",1
62005,4,14,node,"Copper node",3
62005,4,14,stone,"",95
62005,4,15,drop,"(O)378",1
62005,4,15,drop,"(O)390",16
62005,4,15,drop,"(O)684",1
62005,4,15,monster,"Green Slime",1
62005,4,15,monster,"Grub",2
62005,4,15,stone,"",24
62005,4,16,drop,"(O)114",1
62005,4,16,drop,"(O)157",1
62005,4,16,drop,"(O)378",7
62005,4,16,drop,"(O)382",5
62005,4,16,drop,"(O)390",29
62005,4,16,drop,"(O)684",2
62005,4,16,drop,"(O)766",2
62005,4,16,drop,"(O)80",1
62005,4,16,drop,"(O)92",1
62005,4,16,loose,"(O)80",1
62005,4,16,monster,"Bug",1
62005,4,16,monster,"Green Slime",2
62005,4,16,monster,"Grub",6
62005,4,16,monster,"Rock Crab",1
62005,4,16,node,"Copper node",2
62005,4,16,stone,"",55
62005,4,17,container,"",1
62005,4,17,drop,"(O)378",21
62005,4,17,drop,"(O)382",7
62005,4,17,drop,"(O)390",62
62005,4,17,drop,"(O)535",4
62005,4,17,drop,"(O)684",5
62005,4,17,drop,"(O)766",1
62005,4,17,drop,"(O)770",1
62005,4,17,geode,"(O)378",8
62005,4,17,geode,"(O)382",11
62005,4,17,monster,"Bug",1
62005,4,17,monster,"Duggy",1
62005,4,17,monster,"Green Slime",1
62005,4,17,monster,"Grub",5
62005,4,17,node,"Copper node",7
62005,4,17,stone,"",120
62005,4,18,drop,"(O)273",1
62005,4,18,drop,"(O)378",10
62005,4,18,drop,"(O)382",4
62005,4,18,drop,"(O)390",44
62005,4,18,drop,"(O)684",3
62005,4,18,drop,"(O)80",1
62005,4,18,loose,"(O)80",1
62005,4,18,monster,"Bug",1
62005,4,18,monster,"Grub",5
62005,4,18,monster,"Rock Crab",1
62005,4,18,node,"Copper node",3
62005,4,18,stone,"",71
62005,4,19,drop,"(O)153",1
62005,4,19,drop,"(O)378",11
62005,4,19,drop,"(O)382",12
62005,4,19,drop,"(O)390",56
62005,4,19,drop,"(O)535",4
62005,4,19,drop,"(O)684",2
62005,4,19,drop,"(O)766",2
62005,4,19,drop,"(O)80",1
62005,4,19,drop,"(O)92",1
62005,4,19,geode,"(O)330",1
62005,4,19,geode,"(O)382",3
62005,4,19,geode,"(O)390",3
62005,4,19,geode,"(O)557",1
62005,4,19,loose,"(O)80",1
62005,4,19,monster,"Green Slime",3
62005,4,19,monster,"Grub",2
62005,4,19,monster,"Rock Crab",2
62005,4,19,node,"Copper node",3
62005,4,19,stone,"",120
62005,4,21,drop,"(O)378",4
62005,4,21,drop,"(O)380",1
62005,4,21,drop,"(O)382",1
62005,4,21,drop,"(O)390",4
62005,4,21,drop,"(O)766",1
62005,4,21,drop,"(O)93",3
62005,4,21,loose,"(O)93",3
62005,4,21,monster,"Bug",1
62005,4,21,monster,"Green Slime",2
62005,4,21,node,"Copper node",2
62005,4,21,stone,"",12
62005,4,22,drop,"(O)378",7
62005,4,22,drop,"(O)380",2
62005,4,22,drop,"(O)382",4
62005,4,22,drop,"(O)390",29
62005,4,22,drop,"(O)749",1
62005,4,22,drop,"(O)80",1
62005,4,22,geode,"(O)543",1
62005,4,22,loose,"(O)80",1
62005,4,22,node,"Copper node",2
62005,4,22,stone,"",66
62005,4,23,container,"",3
62005,4,23,drop,"(O)153",1
62005,4,23,drop,"(O)378",1
62005,4,23,drop,"(O)382",8
62005,4,23,drop,"(O)390",52
62005,4,23,drop,"(O)535",2
62005,4,23,drop,"(O)66",1
62005,4,23,drop,"(O)709",1
62005,4,23,drop,"(O)766",1
62005,4,23,geode,"(O)330",1
62005,4,23,geode,"(O)576",1
62005,4,23,monster,"Bug",1
62005,4,23,monster,"Duggy",1
62005,4,23,monster,"Green Slime",2
62005,4,23,monster,"Rock Crab",1
62005,4,23,node,"Copper node",1
62005,4,23,stone,"",91
62005,4,24,drop,"(O)273",1
62005,4,24,drop,"(O)286",1
62005,4,24,drop,"(O)378",7
62005,4,24,drop,"(O)382",5
62005,4,24,drop,"(O)390",60
62005,4,24,drop,"(O)535",2
62005,4,24,drop,"(O)684",4
62005,4,24,drop,"(O)749",1
62005,4,24,geode,"(O)390",3
62005,4,24,geode,"(O)552",1
62005,4,24,geode,"(O)574",1
62005,4,24,monster,"Bug",2
62005,4,24,monster,"Grub",3
62005,4,24,monster,"Rock Crab",1
62005,4,24,node,"Copper node",3
62005,4,24,stone,"",108
62005,4,25,drop,"(O)378",2
62005,4,25,drop,"(O)382",5
62005,4,25,drop,"(O)390",34
62005,4,25,drop,"(O)535",1
62005,4,25,drop,"(O)749",1
62005,4,25,geode,"(O)378",1
62005,4,25,geode,"(O)542",1
62005,4,25,stone,"",46
62005,4,26,container,"",2
62005,4,26,drop,"(O)157",1
62005,4,26,drop,"(O)273",3
62005,4,26,drop,"(O)286",2
62005,4,26,drop,"(O)378",3
62005,4,26,drop,"(O)380",1
62005,4,26,drop,"(O)382",3
62005,4,26,drop,"(O)390",65
62005,4,26,drop,"(O)535",2
62005,4,26,drop,"(O)684",13
62005,4,26,drop,"(O)749",2
62005,4,26,drop,"(O)766",1
62005,4,26,drop,"(O)80",1
62005,4,26,geode,"(O)390",5
62005,4,26,geode,"(O)556",1
62005,4,26,geode,"(O)557",1
62005,4,26,geode,"(O)82",1
62005,4,26,loose,"(O)80",1
62005,4,26,monster,"Bug",1
62005,4,26,monster,"Green Slime",1
62005,4,26,monster,"Grub",15
62005,4,26,monster,"Rock Crab",3
62005,4,26,stone,"",100
62005,4,27,container,"",2
62005,4,27,drop,"(O)378",3
62005,4,27,drop,"(O)380",1
62005,4,27,drop,"(O)382",4
62005,4,27,drop,"(O)390",33
62005,4,27,drop,"(O)535",4
62005,4,27,drop,"(O)78",1
62005,4,27,geode,"(O)121",1
62005,4,27,geode,"(O)378",10
62005,4,27,geode,"(O)382",5
62005,4,27,geode,"(O)86",1
62005,4,27,stone,"",61
62005,4,28,drop,"(O)114",1
62005,4,28,drop,"(O)378",11
62005,4,28,drop,"(O)380",1
62005,4,28,drop,"(O)382",6
62005,4,28,drop,"(O)390",84
62005,4,28,drop,"(O)535",3
62005,4,28,drop,"(O)684",5
62005,4,28,drop,"(O)766",2
62005,4,28,drop,"(O)86",1
62005,4,28,geode,"(O)542",1
62005,4,28,geode,"(O)557",2
62005,4,28,loose,"(O)86",1
62005,4,28,monster,"Bug",1
62005,4,28,monster,"Green Slime",3
62005,4,28,monster,"Grub",9
62005,4,28,node,"Copper node",4
62005,4,28,stone,"",132
62005,4,29,drop,"(O)153",1
62005,4,29,drop,"(O)766",13
62005,4,29,drop,"(O)86",1
62005,4,29,drop,"(O)92",1
62005,4,29,loose,"(O)86",1
62005,4,29,monster,"Big Slime",1
62005,4,29,monster,"Green Slime",13
62005,4,31,drop,"(O)378",9
62005,4,31,drop,"(O)382",3
62005,4,31,drop,"(O)390",28
62005,4,31,drop,"(O)684",1
62005,4,31,drop,"(O)749",2
62005,4,31,geode,"(O)330",1
62005,4,31,geode,"(O)555",1
62005,4,31,monster,"Bug",1
62005,4,31,monster,"Stone Golem",2
62005,4,31,node,"Copper node",4
62005,4,31,stone,"",53
62005,4,32,drop,"(O)378",4
62005,4,32,drop,"(O)380",1
62005,4,32,drop,"(O)382",5
62005,4,32,drop,"(O)390",44
62005,4,32,drop,"(O)535",2
62005,4,32,geode,"(O)538",1
62005,4,32,geode,"(O)571",1
62005,4,32,node,"Copper node",2
62005,4,32,stone,"",65
62005,4,33,drop,"(O)378",5
62005,4,33,drop,"(O)382",3
62005,4,33,drop,"(O)390",24
62005,4,33,drop,"(O)684",1
62005,4,33,drop,"(O)80",1
62005,4,33,drop,"(O)93",2
62005,4,33,drop,"(O)SkillBook_2",1
62005,4,33,loose,"(O)80",1
62005,4,33,loose,"(O)93",2
62005,4,33,monster,"Bug",2
62005,4,33,monster,"Stone Golem",3
62005,4,33,node,"Copper node",2
62005,4,33,stone,"",41
62005,4,34,container,"",3
62005,4,34,drop,"(O)378",5
62005,4,34,drop,"(O)382",2
62005,4,34,drop,"(O)388",4
62005,4,34,drop,"(O)390",20
62005,4,34,drop,"(O)86",1
62005,4,34,loose,"(O)86",1
62005,4,34,node,"Copper node",1
62005,4,34,stone,"",34
62005,4,35,drop,"(O)378",1
62005,4,35,drop,"(O)382",2
62005,4,35,drop,"(O)390",16
62005,4,35,drop,"(O)535",1
62005,4,35,geode,"(O)378",20
62005,4,35,monster,"Stone Golem",2
62005,4,35,stone,"",22
62005,4,36,drop,"(O)378",14
62005,4,36,drop,"(O)382",4
62005,4,36,drop,"(O)390",43
62005,4,36,monster,"Stone Golem",3
62005,4,36,node,"Copper node",4
62005,4,36,stone,"",74
62005,4,37,container,"",3
62005,4,37,drop,"(O)378",5
62005,4,37,drop,"(O)382",5
62005,4,37,drop,"(O)390",36
62005,4,37,drop,"(O)684",1
62005,4,37,drop,"(O)86",1
62005,4,37,drop,"(O)93",5
62005,4,37,loose,"(O)86",1
62005,4,37,loose,"(O)93",5
62005,4,37,monster,"Bug",1
62005,4,37,monster,"Stone Golem",4
62005,4,37,node,"Copper node",4
62005,4,37,stone,"",51
62005,4,38,container,"",3
62005,4,38,drop,"(O)378",7
62005,4,38,drop,"(O)380",1
62005,4,38,drop,"(O)382",2
62005,4,38,drop,"(O)390",18
62005,4,38,drop,"(O)420",1
62005,4,38,drop,"(O)684",3
62005,4,38,drop,"(O)767",2
62005,4,38,drop,"(O)80",1
62005,4,38,drop,"(O)93",2
62005,4,38,loose,"(O)420",1
62005,4,38,loose,"(O)93",2
62005,4,38,monster,"Bat",2
62005,4,38,monster,"Bug",3
62005,4,38,monster,"Stone Golem",2
62005,4,38,node,"Copper node",4
62005,4,38,stone,"",38
62005,4,39,container,"",3
62005,4,39,drop,"(O)378",5
62005,4,39,drop,"(O)382",4
62005,4,39,drop,"(O)390",47
62005,4,39,drop,"(O)535",1
62005,4,39,drop,"(O)66",1
62005,4,39,drop,"(O)68",1
62005,4,39,drop,"(O)78",1
62005,4,39,drop,"(O)80",1
62005,4,39,geode,"(O)557",1
62005,4,39,loose,"(O)80",1
62005,4,39,monster,"Stone Golem",5
62005,4,39,node,"Topaz node",1
62005,4,39,stone,"",68
62005,5,1,drop,"(O)378",1
62005,5,1,drop,"(O)382",3
62005,5,1,drop,"(O)390",17
62005,5,1,stone,"",33
62005,5,2,drop,"(O)378",8
62005,5,2,drop,"(O)382",2
62005,5,2,drop,"(O)390",34
62005,5,2,drop,"(O)766",3
62005,5,2,drop,"(O)92",1
62005,5,2,monster,"Green Slime",3
62005,5,2,node,"Copper node",4
62005,5,2,stone,"",58
62005,5,3,drop,"(O)378",7
62005,5,3,drop,"(O)382",6
62005,5,3,drop,"(O)390",20
62005,5,3,drop,"(O)535",2
62005,5,3,drop,"(O)684",1
62005,5,3,drop,"(O)93",1
62005,5,3,drop,"(O)96",1
62005,5,3,geode,"(O)382",1
62005,5,3,geode,"(O)576",1
62005,5,3,loose,"(O)93",1
62005,5,3,monster,"Bug",1
62005,5,3,node,"Copper node",2
62005,5,3,stone,"",43
62005,5,4,drop,"(O)378",4
62005,5,4,drop,"(O)382",8
62005,5,4,drop,"(O)390",34
62005,5,4,drop,"(O)766",2
62005,5,4,drop,"(O)92",2
62005,5,4,monster,"Green Slime",3
62005,5,4,monster,"Rock Crab",1
62005,5,4,node,"Copper node",2
62005,5,4,stone,"",61
62005,5,5,drop,"(O)153",1
62005,5,5,drop,"(O)286",1
62005,5,5,drop,"(O)382",3
62005,5,5,drop,"(O)390",23
62005,5,5,drop,"(O)64",1
62005,5,5,drop,"(O)66",1
62005,5,5,drop,"(O)684",1
62005,5,5,drop,"(O)766",6
62005,5,5,drop,"(O)92",2
62005,5,5,monster,"Bug",2
62005,5,5,monster,"Green Slime",7
62005,5,5,monster,"Rock Crab",1
62005,5,5,node,"Gem node (mixed)",1
62005,5,5,stone,"",36
62005,5,6,container,"",2
62005,5,6,drop,"(O)286",1
62005,5,6,drop,"(O)378",3
62005,5,6,drop,"(O)382",2
62005,5,6,drop,"(O)390",25
62005,5,6,drop,"(O)535",3
62005,5,6,drop,"(O)766",1
62005,5,6,drop,"(O)93",3
62005,5,6,geode,"(O)330",1
62005,5,6,geode,"(O)378",1
62005,5,6,geode,"(O)558",1
62005,5,6,loose,"(O)93",3
62005,5,6,monster,"Green Slime",1
62005,5,6,monster,"Rock Crab",1
62005,5,6,node,"Copper node",2
62005,5,6,stone,"",44
62005,5,7,drop,"(F)1383",1
62005,5,7,drop,"(O)153",1
62005,5,7,drop,"(O)286",1
62005,5,7,drop,"(O)378",5
62005,5,7,drop,"(O)382",4
62005,5,7,drop,"(O)390",58
62005,5,7,drop,"(O)766",3
62005,5,7,drop,"(O)80",1
62005,5,7,drop,"(O)92",1
62005,5,7,loose,"(O)80",1
62005,5,7,monster,"Bug",1
62005,5,7,monster,"Green Slime",3
62005,5,7,monster,"Rock Crab",2
62005,5,7,stone,"",94
62005,5,8,container,"",3
62005,5,8,drop,"(O)153",1
62005,5,8,drop,"(O)378",2
62005,5,8,drop,"(O)382",1
62005,5,8,drop,"(O)390",24
62005,5,8,drop,"(O)535",2
62005,5,8,drop,"(O)766",4
62005,5,8,drop,"(O)92",2
62005,5,8,geode,"(O)542",1
62005,5,8,geode,"(O)556",1
62005,5,8,monster,"Bug",1
62005,5,8,monster,"Green Slime",4
62005,5,8,stone,"",35
62005,5,9,container,"",4
62005,5,9,drop,"(O)378",6
62005,5,9,drop,"(O)382",6
62005,5,9,drop,"(O)390",34
62005,5,9,drop,"(O)535",2
62005,5,9,drop,"(O)68",1
62005,5,9,drop,"(O)766",1
62005,5,9,geode,"(O)548",1
62005,5,9,geode,"(O)556",1
62005,5,9,monster,"Green Slime",1
62005,5,9,node,"Copper node",2
62005,5,9,stone,"",53
62005,5,11,drop,"(O)153",2
62005,5,11,drop,"(O)378",14
62005,5,11,drop,"(O)382",7
62005,5,11,drop,"(O)390",26
62005,5,11,drop,"(O)766",4
62005,5,11,drop,"(O)93",2
62005,5,11,loose,"(O)93",2
62005,5,11,monster,"Green Slime",4
62005,5,11,node,"Copper node",4
62005,5,11,stone,"",53
62005,5,12,drop,"(O)157",1
62005,5,12,drop,"(O)378",4
62005,5,12,drop,"(O)382",2
62005,5,12,drop,"(O)390",28
62005,5,12,drop,"(O)535",1
62005,5,12,drop,"(O)684",1
62005,5,12,geode,"(O)378",3
62005,5,12,monster,"Bug",1
62005,5,12,monster,"Green Slime",2
62005,5,12,stone,"",35
62005,5,13,drop,"(O)153",2
62005,5,13,drop,"(O)378",5
62005,5,13,drop,"(O)382",4
62005,5,13,drop,"(O)390",31
62005,5,13,drop,"(O)66",1
62005,5,13,drop,"(O)684",1
62005,5,13,drop,"(O)766",5
62005,5,13,drop,"(O)92",1
62005,5,13,monster,"Bug",3
62005,5,13,monster,"Duggy",1
62005,5,13,monster,"Green Slime",8
62005,5,13,node,"Copper node",2
62005,5,13,stone,"",51
62005,5,14,drop,"(O)378",22
62005,5,14,drop,"(O)382",7
62005,5,14,drop,"(O)390",55
62005,5,14,drop,"(O)535",1
62005,5,14,drop,"(O)684",3
62005,5,14,drop,"(O)766",3
62005,5,14,geode,"(O)557",1
62005,5,14,monster,"Bug",5
62005,5,14,monster,"Green Slime",3
62005,5,14,node,"Copper node",7
62005,5,14,stone,"",116
62005,5,15,drop,"(O)378",2
62005,5,15,drop,"(O)382",2
62005,5,15,drop,"(O)390",15
62005,5,15,drop,"(O)535",1
62005,5,15,drop,"(O)684",5
62005,5,15,drop,"(O)70",1
62005,5,15,drop,"(O)766",2
62005,5,15,geode,"(O)576",1
62005,5,15,monster,"Duggy",2
62005,5,15,monster,"Green Slime",3
62005,5,15,monster,"Grub",8
62005,5,15,monster,"Rock Crab",1
62005,5,15,node,"Gem node (mixed)",1
62005,5,15,stone,"",27
62005,5,16,container,"",2
62005,5,16,drop,"(O)378",11
62005,5,16,drop,"(O)382",11
62005,5,16,drop,"(O)390",70
62005,5,16,drop,"(O)535",3
62005,5,16,drop,"(O)68",1
62005,5,16,drop,"(O)684",3
62005,5,16,drop,"(O)766",1
62005,5,16,drop,"(O)80",2
62005,5,16,drop,"(O)92",1
62005,5,16,geode,"(O)330",1
62005,5,16,geode,"(O)390",5
62005,5,16,geode,"(O)566",1
62005,5,16,loose,"(O)80",2
62005,5,16,monster,"Green Slime",1
62005,5,16,monster,"Grub",5
62005,5,16,node,"Copper node",3
62005,5,16,node,"Topaz node",1
62005,5,16,stone,"",115
62005,5,17,drop,"(O)286",1
62005,5,17,drop,"(O)378",10
62005,5,17,drop,"(O)382",13
62005,5,17,drop,"(O)390",54
62005,5,17,drop,"(O)684",3
62005,5,17,drop,"(O)766",1
62005,5,17,drop,"(O)80",1
62005,5,17,drop,"(O)92",2
62005,5,17,loose,"(O)80",1
62005,5,17,monster,"Duggy",1
62005,5,17,monster,"Green Slime",2
62005,5,17,monster,"Grub",8
62005,5,17,node,"Copper node",3
62005,5,17,stone,"",96
62005,5,18,drop,"(O)273",4
62005,5,18,drop,"(O)286",1
62005,5,18,drop,"(O)535",1
62005,5,18,drop,"(O)684",8
62005,5,18,drop,"(O)717",1
62005,5,18,geode,"(O)569",1
62005,5,18,monster,"Duggy",1
62005,5,18,monster,"Green Slime",1
62005,5,18,monster,"Grub",12
62005,5,18,monster,"Rock Crab",3
62005,5,19,container,"",2
62005,5,19,drop,"(O)157",1
62005,5,19,drop,"(O)273",1
62005,5,19,drop,"(O)378",10
62005,5,19,drop,"(O)382",10
62005,5,19,drop,"(O)390",37
62005,5,19,drop,"(O)535",2
62005,5,19,drop,"(O)68",1
62005,5,19,drop,"(O)684",3
62005,5,19,drop,"(O)717",1
62005,5,19,drop,"(O)766",2
62005,5,19,geode,"(O)378",5
62005,5,19,geode,"(O)86",1
62005,5,19,monster,"Bug",1
62005,5,19,monster,"Green Slime",2
62005,5,19,monster,"Grub",4
62005,5,19,monster,"Rock Crab",1
62005,5,19,node,"Copper node",3
62005,5,19,node,"Topaz node",1
62005,5,19,stone,"",75
62005,5,21,drop,"(O)286",1
62005,5,21,drop,"(O)378",4
62005,5,21,drop,"(O)380",1
62005,5,21,drop,"(O)382",6
62005,5,21,drop,"(O)390",30
62005,5,21,drop,"(O)420",1
62005,5,21,drop,"(O)535",5
62005,5,21,drop,"(O)684",1
62005,5,21,geode,"(O)330",1
62005,5,21,geode,"(O)378",5
62005,5,21,geode,"(O)538",1
62005,5,21,geode,"(O)549",1
62005,5,21,geode,"(O)576",1
62005,5,21,loose,"(O)420",1
62005,5,21,monster,"Bug",1
62005,5,21,monster,"Duggy",1
62005,5,21,monster,"Grub",1
62005,5,21,node,"Copper node",1
62005,5,21,stone,"",54
62005,5,22,drop,"(O)273",1
62005,5,22,drop,"(O)378",9
62005,5,22,drop,"(O)382",6
62005,5,22,drop,"(O)390",31
62005,5,22,drop,"(O)684",1
62005,5,22,drop,"(O)749",2
62005,5,22,drop,"(O)766",2
62005,5,22,geode,"(O)390",3
62005,5,22,geode,"(O)549",1
62005,5,22,monster,"Bug",1
62005,5,22,monster,"Green Slime",3
62005,5,22,monster,"Grub",2
62005,5,22,node,"Copper node",2
62005,5,22,stone,"",64
62005,5,23,drop,"(O)153",1
62005,5,23,drop,"(O)378",26
62005,5,23,drop,"(O)380",1
62005,5,23,drop,"(O)382",9
62005,5,23,drop,"(O)390",48
62005,5,23,drop,"(O)535",1
62005,5,23,drop,"(O)66",1
62005,5,23,drop,"(O)684",4
62005,5,23,drop,"(O)717",1
62005,5,23,drop,"(O)80",2
62005,5,23,drop,"(O)92",1
62005,5,23,geode,"(O)542",1
62005,5,23,loose,"(O)80",2
62005,5,23,monster,"Bug",3
62005,5,23,monster,"Duggy",1
62005,5,23,monster,"Green Slime",1
62005,5,23,monster,"Grub",1
62005,5,23,monster,"Rock Crab",1
62005,5,23,node,"Amethyst node",1
62005,5,23,node,"Copper node",12
62005,5,23,stone,"",93
62005,5,24,drop,"(O)153",2
62005,5,24,drop,"(O)286",1
62005,5,24,drop,"(O)684",1
62005,5,24,drop,"(O)766",5
62005,5,24,drop,"(O)92",2
62005,5,24,monster,"Fly",2
62005,5,24,monster,"Green Slime",6
62005,5,24,monster,"Rock Crab",5
62005,5,25,drop,"(O)286",1
62005,5,25,drop,"(O)378",1
62005,5,25,drop,"(O)390",28
62005,5,25,drop,"(O)684",2
62005,5,25,drop,"(O)766",1
62005,5,25,monster,"Duggy",1
62005,5,25,monster,"Green Slime",1
62005,5,25,monster,"Grub",3
62005,5,25,stone,"",44
62005,5,26,drop,"(O)286",1
62005,5,26,drop,"(O)378",6
62005,5,26,drop,"(O)382",2
62005,5,26,drop,"(O)390",18
62005,5,26,drop,"(O)535",1
62005,5,26,drop,"(O)68",1
62005,5,26,drop,"(O)684",3
62005,5,26,drop,"(O)717",1
62005,5,26,drop,"(O)766",1
62005,5,26,geode,"(O)378",3
62005,5,26,monster,"Bug",4
62005,5,26,monster,"Green Slime",2
62005,5,26,monster,"Grub",4
62005,5,26,monster,"Rock Crab",1
62005,5,26,node,"Copper node",2
62005,5,26,node,"Topaz node",1
62005,5,26,stone,"",35
62005,5,27,drop,"(O)378",4
62005,5,27,drop,"(O)382",3
62005,5,27,drop,"(O)390",59
62005,5,27,drop,"(O)535",1
62005,5,27,drop,"(O)66",1
62005,5,27,drop,"(O)684",2
62005,5,27,drop,"(O)749",1
62005,5,27,drop,"(O)80",1
62005,5,27,geode,"(O)557",1
62005,5,27,geode,"(O)563",1
62005,5,27,loose,"(O)80",1
62005,5,27,monster,"Bug",1
62005,5,27,monster,"Grub",2
62005,5,27,node,"Amethyst node",1
62005,5,27,node,"Copper node",1
62005,5,27,stone,"",95
62005,5,28,drop,"(O)286",1
62005,5,28,drop,"(O)378",9
62005,5,28,drop,"(O)382",7
62005,5,28,drop,"(O)390",46
62005,5,28,drop,"(O)420",2
62005,5,28,drop,"(O)684",2
62005,5,28,drop,"(O)766",2
62005,5,28,drop,"(O)92",1
62005,5,28,loose,"(O)420",2
62005,5,28,monster,"Bug",2
62005,5,28,monster,"Green Slime",3
62005,5,28,monster,"Grub",2
62005,5,28,monster,"Rock Crab",1
62005,5,28,node,"Copper node",3
62005,5,28,stone,"",70
62005,5,29,container,"",3
62005,5,29,drop,"(O)273",1
62005,5,29,drop,"(O)378",15
62005,5,29,drop,"(O)382",8
62005,5,29,drop,"(O)388",1
62005,5,29,drop,"(O)390",56
62005,5,29,drop,"(O)535",5
62005,5,29,drop,"(O)684",5
62005,5,29,drop,"(O)80",1
62005,5,29,drop,"(O)86",1
62005,5,29,drop,"(O)96",1
62005,5,29,geode,"(O)382",5
62005,5,29,geode,"(O)390",3
62005,5,29,geode,"(O)549",1
62005,5,29,geode,"(O)555",1
62005,5,29,geode,"(O)576",1
62005,5,29,loose,"(O)80",1
62005,5,29,loose,"(O)86",1
62005,5,29,monster,"Bug",1
62005,5,29,monster,"Fly",1
62005,5,29,monster,"Grub",7
62005,5,29,node,"Copper node",5
62005,5,29,stone,"",99
62005,5,31,drop,"(O)378",8
62005,5,31,drop,"(O)382",2
62005,5,31,drop,"(O)390",14
62005,5,31,drop,"(O)684",1
62005,5,31,monster,"Bug",1
62005,5,31,node,"Copper node",4
62005,5,31,stone,"",32
62005,5,32,drop,"(O)378",10
62005,5,32,drop,"(O)380",1
62005,5,32,drop,"(O)382",4
62005,5,32,drop,"(O)390",36
62005,5,32,drop,"(O)66",1
62005,5,32,drop,"(O)767",2
62005,5,32,drop,"(O)80",2
62005,5,32,loose,"(O)80",2
62005,5,32,monster,"Bat",1
62005,5,32,monster,"Stone Golem",4
62005,5,32,node,"Amethyst node",1
62005,5,32,node,"Copper node",6
62005,5,32,stone,"",60
62005,5,33,container,"",3
62005,5,33,drop,"(O)378",3
62005,5,33,drop,"(O)380",1
62005,5,33,drop,"(O)382",5
62005,5,33,drop,"(O)388",4
62005,5,33,drop,"(O)390",27
62005,5,33,drop,"(O)535",2
62005,5,33,drop,"(O)684",1
62005,5,33,geode,"(O)390",3
62005,5,33,geode,"(O)571",1
62005,5,33,monster,"Bug",1
62005,5,33,monster,"Stone Golem",5
62005,5,33,node,"Copper node",1
62005,5,33,stone,"",38
62005,5,34,drop,"(O)114",1
62005,5,34,drop,"(O)378",7
62005,5,34,drop,"(O)382",3
62005,5,34,drop,"(O)390",19
62005,5,34,drop,"(O)535",2
62005,5,34,drop,"(O)684",2
62005,5,34,drop,"(O)80",1
62005,5,34,drop,"(O)93",6
62005,5,34,geode,"(O)378",6
62005,5,34,loose,"(O)93",6
62005,5,34,monster,"Bug",2
62005,5,34,monster,"Stone Golem",4
62005,5,34,node,"Copper node",4
62005,5,34,stone,"",35
62005,5,35,drop,"(O)378",4
62005,5,35,drop,"(O)382",3
62005,5,35,drop,"(O)390",23
62005,5,35,stone,"",38
62005,5,36,drop,"(O)157",1
62005,5,36,drop,"(O)378",20
62005,5,36,drop,"(O)380",3
62005,5,36,drop,"(O)382",4
62005,5,36,drop,"(O)390",32
62005,5,36,drop,"(O)535",1
62005,5,36,drop,"(O)68",1
62005,5,36,drop,"(O)684",1
62005,5,36,drop,"(O)80",2
62005,5,36,geode,"(O)558",1
62005,5,36,monster,"Bug",2
62005,5,36,monster,"Stone Golem",5
62005,5,36,node,"Copper node",7
62005,5,36,node,"Topaz node",1
62005,5,36,stone,"",71
62005,5,37,container,"",2
62005,5,37,drop,"(O)378",24
62005,5,37,drop,"(O)380",1
62005,5,37,drop,"(O)382",7
62005,5,37,drop,"(O)388",1
62005,5,37,drop,"(O)390",65
62005,5,37,drop,"(O)535",6
62005,5,37,drop,"(O)80",1
62005,5,37,drop,"(O)93",2
62005,5,37,geode,"(O)382",10
62005,5,37,geode,"(O)390",13
62005,5,37,geode,"(O)558",1
62005,5,37,geode,"(O)576",1
62005,5,37,geode,"(O)86",1
62005,5,37,loose,"(O)80",1
62005,5,37,loose,"(O)93",2
62005,5,37,node,"Copper node",9
62005,5,37,stone,"",102
62005,5,38,drop,"(O)378",9
62005,5,38,drop,"(O)382",2
62005,5,38,drop,"(O)390",31
62005,5,38,drop,"(O)535",2
62005,5,38,drop,"(O)749",1
62005,5,38,drop,"(O)93",3
62005,5,38,geode,"(O)378",1
62005,5,38,geode,"(O)558",2
62005,5,38,loose,"(O)93",3
62005,5,38,node,"Copper node",3
62005,5,38,stone,"",57
62005,5,39,drop,"(O)378",5
62005,5,39,drop,"(O)380",1
62005,5,39,drop,"(O)382",5
62005,5,39,drop,"(O)390",44
62005,5,39,drop,"(O)535",1
62005,5,39,drop,"(O)684",1
62005,5,39,drop,"(O)749",1
62005,5,39,drop,"(O)80",1
62005,5,39,geode,"(O)330",1
62005,5,39,geode,"(O)390",3
62005,5,39,monster,"Bug",2
62005,5,39,monster,"Stone Golem",4
62005,5,39,stone,"",73
62005,6,1,drop,"(O)378",1
62005,6,1,drop,"(O)382",2
62005,6,1,drop,"(O)390",31
62005,6,1,drop,"(O)535",1
62005,6,1,geode,"(O)556",1
62005,6,1,stone,"",44
62005,6,2,drop,"(O)378",1
62005,6,2,drop,"(O)382",3
62005,6,2,drop,"(O)390",24
62005,6,2,drop,"(O)684",1
62005,6,2,drop,"(O)766",3
62005,6,2,monster,"Bug",1
62005,6,2,monster,"Green Slime",3
62005,6,2,monster,"Rock Crab",1
62005,6,2,node,"Copper node",1
62005,6,2,stone,"",35
62005,6,3,container,"",3
62005,6,3,drop,"(O)286",1
62005,6,3,drop,"(O)378",12
62005,6,3,drop,"(O)382",3
62005,6,3,drop,"(O)390",49
62005,6,3,drop,"(O)535",2
62005,6,3,drop,"(O)684",1
62005,6,3,drop,"(O)717",1
62005,6,3,drop,"(O)766",2
62005,6,3,drop,"(O)78",1
62005,6,3,drop,"(O)86",1
62005,6,3,geode,"(O)378",3
62005,6,3,geode,"(O)566",1
62005,6,3,loose,"(O)86",1
62005,6,3,monster,"Bug",1
62005,6,3,monster,"Green Slime",2
62005,6,3,monster,"Rock Crab",1
62005,6,3,node,"Copper node",2
62005,6,3,stone,"",79
62005,6,4,container,"",3
62005,6,4,drop,"(O)378",6
62005,6,4,drop,"(O)382",3
62005,6,4,drop,"(O)390",26
62005,6,4,drop,"(O)684",1
62005,6,4,drop,"(O)766",3
62005,6,4,drop,"(O)78",2
62005,6,4,drop,"(O)93",5
62005,6,4,loose,"(O)93",5
62005,6,4,monster,"Bug",1
62005,6,4,monster,"Green Slime",3
62005,6,4,node,"Copper node",2
62005,6,4,stone,"",50
62005,6,5,drop,"(O)378",2
62005,6,5,drop,"(O)382",2
62005,6,5,drop,"(O)390",24
62005,6,5,drop,"(O)684",1
62005,6,5,drop,"(O)766",1
62005,6,5,monster,"Bug",3
62005,6,5,monster,"Green Slime",2
62005,6,5,stone,"",47
62005,6,6,drop,"(O)153",1
62005,6,6,drop,"(O)378",7
62005,6,6,drop,"(O)382",7
62005,6,6,drop,"(O)390",46
62005,6,6,drop,"(O)535",1
62005,6,6,drop,"(O)684",1
62005,6,6,drop,"(O)766",7
62005,6,6,drop,"(O)86",1
62005,6,6,geode,"(O)569",1
62005,6,6,loose,"(O)86",1
62005,6,6,monster,"Bug",1
62005,6,6,monster,"Green Slime",7
62005,6,6,node,"Copper node",2
62005,6,6,stone,"",79
62005,6,7,drop,"(O)378",5
62005,6,7,drop,"(O)382",3
62005,6,7,drop,"(O)390",29
62005,6,7,drop,"(O)66",1
62005,6,7,drop,"(O)684",2
62005,6,7,drop,"(O)766",4
62005,6,7,drop,"(O)80",1
62005,6,7,drop,"(O)92",1
62005,6,7,loose,"(O)80",1
62005,6,7,monster,"Bug",2
62005,6,7,monster,"Green Slime",4
62005,6,7,monster,"Rock Crab",1
62005,6,7,node,"Amethyst node",1
62005,6,7,node,"Copper node",1
62005,6,7,stone,"",41
62005,6,8,drop,"(O)286",1
62005,6,8,drop,"(O)378",1
62005,6,8,drop,"(O)382",1
62005,6,8,drop,"(O)390",25
62005,6,8,drop,"(O)535",2
62005,6,8,drop,"(O)766",1
62005,6,8,drop,"(O)80",1
62005,6,8,geode,"(O)378",1
62005,6,8,geode,"(O)558",1
62005,6,8,loose,"(O)80",1
62005,6,8,monster,"Duggy",2
62005,6,8,monster,"Green Slime",1
62005,6,8,stone,"",42
62005,6,9,drop,"(O)378",19
62005,6,9,drop,"(O)382",11
62005,6,9,drop,"(O)390",60
62005,6,9,drop,"(O)535",2
62005,6,9,drop,"(O)80",1
62005,6,9,drop,"(O)93",1
62005,6,9,geode,"(O)571",1
62005,6,9,geode,"(O)86",1
62005,6,9,loose,"(O)80",1
62005,6,9,loose,"(O)93",1
62005,6,9,node,"Copper node",5
62005,6,9,stone,"",112
62005,6,11,container,"",3
62005,6,11,drop,"(O)286",2
62005,6,11,drop,"(O)378",2
62005,6,11,drop,"(O)382",5
62005,6,11,drop,"(O)390",22
62005,6,11,drop,"(O)535",1
62005,6,11,drop,"(O)766",2
62005,6,11,drop,"(O)78",2
62005,6,11,drop,"(O)80",1
62005,6,11,geode,"(O)378",3
62005,6,11,loose,"(O)80",1
62005,6,11,monster,"Duggy",1
62005,6,11,monster,"Green Slime",2
62005,6,11,monster,"Rock Crab",2
62005,6,11,node,"Copper node",1
62005,6,11,stone,"",46
62005,6,12,drop,"(O)382",4
62005,6,12,drop,"(O)390",13
62005,6,12,drop,"(O)535",1
62005,6,12,geode,"(O)555",1
62005,6,12,stone,"",19
62005,6,13,drop,"(O)153",1
62005,6,13,drop,"(O)286",2
62005,6,13,drop,"(O)378",7
62005,6,13,drop,"(O)390",33
62005,6,13,drop,"(O)535",2
62005,6,13,drop,"(O)766",2
62005,6,13,drop,"(O)93",1
62005,6,13,geode,"(O)378",3
62005,6,13,geode,"(O)390",3
62005,6,13,loose,"(O)93",1
62005,6,13,monster,"Duggy",4
62005,6,13,monster,"Green Slime",2
62005,6,13,monster,"Rock Crab",1
62005,6,13,node,"Copper node",1
62005,6,13,stone,"",64
62005,6,14,drop,"(O)378",11
62005,6,14,drop,"(O)382",5
62005,6,14,drop,"(O)390",39
62005,6,14,drop,"(O)535",2
62005,6,14,drop,"(O)766",5
62005,6,14,geode,"(O)378",5
62005,6,14,geode,"(O)557",1
62005,6,14,monster,"Bug",2
62005,6,14,monster,"Green Slime",7
62005,6,14,node,"Copper node",3
62005,6,14,stone,"",71
62005,6,15,drop,"(O)378",2
62005,6,15,drop,"(O)382",3
62005,6,15,drop,"(O)390",23
62005,6,15,drop,"(O)535",2
62005,6,15,geode,"(O)330",1
62005,6,15,geode,"(O)548",1
62005,6,15,stone,"",55
62005,6,16,container,"",3
62005,6,16,drop,"(O)273",1
62005,6,16,drop,"(O)286",1
62005,6,16,drop,"(O)378",5
62005,6,16,drop,"(O)382",5
62005,6,16,drop,"(O)390",29
62005,6,16,drop,"(O)684",5
62005,6,16,drop,"(O)770",1
62005,6,16,drop,"(O)78",1
62005,6,16,drop,"(O)80",2
62005,6,16,loose,"(O)80",2
62005,6,16,monster,"Bug",3
62005,6,16,monster,"Green Slime",1
62005,6,16,monster,"Grub",5
62005,6,16,monster,"Rock Crab",3
62005,6,16,node,"Copper node",3
62005,6,16,stone,"",68
62005,6,17,drop,"(O)378",5
62005,6,17,drop,"(O)382",11
62005,6,17,drop,"(O)390",49
62005,6,17,drop,"(O)684",4
62005,6,17,drop,"(O)86",1
62005,6,17,drop,"(O)92",1
62005,6,17,loose,"(O)86",1
62005,6,17,monster,"Bug",2
62005,6,17,monster,"Green Slime",2
62005,6,17,monster,"Grub",3
62005,6,17,stone,"",83
62005,6,18,container,"",2
62005,6,18,drop,"(O)153",1
62005,6,18,drop,"(O)378",10
62005,6,18,drop,"(O)382",6
62005,6,18,drop,"(O)390",57
62005,6,18,drop,"(O)535",3
62005,6,18,drop,"(O)66",1
62005,6,18,drop,"(O)766",1
62005,6,18,drop,"(O)80",1
62005,6,18,geode,"(O)378",3
62005,6,18,geode,"(O)557",1
62005,6,18,geode,"(O)569",1
62005,6,18,loose,"(O)80",1
62005,6,18,monster,"Green Slime",1
62005,6,18,node,"Copper node",2
62005,6,18,stone,"",108
62005,6,19,drop,"(O)157",1
62005,6,19,drop,"(O)378",12
62005,6,19,drop,"(O)382",19
62005,6,19,drop,"(O)390",80
62005,6,19,drop,"(O)535",2
62005,6,19,drop,"(O)684",2
62005,6,19,drop,"(O)766",1
62005,6,19,geode,"(O)390",3
62005,6,19,geode,"(O)86",1
62005,6,19,monster,"Bug",1
62005,6,19,monster,"Green Slime",1
62005,6,19,monster,"Grub",1
62005,6,19,monster,"Rock Crab",1
62005,6,19,node,"Copper node",2
62005,6,19,stone,"",138
62005,6,21,drop,"(O)382",2
62005,6,21,drop,"(O)390",19
62005,6,21,drop,"(O)535",1
62005,6,21,geode,"(O)390",5
62005,6,21,stone,"",30
62005,6,22,drop,"(O)378",10
62005,6,22,drop,"(O)382",3
62005,6,22,drop,"(O)390",27
62005,6,22,drop,"(O)535",1
62005,6,22,drop,"(O)684",2
62005,6,22,drop,"(O)766",2
62005,6,22,geode,"(O)566",1
62005,6,22,monster,"Bug",2
62005,6,22,monster,"Green Slime",2
62005,6,22,node,"Copper node",2
62005,6,22,stone,"",59
62005,6,23,drop,"(O)378",8
62005,6,23,drop,"(O)382",6
62005,6,23,drop,"(O)390",29
62005,6,23,drop,"(O)535",4
62005,6,23,geode,"(O)121",1
62005,6,23,geode,"(O)548",1
62005,6,23,geode,"(O)569",1
62005,6,23,geode,"(O)86",1
62005,6,23,node,"Copper node",2
62005,6,23,stone,"",60
62005,6,24,container,"",2
62005,6,24,drop,"(O)153",1
62005,6,24,drop,"(O)273",1
62005,6,24,drop,"(O)286",1
62005,6,24,drop,"(O)378",5
62005,6,24,drop,"(O)382",3
62005,6,24,drop,"(O)390",28
62005,6,24,drop,"(O)535",2
62005,6,24,drop,"(O)684",9
62005,6,24,drop,"(O)766",1
62005,6,24,drop,"(O)92",4
62005,6,24,geode,"(O)542",1
62005,6,24,geode,"(O)548",1
62005,6,24,monster,"Bug",2
62005,6,24,monster,"Duggy",1
62005,6,24,monster,"Green Slime",2
62005,6,24,monster,"Grub",10
62005,6,24,monster,"Rock Crab",3
62005,6,24,node,"Copper node",1
62005,6,24,stone,"",48
62005,6,25,drop,"(O)378",4
62005,6,25,drop,"(O)382",5
62005,6,25,drop,"(O)390",36
62005,6,25,drop,"(O)684",1
62005,6,25,drop,"(O)749",1
62005,6,25,drop,"(O)86",1
62005,6,25,geode,"(O)330",1
62005,6,25,monster,"Bug",1
62005,6,25,monster,"Duggy",1
62005,6,25,stone,"",56
62005,6,26,drop,"(O)378",8
62005,6,26,drop,"(O)382",6
62005,6,26,drop,"(O)390",55
62005,6,26,drop,"(O)535",1
62005,6,26,drop,"(O)68",1
62005,6,26,drop,"(O)684",2
62005,6,26,drop,"(O)749",1
62005,6,26,drop,"(O)766",2
62005,6,26,geode,"(O)382",1
62005,6,26,geode,"(O)386",6
62005,6,26,monster,"Bug",2
62005,6,26,monster,"Fly",1
62005,6,26,monster,"Green Slime",2
62005,6,26,node,"Copper node",3
62005,6,26,node,"Topaz node",1
62005,6,26,stone,"",86
62005,6,27,drop,"(O)378",3
62005,6,27,drop,"(O)382",3
62005,6,27,drop,"(O)390",28
62005,6,27,drop,"(O)535",1
62005,6,27,drop,"(O)684",4
62005,6,27,drop,"(O)749",1
62005,6,27,drop,"(O)92",1
62005,6,27,drop,"(O)93",1
62005,6,27,geode,"(O)378",3
62005,6,27,geode,"(O)576",1
62005,6,27,loose,"(O)93",1
62005,6,27,monster,"Bug",1
62005,6,27,monster,"Duggy",1
62005,6,27,monster,"Green Slime",2
62005,6,27,monster,"Grub",4
62005,6,27,stone,"",60
62005,6,28,container,"",4
62005,6,28,drop,"(O)378",7
62005,6,28,drop,"(O)382",7
62005,6,28,drop,"(O)390",45
62005,6,28,drop,"(O)535",2
62005,6,28,drop,"(O)684",2
62005,6,28,drop,"(O)749",1
62005,6,28,drop,"(O)86",1
62005,6,28,geode,"(O)390",5
62005,6,28,geode,"(O)549",1
62005,6,28,geode,"(O)571",1
62005,6,28,loose,"(O)86",1
62005,6,28,monster,"Bug",1
62005,6,28,monster,"Green Slime",1
62005,6,28,monster,"Grub",3
62005,6,28,node,"Copper node",3
62005,6,28,stone,"",74
62005,6,29,container,"",2
62005,6,29,drop,"(O)378",3
62005,6,29,drop,"(O)380",1
62005,6,29,drop,"(O)382",4
62005,6,29,drop,"(O)388",1
62005,6,29,drop,"(O)390",48
62005,6,29,drop,"(O)535",1
62005,6,29,drop,"(O)68",1
62005,6,29,drop,"(O)86",1
62005,6,29,geode,"(O)574",1
62005,6,29,loose,"(O)86",1
62005,6,29,node,"Topaz node",1
62005,6,29,stone,"",77
62005,6,31,drop,"(O)390",40
62005,6,31,drop,"(O)535",3
62005,6,31,drop,"(O)684",1
62005,6,31,geode,"(O)330",1
62005,6,31,geode,"(O)382",8
62005,6,31,monster,"Bug",1
62005,6,31,monster,"Stone Golem",1
62005,6,31,stone,"",55
62005,6,32,drop,"(O)378",2
62005,6,32,drop,"(O)380",1
62005,6,32,drop,"(O)382",5
62005,6,32,drop,"(O)390",38
62005,6,32,drop,"(O)535",1
62005,6,32,drop,"(O)68",1
62005,6,32,drop,"(O)80",2
62005,6,32,geode,"(O)574",1
62005,6,32,loose,"(O)80",2
62005,6,32,monster,"Stone Golem",1
62005,6,32,node,"Copper node",2
62005,6,32,node,"Topaz node",1
62005,6,32,stone,"",65
62005,6,33,drop,"(O)378",5
62005,6,33,drop,"(O)380",1
62005,6,33,drop,"(O)382",3
62005,6,33,drop,"(O)390",37
62005,6,33,drop,"(O)535",1
62005,6,33,drop,"(O)80",1
62005,6,33,drop,"(O)93",1
62005,6,33,geode,"(O)378",1
62005,6,33,loose,"(O)80",1
62005,6,33,loose,"(O)93",1
62005,6,33,monster,"Stone Golem",7
62005,6,33,node,"Copper node",3
62005,6,33,stone,"",61
62005,6,34,drop,"(O)378",8
62005,6,34,drop,"(O)382",7
62005,6,34,drop,"(O)390",56
62005,6,34,drop,"(O)535",3
62005,6,34,drop,"(O)80",1
62005,6,34,geode,"(O)542",1
62005,6,34,geode,"(O)548",1
62005,6,34,geode,"(O)86",1
62005,6,34,loose,"(O)80",1
62005,6,34,node,"Copper node",3
62005,6,34,stone,"",89
62005,6,35,drop,"(O)378",2
62005,6,35,drop,"(O)382",4
62005,6,35,drop,"(O)390",20
62005,6,35,drop,"(O)535",1
62005,6,35,geode,"(O)390",1
62005,6,35,monster,"Stone Golem",1
62005,6,35,stone,"",30
62005,6,36,container,"",2
62005,6,36,drop,"(O)378",11
62005,6,36,drop,"(O)382",4
62005,6,36,drop,"(O)390",44
62005,6,36,drop,"(O)80",1
62005,6,36,drop,"(O)92",2
62005,6,36,drop,"(O)93",2
62005,6,36,loose,"(O)80",1
62005,6,36,loose,"(O)93",2
62005,6,36,monster,"Stone Golem",2
62005,6,36,node,"Copper node",7
62005,6,36,stone,"",70
62005,6,37,drop,"(O)378",8
62005,6,37,drop,"(O)382",4
62005,6,37,drop,"(O)390",46
62005,6,37,drop,"(O)535",4
62005,6,37,drop,"(O)68",1
62005,6,37,drop,"(O)767",1
62005,6,37,drop,"(O)80",1
62005,6,37,geode,"(O)330",1
62005,6,37,geode,"(O)378",1
62005,6,37,geode,"(O)390",8
62005,6,37,monster,"Bat",1
62005,6,37,monster,"Bug",2
62005,6,37,monster,"Stone Golem",5
62005,6,37,node,"Copper node",3
62005,6,37,node,"Topaz node",1
62005,6,37,stone,"",72
62005,6,38,container,"",2
62005,6,38,drop,"(O)378",11
62005,6,38,drop,"(O)382",2
62005,6,38,drop,"(O)390",23
62005,6,38,drop,"(O)684",1
62005,6,38,drop,"(O)767",3
62005,6,38,drop,"(O)93",2
62005,6,38,loose,"(O)93",2
62005,6,38,monster,"Bat",2
62005,6,38,monster,"Bug",1
62005,6,38,monster,"Stone Golem",7
62005,6,38,node,"Copper node",4
62005,6,38,stone,"",39
62005,6,39,container,"",1
62005,6,39,drop,"(O)378",8
62005,6,39,drop,"(O)382",3
62005,6,39,drop,"(O)390",50
62005,6,39,monster,"Bug",1
62005,6,39,monster,"Stone Golem",1
62005,6,39,node,"Copper node",4
62005,6,39,stone,"",63
62005,0,41,container,"",1
62005,0,41,drop,"(O)380",20
62005,0,41,drop,"(O)382",2
62005,0,41,drop,"(O)388",3
62005,0,41,drop,"(O)390",11
62005,0,41,drop,"(O)766",1
62005,0,41,drop,"(O)767",2
62005,0,41,drop,"(O)92",1
62005,0,41,monster,"Dust Spirit",2
62005,0,41,monster,"Frost Bat",1
62005,0,41,monster,"Frost Jelly",1
62005,0,41,node,"Iron node",9
62005,0,41,stone,"",34
62005,0,42,container,"",4
62005,0,42,drop,"(O)380",9
62005,0,42,drop,"(O)382",1
62005,0,42,drop,"(O)388",3
62005,0,42,drop,"(O)390",17
62005,0,42,drop,"(O)767",2
62005,0,42,drop,"(O)78",2
62005,0,42,drop,"(O)80",1
62005,0,42,drop,"(O)92",2
62005,0,42,loose,"(O)80",1
62005,0,42,monster,"Frost Bat",1
62005,0,42,node,"Iron node",3
62005,0,42,stone,"",40
62005,0,43,container,"",5
62005,0,43,drop,"(O)378",2
62005,0,43,drop,"(O)380",13
62005,0,43,drop,"(O)382",4
62005,0,43,drop,"(O)390",36
62005,0,43,drop,"(O)536",5
62005,0,43,drop,"(O)766",3
62005,0,43,drop,"(O)92",1
62005,0,43,geode,"(O)330",2
62005,0,43,geode,"(O)380",1
62005,0,43,geode,"(O)567",1
62005,0,43,geode,"(O)84",1
62005,0,43,monster,"Dust Spirit",3
62005,0,43,monster,"Frost Jelly",3
62005,0,43,node,"Iron node",5
62005,0,43,stone,"",82
62005,0,44,container,"",2
62005,0,44,drop,"(O)380",13
62005,0,44,drop,"(O)382",5
62005,0,44,drop,"(O)390",24
62005,0,44,drop,"(O)412",2
62005,0,44,drop,"(O)536",1
62005,0,44,drop,"(O)68",1
62005,0,44,drop,"(O)749",1
62005,0,44,drop,"(O)766",1
62005,0,44,drop,"(O)84",1
62005,0,44,drop,"(O)97",1
62005,0,44,geode,"(O)378",5
62005,0,44,geode,"(O)380",3
62005,0,44,loose,"(O)84",1
62005,0,44,monster,"Frost Jelly",2
62005,0,44,node,"Gem node (mixed)",1
62005,0,44,node,"Iron node",6
62005,0,44,stone,"",58
62005,0,45,container,"",4
62005,0,45,drop,"(O)371",3
62005,0,45,drop,"(O)378",1
62005,0,45,drop,"(O)382",9
62005,0,45,drop,"(O)390",36
62005,0,45,drop,"(O)536",4
62005,0,45,drop,"(O)709",2
62005,0,45,drop,"(O)749",2
62005,0,45,drop,"(O)766",2
62005,0,45,drop,"(O)92",2
62005,0,45,geode,"(O)380",10
62005,0,45,geode,"(O)560",2
62005,0,45,geode,"(O)564",1
62005,0,45,geode,"(O)574",1
62005,0,45,geode,"(O)84",1
62005,0,45,monster,"Dust Spirit",5
62005,0,45,monster,"Frost Jelly",2
62005,0,45,stone,"",69
62005,0,46,container,"",2
62005,0,46,drop,"(O)378",1
62005,0,46,drop,"(O)380",14
62005,0,46,drop,"(O)382",8
62005,0,46,drop,"(O)390",39
62005,0,46,drop,"(O)536",1
62005,0,46,drop,"(O)766",1
62005,0,46,drop,"(O)767",1
62005,0,46,drop,"(O)770",1
62005,0,46,drop,"(O)80",2
62005,0,46,drop,"(O)92",1
62005,0,46,geode,"(O)84",1
62005,0,46,loose,"(O)80",2
62005,0,46,monster,"Frost Bat",1
62005,0,46,monster,"Frost Jelly",1
62005,0,46,node,"Iron node",5
62005,0,46,stone,"",87
62005,0,47,container,"",2
62005,0,47,drop,"(O)380",12
62005,0,47,drop,"(O)382",3
62005,0,47,drop,"(O)388",1
62005,0,47,drop,"(O)390",29
62005,0,47,drop,"(O)414",1
62005,0,47,drop,"(O)766",3
62005,0,47,drop,"(O)767",3
62005,0,47,drop,"(O)84",2
62005,0,47,drop,"(O)92",3
62005,0,47,loose,"(O)84",2
62005,0,47,monster,"Dust Spirit",2
62005,0,47,monster,"Frost Bat",2
62005,0,47,monster,"Frost Jelly",4
62005,0,47,node,"Iron node",6
62005,0,47,stone,"",57
62005,0,48,drop,"(O)378",1
62005,0,48,drop,"(O)380",3
62005,0,48,drop,"(O)382",3
62005,0,48,drop,"(O)390",24
62005,0,48,drop,"(O)536",1
62005,0,48,drop,"(O)766",1
62005,0,48,drop,"(O)767",2
62005,0,48,drop,"(O)98",1
62005,0,48,geode,"(O)577",1
62005,0,48,monster,"Frost Bat",1
62005,0,48,monster,"Frost Jelly",1
62005,0,48,stone,"",60
62005,0,49,container,"",4
62005,0,49,drop,"(O)371",2
62005,0,49,drop,"(O)378",3
62005,0,49,drop,"(O)380",3
62005,0,49,drop,"(O)382",11
62005,0,49,drop,"(O)390",28
62005,0,49,drop,"(O)412",2
62005,0,49,drop,"(O)536",3
62005,0,49,drop,"(O)766",3
62005,0,49,drop,"(O)767",2
62005,0,49,drop,"(O)80",1
62005,0,49,drop,"(O)84",2
62005,0,49,drop,"(O)92",2
62005,0,49,drop,"(O)CarrotSeeds",2
62005,0,49,geode,"(O)544",1
62005,0,49,geode,"(O)561",1
62005,0,49,geode,"(O)577",1
62005,0,49,loose,"(O)80",1
62005,0,49,loose,"(O)84",2
62005,0,49,monster,"Frost Bat",1
62005,0,49,monster,"Frost Jelly",4
62005,0,49,stone,"",69
62005,0,51,container,"",2
62005,0,51,drop,"(O)378",3
62005,0,51,drop,"(O)380",4
62005,0,51,drop,"(O)382",2
62005,0,51,drop,"(O)390",20
62005,0,51,drop,"(O)536",2
62005,0,51,drop,"(O)66",1
62005,0,51,drop,"(O)767",1
62005,0,51,geode,"(O)390",5
62005,0,51,geode,"(O)84",1
62005,0,51,monster,"Dust Spirit",2
62005,0,51,monster,"Frost Bat",1
62005,0,51,node,"Amethyst node",1
62005,0,51,node,"Iron node",1
62005,0,51,stone,"",34
62005,0,52,drop,"(O)378",1
62005,0,52,drop,"(O)380",9
62005,0,52,drop,"(O)382",3
62005,0,52,drop,"(O)390",15
62005,0,52,drop,"(O)767",2
62005,0,52,drop,"(O)768",1
62005,0,52,drop,"(O)93",4
62005,0,52,loose,"(O)93",4
62005,0,52,monster,"Dust Spirit",2
62005,0,52,monster,"Frost Bat",1
62005,0,52,monster,"Ghost",1
62005,0,52,node,"Iron node",4
62005,0,52,stone,"",28
62005,0,53,container,"",2
62005,0,53,drop,"(O)382",4
62005,0,53,drop,"(O)390",13
62005,0,53,drop,"(O)412",1
62005,0,53,drop,"(O)536",1
62005,0,53,drop,"(O)709",2
62005,0,53,drop,"(O)766",1
62005,0,53,drop,"(O)767",6
62005,0,53,drop,"(O)768",1
62005,0,53,drop,"(O)80",1
62005,0,53,geode,"(O)545",1
62005,0,53,loose,"(O)80",1
62005,0,53,monster,"Dust Spirit",4
62005,0,53,monster,"Frost Bat",4
62005,0,53,monster,"Frost Jelly",2
62005,0,53,monster,"Ghost",1
62005,0,53,stone,"",20
62005,0,54,drop,"(O)412",1
62005,0,54,drop,"(O)766",15
62005,0,54,drop,"(O)92",9
62005,0,54,monster,"Big Slime",2
62005,0,54,monster,"Frost Jelly",14
62005,0,55,drop,"(O)380",2
62005,0,55,drop,"(O)382",1
62005,0,55,drop,"(O)390",33
62005,0,55,drop,"(O)536",3
62005,0,55,drop,"(O)766",1
62005,0,55,drop,"(O)768",1
62005,0,55,geode,"(O)330",1
62005,0,55,geode,"(O)544",1
62005,0,55,geode,"(O)577",1
62005,0,55,monster,"Frost Jelly",1
62005,0,55,monster,"Ghost",1
62005,0,55,stone,"",64
62005,0,56,drop,"(O)378",1
62005,0,56,drop,"(O)380",3
62005,0,56,drop,"(O)382",4
62005,0,56,drop,"(O)390",36
62005,0,56,drop,"(O)412",1
62005,0,56,drop,"(O)749",2
62005,0,56,drop,"(O)766",1
62005,0,56,drop,"(O)80",1
62005,0,56,drop,"(O)84",1
62005,0,56,drop,"(O)92",2
62005,0,56,geode,"(O)380",3
62005,0,56,geode,"(O)386",1
62005,0,56,loose,"(O)80",1
62005,0,56,loose,"(O)84",1
62005,0,56,monster,"Frost Jelly",2
62005,0,56,stone,"",72
62005,0,57,container,"",4
62005,0,57,drop,"(O)380",10
62005,0,57,drop,"(O)382",9
62005,0,57,drop,"(O)390",55
62005,0,57,drop,"(O)536",1
62005,0,57,drop,"(O)749",1
62005,0,57,drop,"(O)766",2
62005,0,57,drop,"(O)92",2
62005,0,57,geode,"(O)378",5
62005,0,57,geode,"(O)542",1
62005,0,57,monster,"Dust Spirit",2
62005,0,57,monster,"Frost Jelly",3
62005,0,57,node,"Iron node",5
62005,0,57,stone,"",113
62005,0,58,drop,"(O)378",1
62005,0,58,drop,"(O)380",20
62005,0,58,drop,"(O)382",7
62005,0,58,drop,"(O)390",30
62005,0,58,drop,"(O)536",2
62005,0,58,drop,"(O)766",2
62005,0,58,drop,"(O)767",7
62005,0,58,drop,"(O)768",1
62005,0,58,drop,"(O)80",1
62005,0,58,drop,"(O)93",5
62005,0,58,geode,"(O)559",1
62005,0,58,geode,"(O)573",1
62005,0,58,loose,"(O)80",1
62005,0,58,loose,"(O)93",5
62005,0,58,monster,"Dust Spirit",6
62005,0,58,monster,"Frost Bat",5
62005,0,58,monster,"Frost Jelly",2
62005,0,58,monster,"Ghost",1
62005,0,58,node,"Copper node",1
62005,0,58,node,"Iron node",9
62005,0,58,stone,"",73
62005,0,59,container,"",8
62005,0,59,drop,"(O)378",4
62005,0,59,drop,"(O)380",9
62005,0,59,drop,"(O)382",11
62005,0,59,drop,"(O)388",8
62005,0,59,drop,"(O)390",20
62005,0,59,drop,"(O)536",2
62005,0,59,drop,"(O)70",1
62005,0,59,drop,"(O)766",3
62005,0,59,drop,"(O)767",7
62005,0,59,drop,"(O)78",2
62005,0,59,drop,"(O)80",2
62005,0,59,drop,"(O)84",1
62005,0,59,drop,"(O)92",2
62005,0,59,geode,"(O)330",1
62005,0,59,geode,"(O)378",10
62005,0,59,loose,"(O)80",2
62005,0,59,monster,"Dust Spirit",15
62005,0,59,monster,"Frost Bat",5
62005,0,59,monster,"Frost Jelly",4
62005,0,59,node,"Iron node",3
62005,0,59,stone,"",52
62005,0,61,drop,"(O)380",1
62005,0,61,drop,"(O)382",3
62005,0,61,drop,"(O)390",15
62005,0,61,drop,"(O)66",1
62005,0,61,drop,"(O)80",2
62005,0,61,drop,"(O)92",1
62005,0,61,loose,"(O)80",2
62005,0,61,monster,"Frost Jelly",1
62005,0,61,node,"Gem node (mixed)",1
62005,0,61,stone,"",38
62005,0,62,drop,"(O)380",2
62005,0,62,drop,"(O)382",1
62005,0,62,drop,"(O)390",15
62005,0,62,drop,"(O)766",3
62005,0,62,drop,"(O)767",1
62005,0,62,drop,"(O)80",1
62005,0,62,loose,"(O)80",1
62005,0,62,monster,"Dust Spirit",2
62005,0,62,monster,"Frost Bat",1
62005,0,62,monster,"Frost Jelly",3
62005,0,62,node,"Iron node",1
62005,0,62,stone,"",32
62005,0,63,container,"",1
62005,0,63,drop,"(O)378",1
62005,0,63,drop,"(O)380",13
62005,0,63,drop,"(O)382",6
62005,0,63,drop,"(O)390",35
62005,0,63,drop,"(O)536",1
62005,0,63,drop,"(O)80",1
62005,0,63,drop,"(O)93",1
62005,0,63,geode,"(O)572",1
62005,0,63,loose,"(O)80",1
62005,0,63,loose,"(O)93",1
62005,0,63,monster,"Dust Spirit",5
62005,0,63,node,"Iron node",5
62005,0,63,stone,"",79
62005,0,64,container,"",14
62005,0,64,drop,"(O)378",2
62005,0,64,drop,"(O)380",11
62005,0,64,drop,"(O)382",12
62005,0,64,drop,"(O)390",41
62005,0,64,drop,"(O)412",1
62005,0,64,drop,"(O)536",8
62005,0,64,drop,"(O)62",1
62005,0,64,drop,"(O)766",2
62005,0,64,drop,"(O)767",2
62005,0,64,drop,"(O)770",1
62005,0,64,drop,"(O)78",1
62005,0,64,drop,"(O)80",2
62005,0,64,drop,"(O)92",1
62005,0,64,geode,"(O)123",1
62005,0,64,geode,"(O)382",3
62005,0,64,geode,"(O)390",13
62005,0,64,geode,"(O)545",1
62005,0,64,geode,"(O)546",1
62005,0,64,geode,"(O)577",1
62005,0,64,geode,"(O)84",1
62005,0,64,loose,"(O)80",2
62005,0,64,monster,"Dust Spirit",1
62005,0,64,monster,"Frost Bat",1
62005,0,64,monster,"Frost Jelly",4
62005,0,64,node,"Iron node",3
62005,0,64,stone,"",96
62005,0,65,drop,"(O)380",1
62005,0,65,drop,"(O)382",1
62005,0,65,drop,"(O)390",20
62005,0,65,drop,"(O)536",2
62005,0,65,drop,"(O)749",1
62005,0,65,drop,"(O)767",3
62005,0,65,geode,"(O)386",1
62005,0,65,geode,"(O)390",5
62005,0,65,geode,"(O)560",1
62005,0,65,monster,"Dust Spirit",2
62005,0,65,monster,"Frost Bat",2
62005,0,65,stone,"",43
62005,0,66,drop,"(O)382",5
62005,0,66,drop,"(O)766",3
62005,0,66,drop,"(O)767",5
62005,0,66,drop,"(O)768",1
62005,0,66,drop,"(O)84",1
62005,0,66,drop,"(O)92",1
62005,0,66,drop,"(O)97",1
62005,0,66,loose,"(O)84",1
62005,0,66,monster,"Dust Spirit",11
62005,0,66,monster,"Frost Bat",3
62005,0,66,monster,"Frost Jelly",4
62005,0,66,monster,"Ghost",1
62005,0,67,drop,"(O)380",5
62005,0,67,drop,"(O)382",4
62005,0,67,drop,"(O)390",11
62005,0,67,drop,"(O)749",1
62005,0,67,drop,"(O)80",1
62005,0,67,drop,"(O)84",2
62005,0,67,drop,"(O)93",2
62005,0,67,geode,"(O)542",1
62005,0,67,loose,"(O)80",1
62005,0,67,loose,"(O)84",2
62005,0,67,loose,"(O)93",2
62005,0,67,node,"Iron node",2
62005,0,67,stone,"",35
62005,0,68,drop,"(O)287",1
62005,0,68,drop,"(O)378",2
62005,0,68,drop,"(O)380",16
62005,0,68,drop,"(O)382",6
62005,0,68,drop,"(O)390",48
62005,0,68,drop,"(O)536",1
62005,0,68,drop,"(O)766",1
62005,0,68,drop,"(O)767",6
62005,0,68,drop,"(O)92",2
62005,0,68,drop,"(O)97",1
62005,0,68,geode,"(O)380",1
62005,0,68,monster,"Dust Spirit",6
62005,0,68,monster,"Frost Bat",6
62005,0,68,monster,"Frost Jelly",4
62005,0,68,node,"Copper node",2
62005,0,68,node,"Iron node",6
62005,0,68,stone,"",95
62005,0,69,container,"",11
62005,0,69,drop,"(O)378",7
62005,0,69,drop,"(O)380",8
62005,0,69,drop,"(O)382",6
62005,0,69,drop,"(O)390",24
62005,0,69,drop,"(O)749",1
62005,0,69,drop,"(O)770",1
62005,0,69,drop,"(O)78",4
62005,0,69,drop,"(O)80",2
62005,0,69,geode,"(O)382",1
62005,0,69,loose,"(O)80",2
62005,0,69,monster,"Dust Spirit",3
62005,0,69,node,"Iron node",3
62005,0,69,stone,"",57
62005,0,71,drop,"(O)378",3
62005,0,71,drop,"(O)380",9
62005,0,71,drop,"(O)382",6
62005,0,71,drop,"(O)390",22
62005,0,71,drop,"(O)536",1
62005,0,71,drop,"(O)766",1
62005,0,71,drop,"(O)80",1
62005,0,71,drop,"(O)881",1
62005,0,71,drop,"(O)92",1
62005,0,71,geode,"(O)380",3
62005,0,71,loose,"(O)80",1
62005,0,71,monster,"Frost Jelly",1
62005,0,71,monster,"Skeleton",2
62005,0,71,node,"Copper node",1
62005,0,71,node,"Iron node",3
62005,0,71,stone,"",52
62005,0,72,drop,"(O)382",2
62005,0,72,drop,"(O)390",15
62005,0,72,drop,"(O)536",1
62005,0,72,drop,"(O)766",1
62005,0,72,drop,"(O)80",1
62005,0,72,drop,"(O)84",1
62005,0,72,drop,"(O)881",3
62005,0,72,drop,"(O)92",1
62005,0,72,drop,"(O)93",1
62005,0,72,geode,"(O)561",1
62005,0,72,loose,"(O)80",1
62005,0,72,loose,"(O)84",1
62005,0,72,loose,"(O)93",1
62005,0,72,monster,"Dust Spirit",2
62005,0,72,monster,"Frost Jelly",1
62005,0,72,monster,"Skeleton",3
62005,0,72,stone,"",30
62005,0,73,container,"",1
62005,0,73,drop,"(O)380",4
62005,0,73,drop,"(O)382",4
62005,0,73,drop,"(O)384",1
62005,0,73,drop,"(O)390",35
62005,0,73,drop,"(O)536",1
62005,0,73,drop,"(O)881",2
62005,0,73,geode,"(O)573",1
62005,0,73,monster,"Frost Jelly",1
62005,0,73,monster,"Skeleton",1
62005,0,73,node,"Iron node",1
62005,0,73,stone,"",61
62005,0,74,container,"",3
62005,0,74,drop,"(O)378",1
62005,0,74,drop,"(O)380",7
62005,0,74,drop,"(O)382",1
62005,0,74,drop,"(O)390",30
62005,0,74,drop,"(O)881",2
62005,0,74,drop,"(O)93",2
62005,0,74,loose,"(O)93",2
62005,0,74,monster,"Skeleton",2
62005,0,74,node,"Iron node",5
62005,0,74,stone,"",57
62005,0,75,drop,"(O)382",2
62005,0,75,drop,"(O)390",9
62005,0,75,drop,"(O)881",2
62005,0,75,monster,"Skeleton",1
62005,0,75,stone,"",17
62005,0,76,drop,"(O)378",1
62005,0,76,drop,"(O)382",2
62005,0,76,drop,"(O)390",16
62005,0,76,drop,"(O)766",2
62005,0,76,drop,"(O)768",1
62005,0,76,drop,"(O)881",3
62005,0,76,drop,"(O)92",1
62005,0,76,monster,"Frost Jelly",2
62005,0,76,monster,"Ghost",1
62005,0,76,monster,"Skeleton",2
62005,0,76,stone,"",32
62005,0,77,container,"",3
62005,0,77,drop,"(O)378",1
62005,0,77,drop,"(O)380",2
62005,0,77,drop,"(O)382",1
62005,0,77,drop,"(O)390",18
62005,0,77,drop,"(O)536",1
62005,0,77,drop,"(O)768",1
62005,0,77,drop,"(O)770",1
62005,0,77,drop,"(O)80",1
62005,0,77,drop,"(O)84",1
62005,0,77,drop,"(O)881",2
62005,0,77,geode,"(O)380",3
62005,0,77,loose,"(O)80",1
62005,0,77,loose,"(O)84",1
62005,0,77,monster,"Ghost",1
62005,0,77,monster,"Skeleton",1
62005,0,77,stone,"",35
62005,0,78,drop,"(O)378",1
62005,0,78,drop,"(O)380",13
62005,0,78,drop,"(O)382",4
62005,0,78,drop,"(O)390",30
62005,0,78,drop,"(O)536",1
62005,0,78,drop,"(O)766",1
62005,0,78,drop,"(O)881",4
62005,0,78,geode,"(O)84",1
62005,0,78,monster,"Frost Jelly",1
62005,0,78,monster,"Skeleton",4
62005,0,78,node,"Iron node",5
62005,0,78,stone,"",78
62005,0,79,drop,"(O)380",3
62005,0,79,drop,"(O)382",4
62005,0,79,drop,"(O)390",30
62005,0,79,drop,"(O)536",2
62005,0,79,drop,"(O)70",1
62005,0,79,drop,"(O)881",1
62005,0,79,geode,"(O)380",1
62005,0,79,geode,"(O)382",3
62005,0,79,monster,"Skeleton",1
62005,0,79,node,"Iron node",1
62005,0,79,node,"Jade node",1
62005,0,79,stone,"",67
62005,1,41,drop,"(O)378",4
62005,1,41,drop,"(O)380",15
62005,1,41,drop,"(O)390",16
62005,1,41,drop,"(O)412",1
62005,1,41,drop,"(O)536",1
62005,1,41,drop,"(O)766",2
62005,1,41,drop,"(O)84",1
62005,1,41,drop,"(O)92",1
62005,1,41,drop,"(O)93",1
62005,1,41,geode,"(O)390",3
62005,1,41,loose,"(O)84",1
62005,1,41,loose,"(O)93",1
62005,1,41,monster,"Frost Jelly",2
62005,1,41,node,"Copper node",2
62005,1,41,node,"Iron node",7
62005,1,41,stone,"",42
62005,1,42,container,"",3
62005,1,42,drop,"(O)378",17
62005,1,42,drop,"(O)380",1
62005,1,42,drop,"(O)382",6
62005,1,42,drop,"(O)390",24
62005,1,42,drop,"(O)749",2
62005,1,42,drop,"(O)78",1
62005,1,42,drop,"(O)92",1
62005,1,42,geode,"(O)539",1
62005,1,42,geode,"(O)560",1
62005,1,42,monster,"Frost Jelly",1
62005,1,42,node,"Copper node",7
62005,1,42,stone,"",52
62005,1,43,container,"",3
62005,1,43,drop,"(O)382",2
62005,1,43,drop,"(O)390",11
62005,1,43,drop,"(O)412",1
62005,1,43,drop,"(O)766",3
62005,1,43,drop,"(O)84",1
62005,1,43,drop,"(O)92",1
62005,1,43,loose,"(O)84",1
62005,1,43,monster,"Frost Jelly",3
62005,1,43,stone,"",23
62005,1,44,drop,"(O)380",4
62005,1,44,drop,"(O)382",1
62005,1,44,drop,"(O)390",11
62005,1,44,drop,"(O)536",2
62005,1,44,drop,"(O)766",1
62005,1,44,drop,"(O)767",3
62005,1,44,drop,"(O)84",2
62005,1,44,drop,"(O)92",1
62005,1,44,drop,"(O)93",1
62005,1,44,geode,"(O)380",3
62005,1,44,geode,"(O)577",1
62005,1,44,loose,"(O)84",1
62005,1,44,loose,"(O)93",1
62005,1,44,monster,"Dust Spirit",3
62005,1,44,monster,"Frost Bat",2
62005,1,44,monster,"Frost Jelly",1
62005,1,44,node,"Iron node",1
62005,1,44,stone,"",33
62005,1,45,drop,"(O)380",5
62005,1,45,drop,"(O)382",1
62005,1,45,drop,"(O)390",25
62005,1,45,drop,"(O)536",2
62005,1,45,drop,"(O)749",2
62005,1,45,drop,"(O)766",1
62005,1,45,drop,"(O)92",1
62005,1,45,geode,"(O)378",5
62005,1,45,geode,"(O)560",1
62005,1,45,geode,"(O)567",2
62005,1,45,monster,"Frost Jelly",1
62005,1,45,stone,"",51
62005,1,46,container,"",1
62005,1,46,drop,"(O)380",4
62005,1,46,drop,"(O)382",4
62005,1,46,drop,"(O)390",33
62005,1,46,drop,"(O)536",2
62005,1,46,drop,"(O)749",1
62005,1,46,drop,"(O)80",1
62005,1,46,geode,"(O)330",1
62005,1,46,geode,"(O)378",20
62005,1,46,geode,"(O)380",5
62005,1,46,loose,"(O)80",1
62005,1,46,monster,"Frost Jelly",1
62005,1,46,node,"Iron node",2
62005,1,46,stone,"",73
62005,1,47,drop,"(O)380",1
62005,1,47,drop,"(O)382",9
62005,1,47,drop,"(O)390",25
62005,1,47,drop,"(O)414",1
62005,1,47,drop,"(O)433",1
62005,1,47,drop,"(O)766",2
62005,1,47,drop,"(O)80",1
62005,1,47,loose,"(O)80",1
62005,1,47,monster,"Dust Spirit",7
62005,1,47,monster,"Frost Jelly",2
62005,1,47,node,"Iron node",1
62005,1,47,stone,"",54
62005,1,48,drop,"(O)378",1
62005,1,48,drop,"(O)380",6
62005,1,48,drop,"(O)382",5
62005,1,48,drop,"(O)390",38
62005,1,48,drop,"(O)536",1
62005,1,48,drop,"(O)62",1
62005,1,48,drop,"(O)749",3
62005,1,48,drop,"(O)766",1
62005,1,48,drop,"(O)767",1
62005,1,48,geode,"(O)378",8
62005,1,48,geode,"(O)575",1
62005,1,48,geode,"(O)577",1
62005,1,48,monster,"Frost Bat",1
62005,1,48,monster,"Frost Jelly",1
62005,1,48,node,"Aquamarine node",1
62005,1,48,node,"Iron node",2
62005,1,48,stone,"",82
62005,1,49,container,"",2
62005,1,49,drop,"(O)380",14
62005,1,49,drop,"(O)382",3
62005,1,49,drop,"(O)390",59
62005,1,49,drop,"(O)414",1
62005,1,49,drop,"(O)536",5
62005,1,49,drop,"(O)70",1
62005,1,49,drop,"(O)709",1
62005,1,49,drop,"(O)749",1
62005,1,49,drop,"(O)766",1
62005,1,49,drop,"(O)80",1
62005,1,49,geode,"(O)390",3
62005,1,49,geode,"(O)541",1
62005,1,49,geode,"(O)551",2
62005,1,49,geode,"(O)570",1
62005,1,49,geode,"(O)573",1
62005,1,49,loose,"(O)80",1
62005,1,49,monster,"Dust Spirit",4
62005,1,49,monster,"Frost Jelly",1
62005,1,49,node,"Iron node",4
62005,1,49,node,"Jade node",1
62005,1,49,stone,"",121
62005,1,51,drop,"(O)380",3
62005,1,51,drop,"(O)382",5
62005,1,51,drop,"(O)390",22
62005,1,51,drop,"(O)767",1
62005,1,51,drop,"(O)92",1
62005,1,51,monster,"Dust Spirit",7
62005,1,51,monster,"Frost Bat",1
62005,1,51,monster,"Frost Jelly",1
62005,1,51,node,"Iron node",1
62005,1,51,stone,"",44
62005,1,52,container,"",2
62005,1,52,drop,"(O)380",4
62005,1,52,drop,"(O)382",2
62005,1,52,drop,"(O)390",15
62005,1,52,drop,"(O)766",3
62005,1,52,drop,"(O)767",2
62005,1,52,drop,"(O)93",4
62005,1,52,loose,"(O)93",4
62005,1,52,monster,"Dust Spirit",3
62005,1,52,monster,"Frost Bat",1
62005,1,52,monster,"Frost Jelly",3
62005,1,52,node,"Iron node",2
62005,1,52,stone,"",29
62005,1,53,container,"",1
62005,1,53,drop,"(O)380",9
62005,1,53,drop,"(O)382",2
62005,1,53,drop,"(O)390",15
62005,1,53,drop,"(O)412",1
62005,1,53,drop,"(O)536",1
62005,1,53,drop,"(O)766",4
62005,1,53,drop,"(O)767",1
62005,1,53,drop,"(O)768",2
62005,1,53,drop,"(O)84",1
62005,1,53,drop,"(O)92",2
62005,1,53,geode,"(O)330",1
62005,1,53,loose,"(O)84",1
62005,1,53,monster,"Dust Spirit",4
62005,1,53,monster,"Frost Bat",2
62005,1,53,monster,"Frost Jelly",5
62005,1,53,monster,"Ghost",1
62005,1,53,node,"Iron node",3
62005,1,53,stone,"",35
62005,1,54,drop,"(H)57",1
62005,1,54,drop,"(O)380",4
62005,1,54,drop,"(O)382",11
62005,1,54,drop,"(O)390",19
62005,1,54,drop,"(O)536",2
62005,1,54,drop,"(O)749",1
62005,1,54,drop,"(O)766",3
62005,1,54,drop,"(O)767",4
62005,1,54,drop,"(O)768",1
62005,1,54,drop,"(O)80",2
62005,1,54,drop,"(O)92",4
62005,1,54,geode,"(O)330",1
62005,1,54,geode,"(O)390",5
62005,1,54,geode,"(O)551",1
62005,1,54,loose,"(O)80",2
62005,1,54,monster,"Dust Spirit",15
62005,1,54,monster,"Frost Bat",2
62005,1,54,monster,"Frost Jelly",4
62005,1,54,monster,"Ghost",1
62005,1,54,node,"Iron node",2
62005,1,54,stone,"",47
62005,1,55,drop,"(O)380",3
62005,1,55,drop,"(O)382",4
62005,1,55,drop,"(O)390",14
62005,1,55,drop,"(O)536",1
62005,1,55,drop,"(O)766",1
62005,1,55,drop,"(O)767",4
62005,1,55,drop,"(O)768",1
62005,1,55,drop,"(O)92",1
62005,1,55,geode,"(O)541",1
62005,1,55,monster,"Dust Spirit",3
62005,1,55,monster,"Frost Bat",3
62005,1,55,monster,"Frost Jelly",2
62005,1,55,monster,"Ghost",1
62005,1,55,stone,"",36
62005,1,56,container,"",3
62005,1,56,drop,"(O)378",5
62005,1,56,drop,"(O)380",14
62005,1,56,drop,"(O)382",8
62005,1,56,drop,"(O)390",42
62005,1,56,drop,"(O)433",1
62005,1,56,drop,"(O)536",2
62005,1,56,drop,"(O)749",1
62005,1,56,drop,"(O)766",1
62005,1,56,drop,"(O)767",3
62005,1,56,drop,"(O)84",1
62005,1,56,drop,"(O)92",1
62005,1,56,drop,"(O)93",2
62005,1,56,drop,"(O)CarrotSeeds",3
62005,1,56,geode,"(O)390",3
62005,1,56,geode,"(O)563",1
62005,1,56,geode,"(O)564",1
62005,1,56,loose,"(O)84",1
62005,1,56,loose,"(O)93",2
62005,1,56,monster,"Dust Spirit",2
62005,1,56,monster,"Frost Bat",2
62005,1,56,monster,"Frost Jelly",2
62005,1,56,node,"Copper node",1
62005,1,56,node,"Iron node",5
62005,1,56,stone,"",94
62005,1,57,drop,"(O)378",1
62005,1,57,drop,"(O)380",7
62005,1,57,drop,"(O)382",6
62005,1,57,drop,"(O)390",43
62005,1,57,drop,"(O)536",3
62005,1,57,drop,"(O)68",1
62005,1,57,drop,"(O)766",1
62005,1,57,drop,"(O)80",2
62005,1,57,drop,"(O)84",1
62005,1,57,geode,"(O)330",1
62005,1,57,geode,"(O)390",5
62005,1,57,geode,"(O)567",1
62005,1,57,loose,"(O)80",2
62005,1,57,loose,"(O)84",1
62005,1,57,monster,"Dust Spirit",5
62005,1,57,monster,"Frost Jelly",1
62005,1,57,node,"Iron node",2
62005,1,57,node,"Topaz node",1
62005,1,57,stone,"",92
62005,1,58,drop,"(O)380",9
62005,1,58,drop,"(O)382",7
62005,1,58,drop,"(O)384",3
62005,1,58,drop,"(O)390",35
62005,1,58,drop,"(O)536",1
62005,1,58,drop,"(O)766",7
62005,1,58,drop,"(O)767",5
62005,1,58,drop,"(O)768",1
62005,1,58,drop,"(O)92",5
62005,1,58,geode,"(O)378",10
62005,1,58,monster,"Dust Spirit",6
62005,1,58,monster,"Frost Bat",3
62005,1,58,monster,"Frost Jelly",8
62005,1,58,monster,"Ghost",1
62005,1,58,node,"Iron node",4
62005,1,58,stone,"",80
62005,1,59,container,"",1
62005,1,59,drop,"(O)378",1
62005,1,59,drop,"(O)380",5
62005,1,59,drop,"(O)382",6
62005,1,59,drop,"(O)390",58
62005,1,59,drop,"(O)536",6
62005,1,59,drop,"(O)70",1
62005,1,59,drop,"(O)749",1
62005,1,59,drop,"(O)80",1
62005,1,59,drop,"(O)84",1
62005,1,59,geode,"(O)123",1
62005,1,59,geode,"(O)330",1
62005,1,59,geode,"(O)378",10
62005,1,59,geode,"(O)390",5
62005,1,59,geode,"(O)567",1
62005,1,59,geode,"(O)84",1
62005,1,59,loose,"(O)80",1
62005,1,59,loose,"(O)84",1
62005,1,59,monster,"Dust Spirit",7
62005,1,59,node,"Iron node",2
62005,1,59,node,"Jade node",1
62005,1,59,stone,"",121
62005,1,61,drop,"(O)287",1
62005,1,61,drop,"(O)378",2
62005,1,61,drop,"(O)380",6
62005,1,61,drop,"(O)382",4
62005,1,61,drop,"(O)390",18
62005,1,61,drop,"(O)536",1
62005,1,61,drop,"(O)749",1
62005,1,61,drop,"(O)766",1
62005,1,61,drop,"(O)767",2
62005,1,61,drop,"(O)92",1
62005,1,61,geode,"(O)123",1
62005,1,61,geode,"(O)560",1
62005,1,61,monster,"Frost Bat",1
62005,1,61,monster,"Frost Jelly",1
62005,1,61,node,"Iron node",3
62005,1,61,stone,"",37
62005,1,62,drop,"(O)378",2
62005,1,62,drop,"(O)380",4
62005,1,62,drop,"(O)382",3
62005,1,62,drop,"(O)390",30
62005,1,62,drop,"(O)536",2
62005,1,62,drop,"(O)766",1
62005,1,62,drop,"(O)767",3
62005,1,62,drop,"(O)768",1
62005,1,62,drop,"(O)92",1
62005,1,62,geode,"(O)382",1
62005,1,62,geode,"(O)541",1
62005,1,62,monster,"Frost Bat",2
62005,1,62,monster,"Frost Jelly",2
62005,1,62,monster,"Ghost",1
62005,1,62,node,"Iron node",2
62005,1,62,stone,"",73
62005,1,63,container,"",2
62005,1,63,drop,"(O)378",1
62005,1,63,drop,"(O)380",5
62005,1,63,drop,"(O)382",12
62005,1,63,drop,"(O)390",37
62005,1,63,drop,"(O)433",1
62005,1,63,drop,"(O)536",1
62005,1,63,drop,"(O)749",1
62005,1,63,drop,"(O)767",5
62005,1,63,drop,"(O)78",1
62005,1,63,geode,"(O)384",3
62005,1,63,geode,"(O)390",1
62005,1,63,monster,"Dust Spirit",6
62005,1,63,monster,"Frost Bat",4
62005,1,63,node,"Iron node",2
62005,1,63,stone,"",75
62005,1,64,container,"",2
62005,1,64,drop,"(O)380",4
62005,1,64,drop,"(O)382",4
62005,1,64,drop,"(O)390",21
62005,1,64,drop,"(O)412",1
62005,1,64,drop,"(O)766",3
62005,1,64,drop,"(O)767",2
62005,1,64,drop,"(O)768",1
62005,1,64,drop,"(O)80",2
62005,1,64,drop,"(O)84",1
62005,1,64,drop,"(O)92",2
62005,1,64,drop,"(O)CarrotSeeds",3
62005,1,64,loose,"(O)80",2
62005,1,64,loose,"(O)84",1
62005,1,64,monster,"Dust Spirit",4
62005,1,64,monster,"Frost Bat",2
62005,1,64,monster,"Frost Jelly",4
62005,1,64,monster,"Ghost",1
62005,1,64,stone,"",40
62005,1,65,drop,"(O)382",3
62005,1,65,drop,"(O)390",11
62005,1,65,drop,"(O)766",1
62005,1,65,drop,"(O)767",1
62005,1,65,monster,"Dust Spirit",1
62005,1,65,monster,"Frost Bat",1
62005,1,65,monster,"Frost Jelly",1
62005,1,65,stone,"",22
62005,1,66,container,"",1
62005,1,66,drop,"(O)380",8
62005,1,66,drop,"(O)382",3
62005,1,66,drop,"(O)384",1
62005,1,66,drop,"(O)390",28
62005,1,66,drop,"(O)536",6
62005,1,66,drop,"(O)66",2
62005,1,66,drop,"(O)749",1
62005,1,66,drop,"(O)766",1
62005,1,66,drop,"(O)92",1
62005,1,66,geode,"(O)380",12
62005,1,66,geode,"(O)545",1
62005,1,66,geode,"(O)567",1
62005,1,66,geode,"(O)84",1
62005,1,66,monster,"Dust Spirit",3
62005,1,66,monster,"Frost Jelly",1
62005,1,66,node,"Amethyst node",2
62005,1,66,node,"Iron node",2
62005,1,66,stone,"",72
62005,1,67,drop,"(O)380",2
62005,1,67,drop,"(O)384",1
62005,1,67,drop,"(O)390",29
62005,1,67,drop,"(O)536",3
62005,1,67,drop,"(O)62",1
62005,1,67,drop,"(O)766",2
62005,1,67,drop,"(O)92",1
62005,1,67,geode,"(O)541",1
62005,1,67,geode,"(O)544",1
62005,1,67,geode,"(O)551",1
62005,1,67,monster,"Frost Jelly",2
62005,1,67,node,"Aquamarine node",1
62005,1,67,stone,"",72
62005,1,68,container,"",2
62005,1,68,drop,"(O)380",6
62005,1,68,drop,"(O)382",13
62005,1,68,drop,"(O)384",1
62005,1,68,drop,"(O)388",5
62005,1,68,drop,"(O)390",41
62005,1,68,drop,"(O)412",1
62005,1,68,drop,"(O)536",1
62005,1,68,drop,"(O)766",3
62005,1,68,drop,"(O)768",2
62005,1,68,drop,"(O)80",1
62005,1,68,drop,"(O)92",3
62005,1,68,geode,"(O)564",1
62005,1,68,loose,"(O)80",1
62005,1,68,monster,"Dust Spirit",5
62005,1,68,monster,"Frost Jelly",4
62005,1,68,monster,"Ghost",1
62005,1,68,node,"Iron node",2
62005,1,68,stone,"",89
62005,1,69,drop,"(O)380",7
62005,1,69,drop,"(O)382",6
62005,1,69,drop,"(O)390",34
62005,1,69,drop,"(O)536",1
62005,1,69,drop,"(O)749",1
62005,1,69,drop,"(O)768",2
62005,1,69,geode,"(O)378",10
62005,1,69,geode,"(O)552",1
62005,1,69,monster,"Dust Spirit",3
62005,1,69,monster,"Ghost",1
62005,1,69,node,"Iron node",2
62005,1,69,stone,"",83
62005,1,71,drop,"(O)380",3
62005,1,71,drop,"(O)382",3
62005,1,71,drop,"(O)390",27
62005,1,71,drop,"(O)536",4
62005,1,71,drop,"(O)62",1
62005,1,71,drop,"(O)68",1
62005,1,71,drop,"(O)72",1
62005,1,71,drop,"(O)749",1
62005,1,71,geode,"(O)330",1
62005,1,71,geode,"(O)378",1
62005,1,71,geode,"(O)380",4
62005,1,71,geode,"(O)561",1
62005,1,71,monster,"Skeleton",1
62005,1,71,node,"Aquamarine node",1
62005,1,71,node,"Diamond node",1
62005,1,71,node,"Iron node",1
62005,1,71,node,"Topaz node",1
62005,1,71,stone,"",54
62005,1,72,drop,"(O)378",2
62005,1,72,drop,"(O)380",5
62005,1,72,drop,"(O)382",5
62005,1,72,drop,"(O)390",36
62005,1,72,drop,"(O)536",1
62005,1,72,drop,"(O)62",1
62005,1,72,drop,"(O)80",1
62005,1,72,drop,"(O)84",1
62005,1,72,drop,"(O)881",1
62005,1,72,geode,"(O)378",5
62005,1,72,loose,"(O)80",1
62005,1,72,loose,"(O)84",1
62005,1,72,monster,"Skeleton",1
62005,1,72,node,"Aquamarine node",1
62005,1,72,node,"Iron node",1
62005,1,72,stone,"",76
62005,1,73,container,"",1
62005,1,73,drop,"(O)378",1
62005,1,73,drop,"(O)380",4
62005,1,73,drop,"(O)382",2
62005,1,73,drop,"(O)390",31
62005,1,73,drop,"(O)536",3
62005,1,73,drop,"(O)766",1
62005,1,73,drop,"(O)881",3
62005,1,73,drop,"(O)CarrotSeeds",3
62005,1,73,geode,"(O)545",1
62005,1,73,geode,"(O)546",1
62005,1,73,geode,"(O)559",1
62005,1,73,monster,"Frost Jelly",1
62005,1,73,monster,"Skeleton",1
62005,1,73,node,"Iron node",2
62005,1,73,stone,"",58
62005,1,74,drop,"(O)380",9
62005,1,74,drop,"(O)382",1
62005,1,74,drop,"(O)390",20
62005,1,74,drop,"(O)80",1
62005,1,74,drop,"(O)881",2
62005,1,74,drop,"(O)93",1
62005,1,74,loose,"(O)80",1
62005,1,74,loose,"(O)93",1
62005,1,74,monster,"Skeleton",2
62005,1,74,node,"Iron node",5
62005,1,74,stone,"",45
62005,1,75,drop,"(O)378",1
62005,1,75,drop,"(O)380",1
62005,1,75,drop,"(O)382",3
62005,1,75,drop,"(O)390",18
62005,1,75,drop,"(O)536",1
62005,1,75,drop,"(O)881",4
62005,1,75,geode,"(O)390",1
62005,1,75,monster,"Skeleton",2
62005,1,75,stone,"",35
62005,1,76,drop,"(O)380",1
62005,1,76,drop,"(O)390",18
62005,1,76,drop,"(O)66",1
62005,1,76,drop,"(O)80",1
62005,1,76,drop,"(O)881",1
62005,1,76,loose,"(O)80",1
62005,1,76,monster,"Skeleton",1
62005,1,76,node,"Gem node (mixed)",1
62005,1,76,stone,"",41
62005,1,77,container,"",2
62005,1,77,drop,"(O)378",1
62005,1,77,drop,"(O)380",5
62005,1,77,drop,"(O)382",6
62005,1,77,drop,"(O)390",25
62005,1,77,drop,"(O)68",1
62005,1,77,drop,"(O)767",1
62005,1,77,drop,"(O)78",2
62005,1,77,drop,"(O)881",4
62005,1,77,monster,"Frost Bat",1
62005,1,77,monster,"Skeleton",3
62005,1,77,node,"Iron node",1
62005,1,77,node,"Topaz node",1
62005,1,77,stone,"",60
62005,1,78,drop,"(O)380",9
62005,1,78,drop,"(O)382",3
62005,1,78,drop,"(O)384",1
62005,1,78,drop,"(O)390",38
62005,1,78,drop,"(O)536",2
62005,1,78,drop,"(O)66",1
62005,1,78,drop,"(O)766",1
62005,1,78,drop,"(O)881",6
62005,1,78,drop,"(O)93",4
62005,1,78,geode,"(O)551",1
62005,1,78,geode,"(O)560",1
62005,1,78,loose,"(O)93",4
62005,1,78,monster,"Dust Spirit",1
62005,1,78,monster,"Frost Jelly",1
62005,1,78,monster,"Skeleton",5
62005,1,78,node,"Amethyst node",1
62005,1,78,node,"Iron node",2
62005,1,78,stone,"",89
62005,1,79,container,"",3
62005,1,79,drop,"(O)378",1
62005,1,79,drop,"(O)380",3
62005,1,79,drop,"(O)382",5
62005,1,79,drop,"(O)390",13
62005,1,79,drop,"(O)749",1
62005,1,79,drop,"(O)766",2
62005,1,79,drop,"(O)84",2
62005,1,79,drop,"(O)881",7
62005,1,79,drop,"(O)92",1
62005,1,79,geode,"(O)572",1
62005,1,79,loose,"(O)84",2
62005,1,79,monster,"Dust Spirit",3
62005,1,79,monster,"Frost Jelly",2
62005,1,79,monster,"Skeleton",5
62005,1,79,node,"Iron node",1
62005,1,79,stone,"",34
62005,2,41,drop,"(O)380",12
62005,2,41,drop,"(O)382",4
62005,2,41,drop,"(O)390",10
62005,2,41,drop,"(O)766",1
62005,2,41,drop,"(O)767",2
62005,2,41,monster,"Frost Bat",1
62005,2,41,monster,"Frost Jelly",1
62005,2,41,node,"Iron node",6
62005,2,41,stone,"",26
62005,2,42,drop,"(O)380",7
62005,2,42,drop,"(O)382",3
62005,2,42,drop,"(O)390",16
62005,2,42,drop,"(O)536",1
62005,2,42,drop,"(O)766",1
62005,2,42,drop,"(O)80",1
62005,2,42,drop,"(O)84",1
62005,2,42,drop,"(O)92",1
62005,2,42,drop,"(O)93",2
62005,2,42,geode,"(O)545",1
62005,2,42,loose,"(O)80",1
62005,2,42,loose,"(O)84",1
62005,2,42,loose,"(O)93",2
62005,2,42,monster,"Frost Jelly",1
62005,2,42,node,"Iron node",3
62005,2,42,stone,"",33
62005,2,43,container,"",1
62005,2,43,drop,"(O)378",1
62005,2,43,drop,"(O)380",5
62005,2,43,drop,"(O)382",7
62005,2,43,drop,"(O)390",14
62005,2,43,drop,"(O)433",1
62005,2,43,drop,"(O)536",1
62005,2,43,drop,"(O)766",1
62005,2,43,drop,"(O)767",1
62005,2,43,drop,"(O)84",1
62005,2,43,geode,"(O)573",1
62005,2,43,monster,"Dust Spirit",8
62005,2,43,monster,"Frost Bat",1
62005,2,43,monster,"Frost Jelly",1
62005,2,43,node,"Iron node",1
62005,2,43,stone,"",39
62005,2,44,drop,"(O)380",7
62005,2,44,drop,"(O)382",5
62005,2,44,drop,"(O)390",32
62005,2,44,drop,"(O)536",2
62005,2,44,drop,"(O)766",1
62005,2,44,drop,"(O)767",1
62005,2,44,drop,"(O)80",1
62005,2,44,geode,"(O)330",1
62005,2,44,geode,"(O)378",3
62005,2,44,loose,"(O)80",1
62005,2,44,monster,"Dust Spirit",3
62005,2,44,monster,"Frost Bat",1
62005,2,44,monster,"Frost Jelly",1
62005,2,44,node,"Iron node",2
62005,2,44,stone,"",61
62005,2,45,drop,"(O)378",1
62005,2,45,drop,"(O)380",1
62005,2,45,drop,"(O)382",6
62005,2,45,drop,"(O)390",23
62005,2,45,drop,"(O)414",1
62005,2,45,drop,"(O)536",1
62005,2,45,drop,"(O)70",1
62005,2,45,drop,"(O)766",4
62005,2,45,drop,"(O)92",2
62005,2,45,drop,"(O)98",1
62005,2,45,geode,"(O)577",1
62005,2,45,monster,"Dust Spirit",5
62005,2,45,monster,"Frost Jelly",4
62005,2,45,stone,"",49
62005,2,46,container,"",1
62005,2,46,drop,"(O)378",1
62005,2,46,drop,"(O)380",7
62005,2,46,drop,"(O)382",2
62005,2,46,drop,"(O)390",38
62005,2,46,drop,"(O)536",2
62005,2,46,drop,"(O)70",1
62005,2,46,geode,"(O)551",1
62005,2,46,geode,"(O)573",1
62005,2,46,node,"Copper node",1
62005,2,46,node,"Iron node",3
62005,2,46,node,"Jade node",1
62005,2,46,stone,"",69
62005,2,47,container,"",1
62005,2,47,drop,"(O)380",5
62005,2,47,drop,"(O)382",3
62005,2,47,drop,"(O)390",42
62005,2,47,drop,"(O)536",1
62005,2,47,drop,"(O)66",1
62005,2,47,drop,"(O)70",1
62005,2,47,drop,"(O)767",2
62005,2,47,drop,"(O)80",1
62005,2,47,geode,"(O)378",5
62005,2,47,loose,"(O)80",1
62005,2,47,monster,"Dust Spirit",3
62005,2,47,monster,"Frost Bat",1
62005,2,47,node,"Amethyst node",1
62005,2,47,node,"Iron node",1
62005,2,47,stone,"",83
62005,2,48,drop,"(O)378",1
62005,2,48,drop,"(O)380",10
62005,2,48,drop,"(O)382",3
62005,2,48,drop,"(O)390",35
62005,2,48,drop,"(O)536",3
62005,2,48,drop,"(O)766",2
62005,2,48,drop,"(O)80",1
62005,2,48,drop,"(O)84",1
62005,2,48,drop,"(O)92",2
62005,2,48,geode,"(O)546",1
62005,2,48,geode,"(O)84",2
62005,2,48,loose,"(O)80",1
62005,2,48,loose,"(O)84",1
62005,2,48,monster,"Frost Jelly",2
62005,2,48,node,"Iron node",3
62005,2,48,stone,"",86
62005,2,49,container,"",2
62005,2,49,drop,"(O)380",6
62005,2,49,drop,"(O)382",9
62005,2,49,drop,"(O)390",33
62005,2,49,drop,"(O)536",1
62005,2,49,drop,"(O)766",3
62005,2,49,drop,"(O)767",4
62005,2,49,drop,"(O)78",2
62005,2,49,drop,"(O)80",1
62005,2,49,drop,"(O)92",3
62005,2,49,drop,"(O)SkillBook_0",1
62005,2,49,geode,"(O)380",1
62005,2,49,loose,"(O)80",1
62005,2,49,monster,"Dust Spirit",7
62005,2,49,monster,"Frost Bat",2
62005,2,49,monster,"Frost Jelly",4
62005,2,49,node,"Iron node",1
62005,2,49,stone,"",67
62005,2,51,drop,"(O)382",5
62005,2,51,drop,"(O)412",1
62005,2,51,drop,"(O)766",3
62005,2,51,drop,"(O)767",4
62005,2,51,drop,"(O)768",1
62005,2,51,drop,"(O)80",1
62005,2,51,drop,"(O)92",3
62005,2,51,loose,"(O)80",1
62005,2,51,monster,"Dust Spirit",9
62005,2,51,monster,"Frost Bat",3
62005,2,51,monster,"Frost Jelly",4
62005,2,51,monster,"Ghost",1
62005,2,52,drop,"(O)380",4
62005,2,52,drop,"(O)382",1
62005,2,52,drop,"(O)390",11
62005,2,52,drop,"(O)536",2
62005,2,52,drop,"(O)766",1
62005,2,52,drop,"(O)767",2
62005,2,52,drop,"(O)80",1
62005,2,52,geode,"(O)378",1
62005,2,52,geode,"(O)382",3
62005,2,52,loose,"(O)80",1
62005,2,52,monster,"Dust Spirit",3
62005,2,52,monster,"Frost Bat",1
62005,2,52,monster,"Frost Jelly",3
62005,2,52,node,"Iron node",1
62005,2,52,stone,"",33
62005,2,53,drop,"(O)380",3
62005,2,53,drop,"(O)382",1
62005,2,53,drop,"(O)384",1
62005,2,53,drop,"(O)390",13
62005,2,53,drop,"(O)536",1
62005,2,53,drop,"(O)766",1
62005,2,53,drop,"(O)768",1
62005,2,53,drop,"(O)92",4
62005,2,53,drop,"(O)93",1
62005,2,53,geode,"(O)551",1
62005,2,53,loose,"(O)93",1
62005,2,53,monster,"Dust Spirit",2
62005,2,53,monster,"Frost Jelly",4
62005,2,53,monster,"Ghost",1
62005,2,53,node,"Iron node",1
62005,2,53,stone,"",22
62005,2,54,container,"",1
62005,2,54,drop,"(O)378",1
62005,2,54,drop,"(O)380",6
62005,2,54,drop,"(O)382",3
62005,2,54,drop,"(O)390",51
62005,2,54,drop,"(O)536",1
62005,2,54,drop,"(O)749",1
62005,2,54,drop,"(O)766",1
62005,2,54,drop,"(O)767",4
62005,2,54,drop,"(O)80",1
62005,2,54,drop,"(O)92",2
62005,2,54,geode,"(O)378",1
62005,2,54,geode,"(O)390",5
62005,2,54,loose,"(O)80",1
62005,2,54,monster,"Dust Spirit",5
62005,2,54,monster,"Frost Bat",2
62005,2,54,monster,"Frost Jelly",3
62005,2,54,node,"Iron node",2
62005,2,54,stone,"",90
62005,2,55,drop,"(O)378",1
62005,2,55,drop,"(O)380",2
62005,2,55,drop,"(O)382",4
62005,2,55,drop,"(O)384",3
62005,2,55,drop,"(O)390",9
62005,2,55,drop,"(O)68",1
62005,2,55,drop,"(O)766",2
62005,2,55,drop,"(O)767",2
62005,2,55,drop,"(O)768",1
62005,2,55,drop,"(O)92",1
62005,2,55,monster,"Dust Spirit",1
62005,2,55,monster,"Frost Bat",1
62005,2,55,monster,"Frost Jelly",2
62005,2,55,monster,"Ghost",1
62005,2,55,node,"Gem node (mixed)",1
62005,2,55,stone,"",18
62005,2,56,container,"",1
62005,2,56,drop,"(O)380",15
62005,2,56,drop,"(O)382",9
62005,2,56,drop,"(O)390",35
62005,2,56,drop,"(O)766",1
62005,2,56,drop,"(O)767",1
62005,2,56,drop,"(O)80",1
62005,2,56,loose,"(O)80",1
62005,2,56,monster,"Dust Spirit",5
62005,2,56,monster,"Frost Bat",1
62005,2,56,monster,"Frost Jelly",1
62005,2,56,node,"Iron node",6
62005,2,56,stone,"",80
62005,2,57,drop,"(O)378",3
62005,2,57,drop,"(O)380",5
62005,2,57,drop,"(O)382",10
62005,2,57,drop,"(O)390",27
62005,2,57,drop,"(O)412",1
62005,2,57,drop,"(O)536",6
62005,2,57,drop,"(O)70",1
62005,2,57,drop,"(O)767",2
62005,2,57,drop,"(O)768",1
62005,2,57,drop,"(O)92",2
62005,2,57,geode,"(O)378",1
62005,2,57,geode,"(O)380",3
62005,2,57,geode,"(O)390",3
62005,2,57,geode,"(O)561",1
62005,2,57,geode,"(O)567",1
62005,2,57,geode,"(O)572",1
62005,2,57,monster,"Dust Spirit",8
62005,2,57,monster,"Frost Bat",1
62005,2,57,monster,"Frost Jelly",6
62005,2,57,monster,"Ghost",1
62005,2,57,node,"Iron node",3
62005,2,57,stone,"",70
62005,2,58,container,"",1
62005,2,58,drop,"(O)378",1
62005,2,58,drop,"(O)380",7
62005,2,58,drop,"(O)382",9
62005,2,58,drop,"(O)390",46
62005,2,58,drop,"(O)536",2
62005,2,58,drop,"(O)709",2
62005,2,58,drop,"(O)80",1
62005,2,58,drop,"(O)93",5
62005,2,58,geode,"(O)330",1
62005,2,58,geode,"(O)551",1
62005,2,58,loose,"(O)80",1
62005,2,58,loose,"(O)93",5
62005,2,58,monster,"Dust Spirit",3
62005,2,58,node,"Iron node",3
62005,2,58,stone,"",101
62005,2,59,drop,"(O)380",4
62005,2,59,drop,"(O)382",7
62005,2,59,drop,"(O)390",67
62005,2,59,drop,"(O)412",1
62005,2,59,drop,"(O)536",4
62005,2,59,drop,"(O)766",1
62005,2,59,drop,"(O)767",1
62005,2,59,drop,"(O)768",2
62005,2,59,drop,"(O)80",1
62005,2,59,drop,"(O)92",2
62005,2,59,drop,"(O)98",1
62005,2,59,geode,"(O)390",8
62005,2,59,geode,"(O)544",1
62005,2,59,geode,"(O)564",1
62005,2,59,loose,"(O)80",1
62005,2,59,monster,"Dust Spirit",2
62005,2,59,monster,"Frost Bat",1
62005,2,59,monster,"Frost Jelly",2
62005,2,59,monster,"Ghost",1
62005,2,59,node,"Iron node",1
62005,2,59,stone,"",126
62005,2,61,drop,"(O)380",3
62005,2,61,drop,"(O)382",2
62005,2,61,drop,"(O)390",8
62005,2,61,drop,"(O)766",1
62005,2,61,drop,"(O)767",3
62005,2,61,drop,"(O)84",1
62005,2,61,drop,"(O)92",2
62005,2,61,monster,"Dust Spirit",4
62005,2,61,monster,"Frost Bat",2
62005,2,61,monster,"Frost Jelly",2
62005,2,61,node,"Iron node",1
62005,2,61,stone,"",17
62005,2,62,container,"",1
62005,2,62,drop,"(O)380",3
62005,2,62,drop,"(O)382",3
62005,2,62,drop,"(O)390",14
62005,2,62,drop,"(O)536",1
62005,2,62,drop,"(O)66",1
62005,2,62,drop,"(O)709",2
62005,2,62,drop,"(O)766",2
62005,2,62,drop,"(O)92",2
62005,2,62,geode,"(O)577",1
62005,2,62,monster,"Frost Jelly",3
62005,2,62,node,"Amethyst node",1
62005,2,62,node,"Iron node",1
62005,2,62,stone,"",30
62005,2,63,drop,"(O)378",1
62005,2,63,drop,"(O)380",9
62005,2,63,drop,"(O)382",8
62005,2,63,drop,"(O)390",14
62005,2,63,drop,"(O)536",1
62005,2,63,drop,"(O)768",2
62005,2,63,drop,"(O)80",1
62005,2,63,geode,"(O)544",1
62005,2,63,loose,"(O)80",1
62005,2,63,monster,"Dust Spirit",7
62005,2,63,monster,"Frost Jelly",2
62005,2,63,monster,"Ghost",1
62005,2,63,node,"Iron node",3
62005,2,63,stone,"",38
62005,2,64,container,"",1
62005,2,64,drop,"(O)287",1
62005,2,64,drop,"(O)380",3
62005,2,64,drop,"(O)382",5
62005,2,64,drop,"(O)390",27
62005,2,64,drop,"(O)536",2
62005,2,64,drop,"(O)766",2
62005,2,64,drop,"(O)767",1
62005,2,64,drop,"(O)80",1
62005,2,64,geode,"(O)550",1
62005,2,64,geode,"(O)561",1
62005,2,64,loose,"(O)80",1
62005,2,64,monster,"Dust Spirit",7
62005,2,64,monster,"Frost Bat",1
62005,2,64,monster,"Frost Jelly",2
62005,2,64,node,"Iron node",1
62005,2,64,stone,"",49
62005,2,65,drop,"(O)380",1
62005,2,65,drop,"(O)382",1
62005,2,65,drop,"(O)390",22
62005,2,65,drop,"(O)536",1
62005,2,65,drop,"(O)749",1
62005,2,65,geode,"(O)384",3
62005,2,65,geode,"(O)550",1
62005,2,65,stone,"",48
62005,2,66,container,"",3
62005,2,66,drop,"(O)380",3
62005,2,66,drop,"(O)382",1
62005,2,66,drop,"(O)390",17
62005,2,66,drop,"(O)536",2
62005,2,66,drop,"(O)766",1
62005,2,66,geode,"(O)123",1
62005,2,66,geode,"(O)380",1
62005,2,66,monster,"Dust Spirit",2
62005,2,66,monster,"Frost Jelly",1
62005,2,66,node,"Iron node",1
62005,2,66,stone,"",26
62005,2,67,container,"",2
62005,2,67,drop,"(O)380",13
62005,2,67,drop,"(O)382",4
62005,2,67,drop,"(O)384",1
62005,2,67,drop,"(O)390",44
62005,2,67,drop,"(O)536",3
62005,2,67,drop,"(O)72",1
62005,2,67,drop,"(O)766",1
62005,2,67,geode,"(O)390",5
62005,2,67,geode,"(O)559",1
62005,2,67,geode,"(O)564",1
62005,2,67,monster,"Frost Jelly",1
62005,2,67,node,"Diamond node",1
62005,2,67,node,"Iron node",3
62005,2,67,stone,"",87
62005,2,68,drop,"(O)378",1
62005,2,68,drop,"(O)380",7
62005,2,68,drop,"(O)382",6
62005,2,68,drop,"(O)390",46
62005,2,68,drop,"(O)536",1
62005,2,68,drop,"(O)749",1
62005,2,68,drop,"(O)80",1
62005,2,68,geode,"(O)390",1
62005,2,68,geode,"(O)577",1
62005,2,68,loose,"(O)80",1
62005,2,68,monster,"Dust Spirit",2
62005,2,68,monster,"Frost Jelly",1
62005,2,68,node,"Iron node",3
62005,2,68,stone,"",88
62005,2,69,drop,"(F)1369",1
62005,2,69,drop,"(O)382",5
62005,2,69,drop,"(O)390",19
62005,2,69,drop,"(O)749",2
62005,2,69,drop,"(O)766",3
62005,2,69,drop,"(O)768",1
62005,2,69,drop,"(O)80",1
62005,2,69,drop,"(O)84",1
62005,2,69,geode,"(O)378",1
62005,2,69,geode,"(O)549",1
62005,2,69,loose,"(O)80",1
62005,2,69,loose,"(O)84",1
62005,2,69,monster,"Dust Spirit",7
62005,2,69,monster,"Frost Jelly",3
62005,2,69,monster,"Ghost",1
62005,2,69,stone,"",35
62005,2,71,drop,"(O)378",1
62005,2,71,drop,"(O)380",4
62005,2,71,drop,"(O)382",1
62005,2,71,drop,"(O)384",1
62005,2,71,drop,"(O)390",32
62005,2,71,drop,"(O)749",1
62005,2,71,drop,"(O)766",1
62005,2,71,drop,"(O)80",1
62005,2,71,drop,"(O)881",7
62005,2,71,drop,"(O)92",1
62005,2,71,geode,"(O)550",1
62005,2,71,loose,"(O)80",1
62005,2,71,monster,"Frost Jelly",1
62005,2,71,monster,"Skeleton",5
62005,2,71,node,"Iron node",2
62005,2,71,stone,"",54
62005,2,72,drop,"(O)378",2
62005,2,72,drop,"(O)380",3
62005,2,72,drop,"(O)382",12
62005,2,72,drop,"(O)384",2
62005,2,72,drop,"(O)390",43
62005,2,72,drop,"(O)536",2
62005,2,72,drop,"(O)768",2
62005,2,72,drop,"(O)80",2
62005,2,72,geode,"(O)382",1
62005,2,72,geode,"(O)545",1
62005,2,72,loose,"(O)80",2
62005,2,72,monster,"Dust Spirit",2
62005,2,72,monster,"Ghost",1
62005,2,72,node,"Iron node",1
62005,2,72,stone,"",91
62005,2,73,drop,"(O)380",4
62005,2,73,drop,"(O)382",1
62005,2,73,drop,"(O)390",9
62005,2,73,drop,"(O)84",2
62005,2,73,drop,"(O)881",3
62005,2,73,drop,"(W)5",1
62005,2,73,loose,"(O)84",2
62005,2,73,monster,"Skeleton",3
62005,2,73,node,"Iron node",2
62005,2,73,stone,"",19
62005,2,74,container,"",1
62005,2,74,drop,"(O)380",10
62005,2,74,drop,"(O)382",1
62005,2,74,drop,"(O)384",1
62005,2,74,drop,"(O)390",37
62005,2,74,drop,"(O)536",3
62005,2,74,drop,"(O)68",2
62005,2,74,drop,"(O)881",2
62005,2,74,geode,"(O)380",10
62005,2,74,geode,"(O)382",3
62005,2,74,geode,"(O)546",1
62005,2,74,monster,"Skeleton",1
62005,2,74,node,"Gem node (mixed)",1
62005,2,74,node,"Iron node",3
62005,2,74,node,"Topaz node",1
62005,2,74,stone,"",74
62005,2,75,drop,"(O)382",2
62005,2,75,drop,"(O)390",16
62005,2,75,drop,"(O)881",3
62005,2,75,monster,"Skeleton",2
62005,2,75,stone,"",31
62005,2,76,container,"",4
62005,2,76,drop,"(O)380",6
62005,2,76,drop,"(O)382",1
62005,2,76,drop,"(O)384",1
62005,2,76,drop,"(O)388",3
62005,2,76,drop,"(O)390",24
62005,2,76,drop,"(O)536",1
62005,2,76,drop,"(O)62",1
62005,2,76,drop,"(O)78",2
62005,2,76,drop,"(O)881",4
62005,2,76,drop,"(O)93",1
62005,2,76,drop,"(W)5",1
62005,2,76,geode,"(O)390",3
62005,2,76,loose,"(O)93",1
62005,2,76,monster,"Skeleton",4
62005,2,76,node,"Aquamarine node",1
62005,2,76,node,"Iron node",2
62005,2,76,stone,"",46
62005,2,77,drop,"(O)380",6
62005,2,77,drop,"(O)382",2
62005,2,77,drop,"(O)390",32
62005,2,77,drop,"(O)536",2
62005,2,77,drop,"(O)749",1
62005,2,77,drop,"(O)80",1
62005,2,77,geode,"(O)541",1
62005,2,77,geode,"(O)572",1
62005,2,77,geode,"(O)84",1
62005,2,77,loose,"(O)80",1
62005,2,77,node,"Iron node",2
62005,2,77,stone,"",64
62005,2,78,drop,"(O)380",11
62005,2,78,drop,"(O)382",7
62005,2,78,drop,"(O)390",39
62005,2,78,drop,"(O)412",1
62005,2,78,drop,"(O)536",3
62005,2,78,drop,"(O)749",1
62005,2,78,drop,"(O)766",1
62005,2,78,drop,"(O)881",3
62005,2,78,geode,"(O)550",1
62005,2,78,geode,"(O)567",1
62005,2,78,geode,"(O)82",1
62005,2,78,geode,"(O)84",1
62005,2,78,monster,"Frost Jelly",1
62005,2,78,monster,"Skeleton",3
62005,2,78,node,"Iron node",2
62005,2,78,stone,"",89
62005,2,79,drop,"(O)378",1
62005,2,79,drop,"(O)380",6
62005,2,79,drop,"(O)382",6
62005,2,79,drop,"(O)390",34
62005,2,79,drop,"(O)536",2
62005,2,79,drop,"(O)749",1
62005,2,79,geode,"(O)380",5
62005,2,79,geode,"(O)571",1
62005,2,79,geode,"(O)84",1
62005,2,79,monster,"Skeleton",1
62005,2,79,node,"Iron node",1
62005,2,79,stone,"",70
62005,3,41,container,"",4
62005,3,41,drop,"(O)378",8
62005,3,41,drop,"(O)380",2
62005,3,41,drop,"(O)390",20
62005,3,41,node,"Copper node",2
62005,3,41,stone,"",31
62005,3,42,container,"",2
62005,3,42,drop,"(O)378",1
62005,3,42,drop,"(O)382",4
62005,3,42,drop,"(O)390",12
62005,3,42,drop,"(O)536",1
62005,3,42,drop,"(O)766",2
62005,3,42,drop,"(O)92",1
62005,3,42,geode,"(O)559",1
62005,3,42,monster,"Dust Spirit",8
62005,3,42,monster,"Frost Jelly",2
62005,3,42,stone,"",33
62005,3,43,drop,"(O)380",7
62005,3,43,drop,"(O)382",7
62005,3,43,drop,"(O)390",28
62005,3,43,drop,"(O)536",2
62005,3,43,drop,"(O)766",1
62005,3,43,drop,"(O)92",1
62005,3,43,geode,"(O)561",1
62005,3,43,geode,"(O)573",1
62005,3,43,monster,"Dust Spirit",6
62005,3,43,monster,"Frost Bat",1
62005,3,43,monster,"Frost Jelly",1
62005,3,43,node,"Iron node",4
62005,3,43,stone,"",69
62005,3,44,container,"",3
62005,3,44,drop,"(O)380",6
62005,3,44,drop,"(O)382",6
62005,3,44,drop,"(O)388",2
62005,3,44,drop,"(O)390",31
62005,3,44,drop,"(O)536",1
62005,3,44,drop,"(O)78",1
62005,3,44,geode,"(O)390",5
62005,3,44,node,"Iron node",2
62005,3,44,stone,"",59
62005,3,45,drop,"(O)380",1
62005,3,45,drop,"(O)382",4
62005,3,45,drop,"(O)390",24
62005,3,45,drop,"(O)749",1
62005,3,45,geode,"(O)540",1
62005,3,45,monster,"Dust Spirit",1
62005,3,45,stone,"",47
62005,3,46,container,"",2
62005,3,46,drop,"(O)378",3
62005,3,46,drop,"(O)380",11
62005,3,46,drop,"(O)382",1
62005,3,46,drop,"(O)390",26
62005,3,46,drop,"(O)749",1
62005,3,46,drop,"(O)766",1
62005,3,46,drop,"(O)767",1
62005,3,46,drop,"(O)92",1
62005,3,46,drop,"(O)93",1
62005,3,46,geode,"(O)84",1
62005,3,46,loose,"(O)93",1
62005,3,46,monster,"Frost Bat",1
62005,3,46,monster,"Frost Jelly",1
62005,3,46,node,"Copper node",1
62005,3,46,node,"Iron node",6
62005,3,46,stone,"",65
62005,3,47,drop,"(O)382",5
62005,3,47,drop,"(O)766",3
62005,3,47,drop,"(O)767",2
62005,3,47,drop,"(O)92",3
62005,3,47,monster,"Dust Spirit",6
62005,3,47,monster,"Frost Bat",2
62005,3,47,monster,"Frost Jelly",6
62005,3,48,container,"",3
62005,3,48,drop,"(O)378",9
62005,3,48,drop,"(O)380",4
62005,3,48,drop,"(O)382",3
62005,3,48,drop,"(O)390",24
62005,3,48,drop,"(O)536",2
62005,3,48,drop,"(O)749",1
62005,3,48,drop,"(O)766",1
62005,3,48,drop,"(O)78",1
62005,3,48,drop,"(O)80",2
62005,3,48,geode,"(O)390",1
62005,3,48,geode,"(O)84",2
62005,3,48,loose,"(O)80",2
62005,3,48,monster,"Frost Jelly",1
62005,3,48,node,"Iron node",2
62005,3,48,stone,"",57
62005,3,49,drop,"(O)378",1
62005,3,49,drop,"(O)380",6
62005,3,49,drop,"(O)382",8
62005,3,49,drop,"(O)390",32
62005,3,49,drop,"(O)412",1
62005,3,49,drop,"(O)414",1
62005,3,49,drop,"(O)536",1
62005,3,49,drop,"(O)62",1
62005,3,49,drop,"(O)766",4
62005,3,49,drop,"(O)767",4
62005,3,49,drop,"(O)80",1
62005,3,49,drop,"(O)84",1
62005,3,49,drop,"(O)92",4
62005,3,49,geode,"(O)390",5
62005,3,49,loose,"(O)80",1
62005,3,49,loose,"(O)84",1
62005,3,49,monster,"Dust Spirit",4
62005,3,49,monster,"Frost Bat",3
62005,3,49,monster,"Frost Jelly",5
62005,3,49,node,"Aquamarine node",1
62005,3,49,node,"Iron node",2
62005,3,49,stone,"",69
62005,3,51,container,"",3
62005,3,51,drop,"(O)378",2
62005,3,51,drop,"(O)380",7
62005,3,51,drop,"(O)382",2
62005,3,51,drop,"(O)390",27
62005,3,51,drop,"(O)412",2
62005,3,51,drop,"(O)536",2
62005,3,51,drop,"(O)70",1
62005,3,51,drop,"(O)749",1
62005,3,51,drop,"(O)767",1
62005,3,51,drop,"(O)768",1
62005,3,51,drop,"(O)80",1
62005,3,51,geode,"(O)566",1
62005,3,51,geode,"(O)572",1
62005,3,51,geode,"(O)577",1
62005,3,51,loose,"(O)80",1
62005,3,51,monster,"Frost Bat",1
62005,3,51,monster,"Frost Jelly",2
62005,3,51,monster,"Ghost",1
62005,3,51,node,"Iron node",4
62005,3,51,stone,"",61
62005,3,52,container,"",4
62005,3,52,drop,"(O)371",2
62005,3,52,drop,"(O)380",1
62005,3,52,drop,"(O)390",16
62005,3,52,drop,"(O)78",3
62005,3,52,drop,"(O)80",2
62005,3,52,loose,"(O)80",2
62005,3,52,stone,"",26
62005,3,53,container,"",1
62005,3,53,drop,"(O)378",2
62005,3,53,drop,"(O)382",3
62005,3,53,drop,"(O)390",13
62005,3,53,drop,"(O)536",2
62005,3,53,drop,"(O)767",2
62005,3,53,geode,"(O)390",3
62005,3,53,geode,"(O)573",1
62005,3,53,monster,"Dust Spirit",1
62005,3,53,monster,"Frost Bat",1
62005,3,53,stone,"",30
62005,3,54,drop,"(O)380",7
62005,3,54,drop,"(O)382",3
62005,3,54,drop,"(O)390",15
62005,3,54,drop,"(O)766",3
62005,3,54,drop,"(O)767",3
62005,3,54,drop,"(O)768",1
62005,3,54,drop,"(O)80",1
62005,3,54,drop,"(O)92",1
62005,3,54,loose,"(O)80",1
62005,3,54,monster,"Dust Spirit",8
62005,3,54,monster,"Frost Bat",2
62005,3,54,monster,"Frost Jelly",4
62005,3,54,monster,"Ghost",1
62005,3,54,node,"Iron node",4
62005,3,54,stone,"",39
62005,3,55,drop,"(O)380",3
62005,3,55,drop,"(O)382",2
62005,3,55,drop,"(O)390",26
62005,3,55,drop,"(O)536",2
62005,3,55,drop,"(O)766",3
62005,3,55,drop,"(O)767",2
62005,3,55,drop,"(O)768",1
62005,3,55,drop,"(O)92",1
62005,3,55,geode,"(O)550",1
62005,3,55,geode,"(O)567",1
62005,3,55,monster,"Dust Spirit",4
62005,3,55,monster,"Frost Bat",2
62005,3,55,monster,"Frost Jelly",4
62005,3,55,monster,"Ghost",1
62005,3,55,stone,"",39
62005,3,56,drop,"(O)412",1
62005,3,56,drop,"(O)766",8
62005,3,56,drop,"(O)92",3
62005,3,56,monster,"Big Slime",1
62005,3,56,monster,"Frost Jelly",7
62005,3,57,container,"",3
62005,3,57,drop,"(O)378",2
62005,3,57,drop,"(O)380",9
62005,3,57,drop,"(O)382",6
62005,3,57,drop,"(O)388",1
62005,3,57,drop,"(O)390",26
62005,3,57,drop,"(O)536",2
62005,3,57,drop,"(O)70",1
62005,3,57,drop,"(O)749",1
62005,3,57,drop,"(O)766",2
62005,3,57,drop,"(O)84",1
62005,3,57,drop,"(O)92",2
62005,3,57,geode,"(O)380",5
62005,3,57,geode,"(O)390",5
62005,3,57,geode,"(O)568",1
62005,3,57,loose,"(O)84",1
62005,3,57,monster,"Dust Spirit",1
62005,3,57,monster,"Frost Jelly",2
62005,3,57,node,"Iron node",4
62005,3,57,stone,"",64
62005,3,58,container,"",2
62005,3,58,drop,"(O)378",7
62005,3,58,drop,"(O)380",10
62005,3,58,drop,"(O)382",12
62005,3,58,drop,"(O)390",46
62005,3,58,drop,"(O)536",3
62005,3,58,drop,"(O)749",1
62005,3,58,drop,"(O)767",2
62005,3,58,drop,"(O)84",1
62005,3,58,drop,"(O)93",1
62005,3,58,geode,"(O)380",10
62005,3,58,geode,"(O)382",8
62005,3,58,geode,"(O)545",1
62005,3,58,loose,"(O)84",1
62005,3,58,loose,"(O)93",1
62005,3,58,monster,"Dust Spirit",6
62005,3,58,monster,"Frost Bat",2
62005,3,58,monster,"Frost Jelly",1
62005,3,58,node,"Copper node",2
62005,3,58,node,"Iron node",4
62005,3,58,stone,"",96
62005,3,59,drop,"(O)380",10
62005,3,59,drop,"(O)382",9
62005,3,59,drop,"(O)390",49
62005,3,59,drop,"(O)412",1
62005,3,59,drop,"(O)433",1
62005,3,59,drop,"(O)536",2
62005,3,59,drop,"(O)766",4
62005,3,59,drop,"(O)767",4
62005,3,59,drop,"(O)768",1
62005,3,59,drop,"(O)84",1
62005,3,59,drop,"(O)92",1
62005,3,59,geode,"(O)380",1
62005,3,59,geode,"(O)559",1
62005,3,59,loose,"(O)84",1
62005,3,59,monster,"Dust Spirit",8
62005,3,59,monster,"Frost Bat",2
62005,3,59,monster,"Frost Jelly",4
62005,3,59,monster,"Ghost",1
62005,3,59,node,"Iron node",4
62005,3,59,stone,"",91
62005,3,61,drop,"(O)156",1
62005,3,61,drop,"(O)378",1
62005,3,61,drop,"(O)390",15
62005,3,61,drop,"(O)536",1
62005,3,61,drop,"(O)766",2
62005,3,61,drop,"(O)768",1
62005,3,61,drop,"(O)80",2
62005,3,61,drop,"(O)92",2
62005,3,61,drop,"(O)93",1
62005,3,61,geode,"(O)330",1
62005,3,61,loose,"(O)80",2
62005,3,61,loose,"(O)93",1
62005,3,61,monster,"Frost Jelly",2
62005,3,61,monster,"Ghost",1
62005,3,61,stone,"",28
62005,3,62,drop,"(O)380",5
62005,3,62,drop,"(O)382",1
62005,3,62,drop,"(O)390",14
62005,3,62,drop,"(O)536",1
62005,3,62,drop,"(O)766",1
62005,3,62,drop,"(O)767",2
62005,3,62,drop,"(O)92",1
62005,3,62,geode,"(O)390",3
62005,3,62,monster,"Dust Spirit",2
62005,3,62,monster,"Frost Bat",1
62005,3,62,monster,"Frost Jelly",1
62005,3,62,node,"Iron node",2
62005,3,62,stone,"",28
62005,3,63,drop,"(O)378",1
62005,3,63,drop,"(O)380",3
62005,3,63,drop,"(O)382",1
62005,3,63,drop,"(O)390",15
62005,3,63,drop,"(O)536",1
62005,3,63,drop,"(O)749",1
62005,3,63,drop,"(O)766",1
62005,3,63,drop,"(O)768",2
62005,3,63,geode,"(O)382",3
62005,3,63,geode,"(O)543",1
62005,3,63,monster,"Frost Jelly",1
62005,3,63,monster,"Ghost",1
62005,3,63,stone,"",35
62005,3,64,drop,"(O)380",8
62005,3,64,drop,"(O)382",4
62005,3,64,drop,"(O)390",42
62005,3,64,drop,"(O)536",1
62005,3,64,drop,"(O)749",1
62005,3,64,drop,"(O)766",1
62005,3,64,drop,"(O)767",1
62005,3,64,drop,"(O)80",1
62005,3,64,geode,"(O)330",1
62005,3,64,geode,"(O)545",1
62005,3,64,loose,"(O)80",1
62005,3,64,monster,"Frost Bat",1
62005,3,64,monster,"Frost Jelly",1
62005,3,64,node,"Iron node",3
62005,3,64,stone,"",102
62005,3,65,drop,"(O)382",3
62005,3,65,drop,"(O)390",22
62005,3,65,drop,"(O)536",2
62005,3,65,drop,"(O)72",1
62005,3,65,drop,"(O)92",1
62005,3,65,geode,"(O)390",3
62005,3,65,geode,"(O)550",1
62005,3,65,monster,"Dust Spirit",4
62005,3,65,monster,"Frost Jelly",1
62005,3,65,node,"Diamond node",1
62005,3,65,stone,"",47
62005,3,66,container,"",1
62005,3,66,drop,"(O)380",5
62005,3,66,drop,"(O)382",11
62005,3,66,drop,"(O)384",1
62005,3,66,drop,"(O)390",20
62005,3,66,drop,"(O)412",1
62005,3,66,drop,"(O)536",1
62005,3,66,drop,"(O)766",2
62005,3,66,drop,"(O)767",3
62005,3,66,drop,"(O)768",1
62005,3,66,drop,"(O)80",2
62005,3,66,drop,"(O)92",1
62005,3,66,geode,"(O)541",1
62005,3,66,loose,"(O)80",2
62005,3,66,monster,"Dust Spirit",4
62005,3,66,monster,"Frost Bat",2
62005,3,66,monster,"Frost Jelly",2
62005,3,66,monster,"Ghost",1
62005,3,66,node,"Iron node",1
62005,3,66,stone,"",59
62005,3,67,drop,"(O)378",1
62005,3,67,drop,"(O)380",4
62005,3,67,drop,"(O)382",6
62005,3,67,drop,"(O)384",1
62005,3,67,drop,"(O)390",38
62005,3,67,drop,"(O)412",1
62005,3,67,drop,"(O)536",2
62005,3,67,drop,"(O)66",1
62005,3,67,drop,"(O)766",6
62005,3,67,drop,"(O)767",1
62005,3,67,drop,"(O)768",1
62005,3,67,drop,"(O)92",1
62005,3,67,geode,"(O)378",1
62005,3,67,geode,"(O)544",1
62005,3,67,monster,"Dust Spirit",2
62005,3,67,monster,"Frost Bat",2
62005,3,67,monster,"Frost Jelly",6
62005,3,67,monster,"Ghost",1
62005,3,67,node,"Amethyst node",1
62005,3,67,node,"Iron node",2
62005,3,67,stone,"",75
62005,3,68,drop,"(O)378",2
62005,3,68,drop,"(O)380",6
62005,3,68,drop,"(O)382",4
62005,3,68,drop,"(O)390",44
62005,3,68,drop,"(O)412",1
62005,3,68,drop,"(O)536",5
62005,3,68,drop,"(O)766",3
62005,3,68,drop,"(O)767",9
62005,3,68,drop,"(O)768",1
62005,3,68,drop,"(O)80",1
62005,3,68,drop,"(O)92",1
62005,3,68,geode,"(O)378",10
62005,3,68,geode,"(O)390",5
62005,3,68,geode,"(O)559",2
62005,3,68,geode,"(O)84",1
62005,3,68,loose,"(O)80",1
62005,3,68,monster,"Frost Bat",5
62005,3,68,monster,"Frost Jelly",5
62005,3,68,monster,"Ghost",1
62005,3,68,node,"Iron node",3
62005,3,68,stone,"",82
62005,3,69,drop,"(O)378",1
62005,3,69,drop,"(O)380",12
62005,3,69,drop,"(O)382",7
62005,3,69,drop,"(O)390",38
62005,3,69,drop,"(O)536",1
62005,3,69,drop,"(O)72",1
62005,3,69,drop,"(O)749",1
62005,3,69,drop,"(O)766",1
62005,3,69,geode,"(O)123",1
62005,3,69,geode,"(O)384",5
62005,3,69,monster,"Frost Jelly",1
62005,3,69,node,"Diamond node",1
62005,3,69,node,"Iron node",4
62005,3,69,stone,"",89
62005,3,71,drop,"(O)380",4
62005,3,71,drop,"(O)382",2
62005,3,71,drop,"(O)390",19
62005,3,71,drop,"(O)536",3
62005,3,71,drop,"(O)80",1
62005,3,71,drop,"(O)881",1
62005,3,71,drop,"(O)93",2
62005,3,71,geode,"(O)544",1
62005,3,71,geode,"(O)560",1
62005,3,71,geode,"(O)84",1
62005,3,71,loose,"(O)80",1
62005,3,71,loose,"(O)93",2
62005,3,71,monster,"Skeleton",2
62005,3,71,node,"Iron node",2
62005,3,71,stone,"",41
62005,3,72,container,"",4
62005,3,72,drop,"(O)380",7
62005,3,72,drop,"(O)382",1
62005,3,72,drop,"(O)390",17
62005,3,72,drop,"(O)536",1
62005,3,72,drop,"(O)78",2
62005,3,72,drop,"(O)881",2
62005,3,72,geode,"(O)560",1
62005,3,72,monster,"Dust Spirit",3
62005,3,72,monster,"Skeleton",1
62005,3,72,node,"Iron node",1
62005,3,72,stone,"",40
62005,3,73,drop,"(O)380",5
62005,3,73,drop,"(O)382",2
62005,3,73,drop,"(O)390",23
62005,3,73,drop,"(O)536",1
62005,3,73,drop,"(O)66",1
62005,3,73,drop,"(O)881",4
62005,3,73,geode,"(O)330",1
62005,3,73,monster,"Skeleton",4
62005,3,73,node,"Amethyst node",1
62005,3,73,node,"Iron node",2
62005,3,73,stone,"",41
62005,3,74,drop,"(O)380",7
62005,3,74,drop,"(O)382",2
62005,3,74,drop,"(O)390",36
62005,3,74,drop,"(O)536",2
62005,3,74,drop,"(O)84",2
62005,3,74,drop,"(O)881",1
62005,3,74,geode,"(O)545",1
62005,3,74,geode,"(O)572",1
62005,3,74,loose,"(O)84",2
62005,3,74,monster,"Skeleton",1
62005,3,74,node,"Iron node",2
62005,3,74,stone,"",75
62005,3,75,drop,"(O)382",1
62005,3,75,drop,"(O)390",16
62005,3,75,drop,"(O)536",1
62005,3,75,geode,"(O)541",1
62005,3,75,stone,"",28
62005,3,76,drop,"(O)378",1
62005,3,76,drop,"(O)380",7
62005,3,76,drop,"(O)382",6
62005,3,76,drop,"(O)390",30
62005,3,76,drop,"(O)536",2
62005,3,76,drop,"(O)80",1
62005,3,76,drop,"(O)84",1
62005,3,76,drop,"(O)881",4
62005,3,76,geode,"(O)380",20
62005,3,76,geode,"(O)560",1
62005,3,76,loose,"(O)80",1
62005,3,76,loose,"(O)84",1
62005,3,76,monster,"Dust Spirit",3
62005,3,76,monster,"Skeleton",2
62005,3,76,node,"Iron node",2
62005,3,76,stone,"",78
62005,3,77,drop,"(O)380",10
62005,3,77,drop,"(O)382",6
62005,3,77,drop,"(O)390",34
62005,3,77,drop,"(O)536",1
62005,3,77,drop,"(O)66",1
62005,3,77,drop,"(O)70",1
62005,3,77,drop,"(O)80",1
62005,3,77,drop,"(O)881",2
62005,3,77,geode,"(O)382",1
62005,3,77,loose,"(O)80",1
62005,3,77,monster,"Dust Spirit",3
62005,3,77,monster,"Skeleton",8
62005,3,77,node,"Amethyst node",1
62005,3,77,node,"Iron node",4
62005,3,77,node,"Jade node",1
62005,3,77,stone,"",83
62005,3,78,drop,"(O)378",1
62005,3,78,drop,"(O)380",3
62005,3,78,drop,"(O)382",3
62005,3,78,drop,"(O)390",24
62005,3,78,drop,"(O)536",2
62005,3,78,drop,"(O)749",1
62005,3,78,geode,"(O)330",1
62005,3,78,geode,"(O)565",1
62005,3,78,geode,"(O)577",1
62005,3,78,stone,"",44
62005,3,79,drop,"(O)380",7
62005,3,79,drop,"(O)382",2
62005,3,79,drop,"(O)384",1
62005,3,79,drop,"(O)390",16
62005,3,79,drop,"(O)881",6
62005,3,79,monster,"Dust Spirit",4
62005,3,79,monster,"Skeleton",6
62005,3,79,node,"Iron node",3
62005,3,79,stone,"",45
62005,4,41,drop,"(O)378",1
62005,4,41,drop,"(O)380",4
62005,4,41,drop,"(O)382",1
62005,4,41,drop,"(O)390",23
62005,4,41,drop,"(O)80",2
62005,4,41,loose,"(O)80",2
62005,4,41,node,"Iron node",1
62005,4,41,stone,"",34
62005,4,42,drop,"(O)380",2
62005,4,42,drop,"(O)382",1
62005,4,42,drop,"(O)390",17
62005,4,42,drop,"(O)766",1
62005,4,42,drop,"(O)80",2
62005,4,42,drop,"(O)92",2
62005,4,42,loose,"(O)80",2
62005,4,42,monster,"Frost Jelly",3
62005,4,42,node,"Iron node",1
62005,4,42,stone,"",33
62005,4,43,container,"",1
62005,4,43,drop,"(O)378",1
62005,4,43,drop,"(O)380",13
62005,4,43,drop,"(O)382",8
62005,4,43,drop,"(O)390",27
62005,4,43,drop,"(O)766",3
62005,4,43,drop,"(O)767",5
62005,4,43,drop,"(O)92",3
62005,4,43,drop,"(O)93",5
62005,4,43,loose,"(O)93",5
62005,4,43,monster,"Dust Spirit",6
62005,4,43,monster,"Frost Bat",3
62005,4,43,monster,"Frost Jelly",3
62005,4,43,node,"Iron node",4
62005,4,43,stone,"",65
62005,4,44,drop,"(O)380",5
62005,4,44,drop,"(O)382",3
62005,4,44,drop,"(O)390",11
62005,4,44,drop,"(O)412",1
62005,4,44,drop,"(O)766",2
62005,4,44,drop,"(O)80",2
62005,4,44,drop,"(O)92",2
62005,4,44,loose,"(O)80",2
62005,4,44,monster,"Dust Spirit",4
62005,4,44,monster,"Frost Jelly",4
62005,4,44,node,"Iron node",1
62005,4,44,stone,"",31
62005,4,45,drop,"(O)287",1
62005,4,45,drop,"(O)380",1
62005,4,45,drop,"(O)382",3
62005,4,45,drop,"(O)390",16
62005,4,45,drop,"(O)412",1
62005,4,45,drop,"(O)536",1
62005,4,45,drop,"(O)70",1
62005,4,45,drop,"(O)766",5
62005,4,45,drop,"(O)767",2
62005,4,45,drop,"(O)92",6
62005,4,45,geode,"(O)380",1
62005,4,45,monster,"Dust Spirit",1
62005,4,45,monster,"Frost Bat",1
62005,4,45,monster,"Frost Jelly",7
62005,4,45,node,"Gem node (mixed)",1
62005,4,45,stone,"",30
62005,4,46,drop,"(O)380",5
62005,4,46,drop,"(O)382",2
62005,4,46,drop,"(O)390",12
62005,4,46,drop,"(O)412",1
62005,4,46,drop,"(O)766",3
62005,4,46,drop,"(O)92",1
62005,4,46,drop,"(O)93",3
62005,4,46,loose,"(O)93",3
62005,4,46,monster,"Dust Spirit",1
62005,4,46,monster,"Frost Jelly",4
62005,4,46,node,"Iron node",2
62005,4,46,stone,"",35
62005,4,47,container,"",1
62005,4,47,drop,"(O)380",10
62005,4,47,drop,"(O)382",3
62005,4,47,drop,"(O)390",32
62005,4,47,drop,"(O)412",1
62005,4,47,drop,"(O)536",2
62005,4,47,drop,"(O)766",4
62005,4,47,drop,"(O)80",1
62005,4,47,drop,"(O)92",4
62005,4,47,geode,"(O)544",1
62005,4,47,geode,"(O)559",1
62005,4,47,loose,"(O)80",1
62005,4,47,monster,"Frost Jelly",6
62005,4,47,node,"Iron node",2
62005,4,47,stone,"",71
62005,4,48,drop,"(O)287",1
62005,4,48,drop,"(O)382",2
62005,4,48,drop,"(O)412",1
62005,4,48,drop,"(O)766",4
62005,4,48,drop,"(O)767",1
62005,4,48,drop,"(O)92",2
62005,4,48,monster,"Dust Spirit",4
62005,4,48,monster,"Frost Bat",1
62005,4,48,monster,"Frost Jelly",6
62005,4,49,drop,"(O)380",6
62005,4,49,drop,"(O)382",10
62005,4,49,drop,"(O)390",28
62005,4,49,drop,"(O)536",3
62005,4,49,drop,"(O)68",1
62005,4,49,drop,"(O)749",1
62005,4,49,drop,"(O)767",2
62005,4,49,drop,"(O)84",1
62005,4,49,geode,"(O)380",3
62005,4,49,geode,"(O)545",1
62005,4,49,geode,"(O)551",1
62005,4,49,geode,"(O)559",1
62005,4,49,loose,"(O)84",1
62005,4,49,monster,"Dust Spirit",5
62005,4,49,monster,"Frost Bat",1
62005,4,49,node,"Iron node",1
62005,4,49,node,"Topaz node",1
62005,4,49,stone,"",71
62005,4,51,drop,"(O)378",1
62005,4,51,drop,"(O)380",3
62005,4,51,drop,"(O)382",2
62005,4,51,drop,"(O)390",16
62005,4,51,drop,"(O)749",1
62005,4,51,drop,"(O)766",1
62005,4,51,drop,"(O)767",2
62005,4,51,drop,"(O)80",1
62005,4,51,drop,"(O)92",2
62005,4,51,geode,"(O)545",1
62005,4,51,loose,"(O)80",1
62005,4,51,monster,"Dust Spirit",3
62005,4,51,monster,"Frost Bat",1
62005,4,51,monster,"Frost Jelly",3
62005,4,51,node,"Iron node",1
62005,4,51,stone,"",29
62005,4,52,container,"",1
62005,4,52,drop,"(O)378",1
62005,4,52,drop,"(O)380",1
62005,4,52,drop,"(O)382",1
62005,4,52,drop,"(O)388",1
62005,4,52,drop,"(O)390",12
62005,4,52,stone,"",24
62005,4,53,container,"",4
62005,4,53,drop,"(O)371",2
62005,4,53,drop,"(O)380",6
62005,4,53,drop,"(O)382",4
62005,4,53,drop,"(O)390",15
62005,4,53,drop,"(O)412",1
62005,4,53,drop,"(O)536",3
62005,4,53,drop,"(O)749",2
62005,4,53,drop,"(O)766",5
62005,4,53,drop,"(O)768",2
62005,4,53,drop,"(O)92",3
62005,4,53,geode,"(O)330",1
62005,4,53,geode,"(O)378",5
62005,4,53,geode,"(O)390",5
62005,4,53,geode,"(O)561",1
62005,4,53,geode,"(O)577",1
62005,4,53,monster,"Dust Spirit",4
62005,4,53,monster,"Frost Jelly",5
62005,4,53,monster,"Ghost",1
62005,4,53,node,"Iron node",2
62005,4,53,stone,"",32
62005,4,54,container,"",4
62005,4,54,drop,"(O)378",5
62005,4,54,drop,"(O)380",8
62005,4,54,drop,"(O)382",3
62005,4,54,drop,"(O)390",31
62005,4,54,drop,"(O)536",6
62005,4,54,drop,"(O)78",2
62005,4,54,drop,"(O)93",1
62005,4,54,geode,"(O)330",1
62005,4,54,geode,"(O)378",5
62005,4,54,geode,"(O)541",1
62005,4,54,geode,"(O)546",1
62005,4,54,geode,"(O)577",1
62005,4,54,geode,"(O)84",1
62005,4,54,loose,"(O)93",1
62005,4,54,monster,"Dust Spirit",2
62005,4,54,node,"Iron node",3
62005,4,54,stone,"",84
62005,4,55,drop,"(O)380",2
62005,4,55,drop,"(O)382",1
62005,4,55,drop,"(O)390",7
62005,4,55,drop,"(O)766",1
62005,4,55,drop,"(O)92",1
62005,4,55,monster,"Frost Jelly",1
62005,4,55,stone,"",16
62005,4,56,container,"",2
62005,4,56,drop,"(O)380",11
62005,4,56,drop,"(O)382",4
62005,4,56,drop,"(O)388",2
62005,4,56,drop,"(O)390",42
62005,4,56,drop,"(O)536",2
62005,4,56,drop,"(O)768",1
62005,4,56,drop,"(O)80",1
62005,4,56,geode,"(O)390",3
62005,4,56,geode,"(O)561",1
62005,4,56,loose,"(O)80",1
62005,4,56,monster,"Dust Spirit",4
62005,4,56,monster,"Ghost",1
62005,4,56,node,"Iron node",3
62005,4,56,stone,"",87
62005,4,57,drop,"(O)378",5
62005,4,57,drop,"(O)380",3
62005,4,57,drop,"(O)382",5
62005,4,57,drop,"(O)390",37
62005,4,57,drop,"(O)414",1
62005,4,57,drop,"(O)536",1
62005,4,57,drop,"(O)60",1
62005,4,57,drop,"(O)749",1
62005,4,57,drop,"(O)766",1
62005,4,57,drop,"(O)767",6
62005,4,57,drop,"(O)768",1
62005,4,57,drop,"(O)80",2
62005,4,57,drop,"(O)84",1
62005,4,57,geode,"(O)384",3
62005,4,57,geode,"(O)544",1
62005,4,57,loose,"(O)80",2
62005,4,57,loose,"(O)84",1
62005,4,57,monster,"Dust Spirit",7
62005,4,57,monster,"Frost Bat",4
62005,4,57,monster,"Frost Jelly",1
62005,4,57,monster,"Ghost",1
62005,4,57,node,"Copper node",3
62005,4,57,node,"Gem node (mixed)",1
62005,4,57,node,"Iron node",1
62005,4,57,stone,"",89
62005,4,58,container,"",1
62005,4,58,drop,"(O)380",12
62005,4,58,drop,"(O)382",12
62005,4,58,drop,"(O)384",2
62005,4,58,drop,"(O)390",64
62005,4,58,drop,"(O)536",2
62005,4,58,drop,"(O)70",1
62005,4,58,drop,"(O)749",1
62005,4,58,drop,"(O)766",6
62005,4,58,drop,"(O)84",1
62005,4,58,drop,"(O)92",3
62005,4,58,drop,"(O)98",1
62005,4,58,geode,"(O)560",1
62005,4,58,geode,"(O)565",1
62005,4,58,geode,"(O)567",1
62005,4,58,loose,"(O)84",1
62005,4,58,monster,"Dust Spirit",8
62005,4,58,monster,"Frost Jelly",6
62005,4,58,monster,"Ghost",1
62005,4,58,node,"Iron node",5
62005,4,58,stone,"",121
62005,4,59,drop,"(O)380",5
62005,4,59,drop,"(O)382",4
62005,4,59,drop,"(O)390",49
62005,4,59,drop,"(O)536",2
62005,4,59,drop,"(O)768",1
62005,4,59,geode,"(O)390",3
62005,4,59,geode,"(O)551",1
62005,4,59,monster,"Ghost",1
62005,4,59,node,"Iron node",1
62005,4,59,stone,"",99
62005,4,61,container,"",1
62005,4,61,drop,"(O)382",2
62005,4,61,drop,"(O)390",15
62005,4,61,drop,"(O)749",1
62005,4,61,drop,"(O)80",2
62005,4,61,geode,"(O)386",3
62005,4,61,loose,"(O)80",2
62005,4,61,stone,"",23
62005,4,62,container,"",3
62005,4,62,drop,"(O)378",1
62005,4,62,drop,"(O)380",5
62005,4,62,drop,"(O)382",7
62005,4,62,drop,"(O)390",43
62005,4,62,drop,"(O)412",1
62005,4,62,drop,"(O)536",3
62005,4,62,drop,"(O)70",1
62005,4,62,drop,"(O)749",1
62005,4,62,drop,"(O)766",2
62005,4,62,drop,"(O)767",2
62005,4,62,drop,"(O)92",2
62005,4,62,geode,"(O)382",1
62005,4,62,geode,"(O)390",3
62005,4,62,geode,"(O)572",1
62005,4,62,geode,"(O)577",1
62005,4,62,monster,"Dust Spirit",4
62005,4,62,monster,"Frost Bat",1
62005,4,62,monster,"Frost Jelly",3
62005,4,62,node,"Iron node",2
62005,4,62,stone,"",73
62005,4,63,container,"",2
62005,4,63,drop,"(O)371",3
62005,4,63,drop,"(O)380",6
62005,4,63,drop,"(O)382",6
62005,4,63,drop,"(O)390",25
62005,4,63,drop,"(O)433",1
62005,4,63,drop,"(O)536",1
62005,4,63,drop,"(O)766",2
62005,4,63,drop,"(O)93",2
62005,4,63,geode,"(O)380",5
62005,4,63,loose,"(O)93",2
62005,4,63,monster,"Dust Spirit",3
62005,4,63,monster,"Frost Jelly",2
62005,4,63,node,"Iron node",2
62005,4,63,stone,"",45
62005,4,64,drop,"(O)378",1
62005,4,64,drop,"(O)380",9
62005,4,64,drop,"(O)382",8
62005,4,64,drop,"(O)390",50
62005,4,64,drop,"(O)536",2
62005,4,64,drop,"(O)68",1
62005,4,64,drop,"(O)749",1
62005,4,64,drop,"(O)766",1
62005,4,64,drop,"(O)767",2
62005,4,64,drop,"(O)92",2
62005,4,64,geode,"(O)390",10
62005,4,64,geode,"(O)559",1
62005,4,64,geode,"(O)560",1
62005,4,64,monster,"Dust Spirit",6
62005,4,64,monster,"Frost Bat",1
62005,4,64,monster,"Frost Jelly",3
62005,4,64,node,"Iron node",4
62005,4,64,node,"Topaz node",1
62005,4,64,stone,"",96
62005,4,65,drop,"(O)390",16
62005,4,65,drop,"(O)536",3
62005,4,65,drop,"(O)749",1
62005,4,65,drop,"(O)766",2
62005,4,65,geode,"(O)380",10
62005,4,65,geode,"(O)390",3
62005,4,65,geode,"(O)548",1
62005,4,65,geode,"(O)84",1
62005,4,65,monster,"Frost Jelly",2
62005,4,65,stone,"",26
62005,4,66,drop,"(O)378",3
62005,4,66,drop,"(O)380",4
62005,4,66,drop,"(O)382",8
62005,4,66,drop,"(O)390",25
62005,4,66,drop,"(O)412",1
62005,4,66,drop,"(O)414",1
62005,4,66,drop,"(O)433",1
62005,4,66,drop,"(O)766",3
62005,4,66,drop,"(O)768",1
62005,4,66,drop,"(O)92",3
62005,4,66,drop,"(O)93",2
62005,4,66,loose,"(O)93",2
62005,4,66,monster,"Dust Spirit",7
62005,4,66,monster,"Frost Jelly",3
62005,4,66,monster,"Ghost",1
62005,4,66,node,"Copper node",2
62005,4,66,node,"Iron node",2
62005,4,66,stone,"",64
62005,4,67,drop,"(O)380",5
62005,4,67,drop,"(O)382",3
62005,4,67,drop,"(O)390",19
62005,4,67,drop,"(O)766",1
62005,4,67,drop,"(O)767",1
62005,4,67,drop,"(O)768",1
62005,4,67,drop,"(O)92",1
62005,4,67,monster,"Frost Bat",1
62005,4,67,monster,"Frost Jelly",1
62005,4,67,monster,"Ghost",1
62005,4,67,node,"Iron node",3
62005,4,67,stone,"",48
62005,4,68,drop,"(O)378",1
62005,4,68,drop,"(O)380",6
62005,4,68,drop,"(O)382",11
62005,4,68,drop,"(O)390",72
62005,4,68,drop,"(O)536",4
62005,4,68,drop,"(O)80",1
62005,4,68,geode,"(O)378",1
62005,4,68,geode,"(O)390",3
62005,4,68,geode,"(O)545",1
62005,4,68,geode,"(O)561",1
62005,4,68,loose,"(O)80",1
62005,4,68,monster,"Dust Spirit",2
62005,4,68,node,"Iron node",2
62005,4,68,stone,"",138
62005,4,69,container,"",2
62005,4,69,drop,"(O)380",5
62005,4,69,drop,"(O)382",11
62005,4,69,drop,"(O)384",2
62005,4,69,drop,"(O)388",4
62005,4,69,drop,"(O)390",22
62005,4,69,drop,"(O)766",2
62005,4,69,drop,"(O)767",2
62005,4,69,drop,"(O)80",1
62005,4,69,drop,"(O)92",1
62005,4,69,loose,"(O)80",1
62005,4,69,monster,"Dust Spirit",12
62005,4,69,monster,"Frost Bat",1
62005,4,69,monster,"Frost Jelly",2
62005,4,69,node,"Iron node",2
62005,4,69,stone,"",50
62005,4,71,drop,"(O)380",2
62005,4,71,drop,"(O)382",4
62005,4,71,drop,"(O)390",29
62005,4,71,drop,"(O)66",1
62005,4,71,drop,"(O)68",1
62005,4,71,drop,"(O)881",2
62005,4,71,monster,"Skeleton",2
62005,4,71,node,"Amethyst node",1
62005,4,71,node,"Iron node",1
62005,4,71,node,"Topaz node",1
62005,4,71,stone,"",49
62005,4,72,container,"",1
62005,4,72,drop,"(O)380",4
62005,4,72,drop,"(O)382",8
62005,4,72,drop,"(O)390",29
62005,4,72,drop,"(O)881",2
62005,4,72,drop,"(O)92",3
62005,4,72,monster,"Skeleton",2
62005,4,72,node,"Iron node",2
62005,4,72,stone,"",64
62005,4,73,drop,"(O)378",1
62005,4,73,drop,"(O)380",2
62005,4,73,drop,"(O)390",16
62005,4,73,drop,"(O)766",2
62005,4,73,drop,"(O)80",1
62005,4,73,loose,"(O)80",1
62005,4,73,monster,"Frost Jelly",2
62005,4,73,node,"Iron node",1
62005,4,73,stone,"",32
62005,4,74,container,"",2
62005,4,74,drop,"(O)380",14
62005,4,74,drop,"(O)382",3
62005,4,74,drop,"(O)390",28
62005,4,74,drop,"(O)536",2
62005,4,74,drop,"(O)66",1
62005,4,74,drop,"(O)709",2
62005,4,74,drop,"(O)84",1
62005,4,74,drop,"(O)881",2
62005,4,74,drop,"(O)93",1
62005,4,74,geode,"(O)330",1
62005,4,74,geode,"(O)559",1
62005,4,74,loose,"(O)84",1
62005,4,74,loose,"(O)93",1
62005,4,74,monster,"Skeleton",2
62005,4,74,node,"Amethyst node",1
62005,4,74,node,"Iron node",7
62005,4,74,stone,"",77
62005,4,75,drop,"(O)378",2
62005,4,75,drop,"(O)382",3
62005,4,75,drop,"(O)390",8
62005,4,75,stone,"",19
62005,4,76,container,"",2
62005,4,76,drop,"(O)380",10
62005,4,76,drop,"(O)382",1
62005,4,76,drop,"(O)384",1
62005,4,76,drop,"(O)390",31
62005,4,76,drop,"(O)536",1
62005,4,76,drop,"(O)84",1
62005,4,76,drop,"(O)881",3
62005,4,76,geode,"(O)378",3
62005,4,76,loose,"(O)84",1
62005,4,76,monster,"Skeleton",3
62005,4,76,node,"Iron node",5
62005,4,76,stone,"",69
62005,4,77,drop,"(O)380",7
62005,4,77,drop,"(O)382",6
62005,4,77,drop,"(O)390",28
62005,4,77,drop,"(O)536",1
62005,4,77,drop,"(O)72",1
62005,4,77,drop,"(O)80",1
62005,4,77,drop,"(O)881",10
62005,4,77,drop,"(O)93",1
62005,4,77,geode,"(O)561",1
62005,4,77,loose,"(O)80",1
62005,4,77,loose,"(O)93",1
62005,4,77,monster,"Dust Spirit",3
62005,4,77,monster,"Skeleton",6
62005,4,77,node,"Diamond node",1
62005,4,77,node,"Iron node",3
62005,4,77,stone,"",67
62005,4,78,drop,"(O)380",11
62005,4,78,drop,"(O)382",3
62005,4,78,drop,"(O)390",38
62005,4,78,drop,"(O)749",1
62005,4,78,drop,"(O)881",2
62005,4,78,geode,"(O)541",1
62005,4,78,monster,"Skeleton",2
62005,4,78,node,"Iron node",3
62005,4,78,stone,"",103
62005,4,79,drop,"(O)378",2
62005,4,79,drop,"(O)380",5
62005,4,79,drop,"(O)382",5
62005,4,79,drop,"(O)390",20
62005,4,79,drop,"(O)62",1
62005,4,79,drop,"(O)70",1
62005,4,79,drop,"(O)766",1
62005,4,79,drop,"(O)881",3
62005,4,79,monster,"Dust Spirit",2
62005,4,79,monster,"Frost Jelly",1
62005,4,79,monster,"Skeleton",3
62005,4,79,node,"Aquamarine node",1
62005,4,79,node,"Iron node",2
62005,4,79,node,"Jade node",1
62005,4,79,stone,"",44
62005,5,41,drop,"(O)380",1
62005,5,41,drop,"(O)382",3
62005,5,41,drop,"(O)390",6
62005,5,41,drop,"(O)80",1
62005,5,41,loose,"(O)80",1
62005,5,41,stone,"",21
62005,5,42,drop,"(O)380",3
62005,5,42,drop,"(O)382",2
62005,5,42,drop,"(O)390",16
62005,5,42,drop,"(O)412",1
62005,5,42,drop,"(O)80",1
62005,5,42,drop,"(O)92",1
62005,5,42,loose,"(O)80",1
62005,5,42,monster,"Frost Jelly",1
62005,5,42,node,"Iron node",1
62005,5,42,stone,"",33
62005,5,43,drop,"(O)380",6
62005,5,43,drop,"(O)382",2
62005,5,43,drop,"(O)390",23
62005,5,43,drop,"(O)412",1
62005,5,43,drop,"(O)62",1
62005,5,43,drop,"(O)70",1
62005,5,43,drop,"(O)749",1
62005,5,43,drop,"(O)766",4
62005,5,43,drop,"(O)92",3
62005,5,43,geode,"(O)378",1
62005,5,43,monster,"Dust Spirit",1
62005,5,43,monster,"Frost Jelly",5
62005,5,43,node,"Aquamarine node",1
62005,5,43,node,"Iron node",2
62005,5,43,stone,"",37
62005,5,44,drop,"(O)380",4
62005,5,44,drop,"(O)382",3
62005,5,44,drop,"(O)390",40
62005,5,44,drop,"(O)536",2
62005,5,44,drop,"(O)749",1
62005,5,44,drop,"(O)766",2
62005,5,44,drop,"(O)767",1
62005,5,44,drop,"(O)80",1
62005,5,44,drop,"(O)84",1
62005,5,44,geode,"(O)545",1
62005,5,44,geode,"(O)561",1
62005,5,44,geode,"(O)84",1
62005,5,44,loose,"(O)80",1
62005,5,44,loose,"(O)84",1
62005,5,44,monster,"Frost Bat",1
62005,5,44,monster,"Frost Jelly",2
62005,5,44,node,"Iron node",1
62005,5,44,stone,"",90
62005,5,45,drop,"(O)380",3
62005,5,45,drop,"(O)382",2
62005,5,45,drop,"(O)390",26
62005,5,45,drop,"(O)412",1
62005,5,45,drop,"(O)536",1
62005,5,45,drop,"(O)766",1
62005,5,45,geode,"(O)380",3
62005,5,45,monster,"Dust Spirit",3
62005,5,45,monster,"Frost Jelly",1
62005,5,45,stone,"",61
62005,5,46,container,"",4
62005,5,46,drop,"(O)380",2
62005,5,46,drop,"(O)382",7
62005,5,46,drop,"(O)390",11
62005,5,46,drop,"(O)70",1
62005,5,46,drop,"(O)709",3
62005,5,46,monster,"Dust Spirit",3
62005,5,46,monster,"Frost Bat",1
62005,5,46,stone,"",33
62005,5,47,drop,"(O)378",2
62005,5,47,drop,"(O)380",3
62005,5,47,drop,"(O)382",6
62005,5,47,drop,"(O)390",34
62005,5,47,drop,"(O)536",2
62005,5,47,drop,"(O)749",1
62005,5,47,drop,"(O)80",1
62005,5,47,geode,"(O)378",3
62005,5,47,geode,"(O)390",3
62005,5,47,geode,"(O)551",1
62005,5,47,loose,"(O)80",1
62005,5,47,node,"Iron node",1
62005,5,47,stone,"",67
62005,5,48,container,"",3
62005,5,48,drop,"(O)380",5
62005,5,48,drop,"(O)382",6
62005,5,48,drop,"(O)390",24
62005,5,48,drop,"(O)536",1
62005,5,48,drop,"(O)72",1
62005,5,48,drop,"(O)80",1
62005,5,48,drop,"(O)92",3
62005,5,48,geode,"(O)378",5
62005,5,48,loose,"(O)80",1
62005,5,48,node,"Gem node (mixed)",1
62005,5,48,node,"Iron node",1
62005,5,48,stone,"",61
62005,5,49,drop,"(O)380",2
62005,5,49,drop,"(O)382",3
62005,5,49,drop,"(O)390",14
62005,5,49,drop,"(O)536",1
62005,5,49,drop,"(O)70",1
62005,5,49,drop,"(O)766",10
62005,5,49,drop,"(O)767",5
62005,5,49,drop,"(O)84",2
62005,5,49,drop,"(O)92",3
62005,5,49,drop,"(O)97",2
62005,5,49,geode,"(O)560",1
62005,5,49,loose,"(O)84",1
62005,5,49,monster,"Dust Spirit",3
62005,5,49,monster,"Frost Bat",4
62005,5,49,monster,"Frost Jelly",11
62005,5,49,stone,"",26
62005,5,51,drop,"(O)378",5
62005,5,51,drop,"(O)380",1
62005,5,51,drop,"(O)382",1
62005,5,51,drop,"(O)390",13
62005,5,51,drop,"(O)93",1
62005,5,51,loose,"(O)93",1
62005,5,51,node,"Copper node",2
62005,5,51,stone,"",24
62005,5,52,container,"",1
62005,5,52,drop,"(O)378",1
62005,5,52,drop,"(O)380",4
62005,5,52,drop,"(O)382",2
62005,5,52,drop,"(O)390",19
62005,5,52,drop,"(O)536",1
62005,5,52,drop,"(O)766",1
62005,5,52,drop,"(O)92",1
62005,5,52,geode,"(O)330",1
62005,5,52,monster,"Frost Jelly",1
62005,5,52,node,"Iron node",2
62005,5,52,stone,"",35
62005,5,53,container,"",2
62005,5,53,drop,"(O)380",8
62005,5,53,drop,"(O)382",2
62005,5,53,drop,"(O)390",10
62005,5,53,drop,"(O)93",2
62005,5,53,loose,"(O)93",2
62005,5,53,monster,"Dust Spirit",1
62005,5,53,node,"Iron node",4
62005,5,53,stone,"",33
62005,5,54,container,"",3
62005,5,54,drop,"(O)380",5
62005,5,54,drop,"(O)382",7
62005,5,54,drop,"(O)384",2
62005,5,54,drop,"(O)390",27
62005,5,54,drop,"(O)536",2
62005,5,54,drop,"(O)749",1
62005,5,54,drop,"(O)766",3
62005,5,54,drop,"(O)767",4
62005,5,54,drop,"(O)768",1
62005,5,54,drop,"(O)78",1
62005,5,54,drop,"(O)92",2
62005,5,54,geode,"(O)121",1
62005,5,54,geode,"(O)378",3
62005,5,54,geode,"(O)545",1
62005,5,54,monster,"Frost Bat",3
62005,5,54,monster,"Frost Jelly",4
62005,5,54,monster,"Ghost",1
62005,5,54,stone,"",61
62005,5,55,drop,"(O)382",5
62005,5,55,drop,"(O)390",11
62005,5,55,drop,"(O)536",2
62005,5,55,drop,"(O)766",1
62005,5,55,drop,"(O)767",2
62005,5,55,drop,"(O)92",2
62005,5,55,geode,"(O)390",3
62005,5,55,geode,"(O)560",1
62005,5,55,monster,"Frost Bat",1
62005,5,55,monster,"Frost Jelly",2
62005,5,55,stone,"",29
62005,5,56,container,"",1
62005,5,56,drop,"(O)380",3
62005,5,56,drop,"(O)382",3
62005,5,56,drop,"(O)388",1
62005,5,56,drop,"(O)390",17
62005,5,56,drop,"(O)766",1
62005,5,56,drop,"(O)767",1
62005,5,56,drop,"(O)768",1
62005,5,56,drop,"(O)80",1
62005,5,56,drop,"(O)84",1
62005,5,56,drop,"(O)92",1
62005,5,56,loose,"(O)80",1
62005,5,56,loose,"(O)84",1
62005,5,56,monster,"Dust Spirit",3
62005,5,56,monster,"Frost Bat",1
62005,5,56,monster,"Frost Jelly",1
62005,5,56,monster,"Ghost",1
62005,5,56,node,"Iron node",1
62005,5,56,stone,"",41
62005,5,57,container,"",2
62005,5,57,drop,"(O)380",2
62005,5,57,drop,"(O)382",7
62005,5,57,drop,"(O)384",3
62005,5,57,drop,"(O)390",27
62005,5,57,drop,"(O)766",8
62005,5,57,drop,"(O)767",3
62005,5,57,drop,"(O)768",1
62005,5,57,drop,"(O)78",2
62005,5,57,drop,"(O)92",3
62005,5,57,monster,"Dust Spirit",11
62005,5,57,monster,"Frost Bat",2
62005,5,57,monster,"Frost Jelly",9
62005,5,57,monster,"Ghost",1
62005,5,57,stone,"",41
62005,5,58,container,"",1
62005,5,58,drop,"(O)378",1
62005,5,58,drop,"(O)380",13
62005,5,58,drop,"(O)382",13
62005,5,58,drop,"(O)390",20
62005,5,58,drop,"(O)412",1
62005,5,58,drop,"(O)536",3
62005,5,58,drop,"(O)749",1
62005,5,58,drop,"(O)766",2
62005,5,58,drop,"(O)767",3
62005,5,58,drop,"(O)768",1
62005,5,58,drop,"(O)84",1
62005,5,58,drop,"(O)92",2
62005,5,58,drop,"(O)93",6
62005,5,58,drop,"(O)98",1
62005,5,58,geode,"(O)390",5
62005,5,58,geode,"(O)561",1
62005,5,58,geode,"(O)562",1
62005,5,58,geode,"(O)84",1
62005,5,58,loose,"(O)84",1
62005,5,58,loose,"(O)93",6
62005,5,58,monster,"Dust Spirit",12
62005,5,58,monster,"Frost Bat",2
62005,5,58,monster,"Frost Jelly",2
62005,5,58,monster,"Ghost",1
62005,5,58,node,"Iron node",5
62005,5,58,stone,"",56
62005,5,59,container,"",2
62005,5,59,drop,"(O)378",1
62005,5,59,drop,"(O)380",11
62005,5,59,drop,"(O)382",14
62005,5,59,drop,"(O)390",32
62005,5,59,drop,"(O)536",3
62005,5,59,drop,"(O)749",1
62005,5,59,drop,"(O)766",2
62005,5,59,drop,"(O)767",5
62005,5,59,drop,"(O)768",1
62005,5,59,drop,"(O)770",1
62005,5,59,drop,"(O)80",1
62005,5,59,drop,"(O)97",1
62005,5,59,geode,"(O)544",1
62005,5,59,geode,"(O)545",1
62005,5,59,geode,"(O)567",1
62005,5,59,geode,"(O)84",1
62005,5,59,loose,"(O)80",1
62005,5,59,monster,"Dust Spirit",13
62005,5,59,monster,"Frost Bat",3
62005,5,59,monster,"Frost Jelly",2
62005,5,59,monster,"Ghost",1
62005,5,59,node,"Iron node",2
62005,5,59,stone,"",76
62005,5,61,drop,"(O)380",5
62005,5,61,drop,"(O)382",2
62005,5,61,drop,"(O)390",16
62005,5,61,drop,"(O)536",1
62005,5,61,drop,"(O)62",1
62005,5,61,drop,"(O)767",1
62005,5,61,drop,"(O)93",1
62005,5,61,geode,"(O)544",1
62005,5,61,loose,"(O)93",1
62005,5,61,monster,"Frost Bat",1
62005,5,61,node,"Aquamarine node",1
62005,5,61,node,"Iron node",1
62005,5,61,stone,"",45
62005,5,62,drop,"(O)378",1
62005,5,62,drop,"(O)380",7
62005,5,62,drop,"(O)382",9
62005,5,62,drop,"(O)390",33
62005,5,62,drop,"(O)767",2
62005,5,62,monster,"Dust Spirit",8
62005,5,62,monster,"Frost Bat",1
62005,5,62,node,"Iron node",3
62005,5,62,stone,"",73
62005,5,63,drop,"(O)380",17
62005,5,63,drop,"(O)382",2
62005,5,63,drop,"(O)390",30
62005,5,63,drop,"(O)536",1
62005,5,63,drop,"(O)70",1
62005,5,63,geode,"(O)330",1
62005,5,63,node,"Iron node",7
62005,5,63,node,"Jade node",1
62005,5,63,stone,"",65
62005,5,64,drop,"(O)378",1
62005,5,64,drop,"(O)380",4
62005,5,64,drop,"(O)382",8
62005,5,64,drop,"(O)390",42
62005,5,64,drop,"(O)536",3
62005,5,64,drop,"(O)767",2
62005,5,64,drop,"(O)768",1
62005,5,64,drop,"(O)84",1
62005,5,64,geode,"(O)380",10
62005,5,64,geode,"(O)382",1
62005,5,64,geode,"(O)577",1
62005,5,64,monster,"Dust Spirit",7
62005,5,64,monster,"Frost Bat",1
62005,5,64,monster,"Ghost",1
62005,5,64,node,"Iron node",1
62005,5,64,stone,"",89
62005,5,65,drop,"(O)380",1
62005,5,65,drop,"(O)382",4
62005,5,65,drop,"(O)390",9
62005,5,65,drop,"(O)414",1
62005,5,65,drop,"(O)749",1
62005,5,65,drop,"(O)92",1
62005,5,65,geode,"(O)378",3
62005,5,65,monster,"Dust Spirit",2
62005,5,65,monster,"Frost Jelly",1
62005,5,65,stone,"",25
62005,5,66,drop,"(O)380",3
62005,5,66,drop,"(O)382",5
62005,5,66,drop,"(O)390",24
62005,5,66,drop,"(O)536",1
62005,5,66,drop,"(O)749",1
62005,5,66,drop,"(O)766",1
62005,5,66,geode,"(O)390",5
62005,5,66,geode,"(O)573",1
62005,5,66,monster,"Dust Spirit",4
62005,5,66,monster,"Frost Jelly",1
62005,5,66,node,"Iron node",1
62005,5,66,stone,"",39
62005,5,67,container,"",3
62005,5,67,drop,"(O)380",8
62005,5,67,drop,"(O)382",5
62005,5,67,drop,"(O)390",18
62005,5,67,drop,"(O)536",2
62005,5,67,drop,"(O)68",1
62005,5,67,drop,"(O)766",1
62005,5,67,drop,"(O)770",1
62005,5,67,drop,"(O)78",1
62005,5,67,drop,"(O)80",1
62005,5,67,drop,"(O)92",1
62005,5,67,drop,"(O)98",1
62005,5,67,geode,"(O)572",1
62005,5,67,geode,"(O)573",1
62005,5,67,loose,"(O)80",1
62005,5,67,monster,"Dust Spirit",5
62005,5,67,monster,"Frost Jelly",2
62005,5,67,node,"Iron node",3
62005,5,67,node,"Topaz node",1
62005,5,67,stone,"",32
62005,5,68,drop,"(O)156",1
62005,5,68,drop,"(O)338",1
62005,5,68,drop,"(O)378",2
62005,5,68,drop,"(O)380",2
62005,5,68,drop,"(O)382",3
62005,5,68,drop,"(O)384",2
62005,5,68,drop,"(O)390",45
62005,5,68,drop,"(O)766",3
62005,5,68,drop,"(O)767",3
62005,5,68,drop,"(O)768",1
62005,5,68,drop,"(O)84",1
62005,5,68,drop,"(O)92",3
62005,5,68,loose,"(O)84",1
62005,5,68,monster,"Frost Bat",2
62005,5,68,monster,"Frost Jelly",4
62005,5,68,monster,"Ghost",1
62005,5,68,stone,"",92
62005,5,69,drop,"(O)380",4
62005,5,69,drop,"(O)382",7
62005,5,69,drop,"(O)384",2
62005,5,69,drop,"(O)390",43
62005,5,69,drop,"(O)536",3
62005,5,69,drop,"(O)749",1
62005,5,69,drop,"(O)766",2
62005,5,69,drop,"(O)767",2
62005,5,69,drop,"(O)768",1
62005,5,69,drop,"(O)84",1
62005,5,69,drop,"(O)92",2
62005,5,69,geode,"(O)330",1
62005,5,69,geode,"(O)380",5
62005,5,69,geode,"(O)382",3
62005,5,69,geode,"(O)558",1
62005,5,69,loose,"(O)84",1
62005,5,69,monster,"Dust Spirit",4
62005,5,69,monster,"Frost Bat",1
62005,5,69,monster,"Frost Jelly",2
62005,5,69,monster,"Ghost",1
62005,5,69,node,"Iron node",1
62005,5,69,stone,"",90
62005,5,71,drop,"(O)378",1
62005,5,71,drop,"(O)380",10
62005,5,71,drop,"(O)382",3
62005,5,71,drop,"(O)390",14
62005,5,71,drop,"(O)68",1
62005,5,71,drop,"(O)72",1
62005,5,71,drop,"(O)881",1
62005,5,71,drop,"(O)93",3
62005,5,71,loose,"(O)93",3
62005,5,71,monster,"Skeleton",1
62005,5,71,node,"Diamond node",1
62005,5,71,node,"Iron node",4
62005,5,71,node,"Topaz node",1
62005,5,71,stone,"",46
62005,5,72,drop,"(O)380",2
62005,5,72,drop,"(O)382",6
62005,5,72,drop,"(O)390",28
62005,5,72,drop,"(O)536",1
62005,5,72,drop,"(O)749",1
62005,5,72,drop,"(O)881",5
62005,5,72,geode,"(O)378",1
62005,5,72,geode,"(O)557",1
62005,5,72,monster,"Dust Spirit",6
62005,5,72,monster,"Skeleton",7
62005,5,72,stone,"",46
62005,5,73,drop,"(O)378",4
62005,5,73,drop,"(O)380",3
62005,5,73,drop,"(O)382",2
62005,5,73,drop,"(O)390",12
62005,5,73,drop,"(O)536",1
62005,5,73,drop,"(O)70",1
62005,5,73,drop,"(O)766",2
62005,5,73,drop,"(O)80",2
62005,5,73,drop,"(O)881",3
62005,5,73,drop,"(O)93",1
62005,5,73,geode,"(O)544",1
62005,5,73,loose,"(O)80",2
62005,5,73,loose,"(O)93",1
62005,5,73,monster,"Frost Jelly",2
62005,5,73,monster,"Skeleton",2
62005,5,73,node,"Copper node",1
62005,5,73,node,"Iron node",1
62005,5,73,stone,"",39
62005,5,74,container,"",3
62005,5,74,drop,"(O)378",4
62005,5,74,drop,"(O)380",2
62005,5,74,drop,"(O)382",3
62005,5,74,drop,"(O)390",25
62005,5,74,drop,"(O)766",1
62005,5,74,drop,"(O)767",2
62005,5,74,drop,"(O)770",2
62005,5,74,drop,"(O)80",1
62005,5,74,drop,"(O)881",3
62005,5,74,drop,"(O)92",1
62005,5,74,loose,"(O)80",1
62005,5,74,monster,"Frost Bat",1
62005,5,74,monster,"Frost Jelly",2
62005,5,74,monster,"Skeleton",3
62005,5,74,node,"Copper node",1
62005,5,74,stone,"",55
62005,5,75,drop,"(O)384",1
62005,5,75,drop,"(O)390",9
62005,5,75,drop,"(O)536",1
62005,5,75,geode,"(O)84",1
62005,5,75,stone,"",17
62005,5,76,drop,"(O)380",7
62005,5,76,drop,"(O)382",6
62005,5,76,drop,"(O)384",1
62005,5,76,drop,"(O)390",50
62005,5,76,drop,"(O)536",3
62005,5,76,drop,"(O)749",1
62005,5,76,drop,"(O)80",1
62005,5,76,drop,"(O)84",1
62005,5,76,drop,"(O)881",7
62005,5,76,geode,"(O)330",1
62005,5,76,geode,"(O)380",1
62005,5,76,geode,"(O)390",6
62005,5,76,loose,"(O)80",1
62005,5,76,loose,"(O)84",1
62005,5,76,monster,"Skeleton",6
62005,5,76,node,"Iron node",1
62005,5,76,stone,"",99
62005,5,77,drop,"(O)378",4
62005,5,77,drop,"(O)380",8
62005,5,77,drop,"(O)382",4
62005,5,77,drop,"(O)390",24
62005,5,77,drop,"(O)80",2
62005,5,77,drop,"(O)881",2
62005,5,77,drop,"(O)93",6
62005,5,77,drop,"(S)1185",1
62005,5,77,loose,"(O)80",2
62005,5,77,loose,"(O)93",6
62005,5,77,monster,"Dust Spirit",5
62005,5,77,monster,"Skeleton",4
62005,5,77,node,"Copper node",2
62005,5,77,node,"Iron node",5
62005,5,77,stone,"",47
62005,5,78,container,"",2
62005,5,78,drop,"(O)378",3
62005,5,78,drop,"(O)380",7
62005,5,78,drop,"(O)382",7
62005,5,78,drop,"(O)384",2
62005,5,78,drop,"(O)390",30
62005,5,78,drop,"(O)536",5
62005,5,78,drop,"(O)766",1
62005,5,78,drop,"(O)80",1
62005,5,78,drop,"(O)92",1
62005,5,78,drop,"(O)93",1
62005,5,78,geode,"(O)382",10
62005,5,78,geode,"(O)390",3
62005,5,78,geode,"(O)541",1
62005,5,78,geode,"(O)550",1
62005,5,78,geode,"(O)567",1
62005,5,78,loose,"(O)80",1
62005,5,78,loose,"(O)93",1
62005,5,78,monster,"Frost Jelly",1
62005,5,78,node,"Copper node",1
62005,5,78,node,"Iron node",3
62005,5,78,stone,"",69
62005,5,79,drop,"(O)380",2
62005,5,79,drop,"(O)382",6
62005,5,79,drop,"(O)390",29
62005,5,79,drop,"(O)536",1
62005,5,79,drop,"(O)68",1
62005,5,79,drop,"(O)766",1
62005,5,79,drop,"(O)80",3
62005,5,79,drop,"(O)881",2
62005,5,79,drop,"(O)92",1
62005,5,79,geode,"(O)84",1
62005,5,79,loose,"(O)80",3
62005,5,79,monster,"Frost Jelly",1
62005,5,79,monster,"Skeleton",1
62005,5,79,node,"Iron node",1
62005,5,79,node,"Topaz node",1
62005,5,79,stone,"",59
62005,6,41,drop,"(O)380",12
62005,6,41,drop,"(O)382",2
62005,6,41,drop,"(O)390",21
62005,6,41,node,"Iron node",4
62005,6,41,stone,"",38
62005,6,42,container,"",1
62005,6,42,drop,"(O)380",4
62005,6,42,drop,"(O)382",3
62005,6,42,drop,"(O)388",4
62005,6,42,drop,"(O)390",23
62005,6,42,drop,"(O)80",2
62005,6,42,drop,"(O)84",1
62005,6,42,loose,"(O)80",2
62005,6,42,monster,"Dust Spirit",3
62005,6,42,node,"Iron node",1
62005,6,42,stone,"",42
62005,6,43,drop,"(O)380",6
62005,6,43,drop,"(O)382",9
62005,6,43,drop,"(O)390",27
62005,6,43,drop,"(O)412",1
62005,6,43,drop,"(O)766",2
62005,6,43,drop,"(O)84",1
62005,6,43,loose,"(O)84",1
62005,6,43,monster,"Dust Spirit",9
62005,6,43,monster,"Frost Jelly",2
62005,6,43,node,"Iron node",2
62005,6,43,stone,"",60
62005,6,44,drop,"(O)380",5
62005,6,44,drop,"(O)382",4
62005,6,44,drop,"(O)390",38
62005,6,44,drop,"(O)66",1
62005,6,44,drop,"(O)92",1
62005,6,44,monster,"Frost Jelly",1
62005,6,44,node,"Amethyst node",1
62005,6,44,node,"Iron node",2
62005,6,44,stone,"",69
62005,6,45,drop,"(O)380",1
62005,6,45,drop,"(O)382",2
62005,6,45,drop,"(O)390",14
62005,6,45,drop,"(O)749",1
62005,6,45,drop,"(O)766",4
62005,6,45,drop,"(O)92",2
62005,6,45,drop,"(O)97",1
62005,6,45,geode,"(O)390",1
62005,6,45,monster,"Dust Spirit",2
62005,6,45,monster,"Frost Jelly",4
62005,6,45,stone,"",26
62005,6,46,drop,"(O)378",1
62005,6,46,drop,"(O)380",7
62005,6,46,drop,"(O)382",1
62005,6,46,drop,"(O)390",30
62005,6,46,node,"Iron node",2
62005,6,46,stone,"",69
62005,6,47,drop,"(O)380",4
62005,6,47,drop,"(O)382",3
62005,6,47,drop,"(O)390",33
62005,6,47,drop,"(O)536",1
62005,6,47,drop,"(O)84",2
62005,6,47,geode,"(O)550",1
62005,6,47,loose,"(O)84",2
62005,6,47,node,"Iron node",1
62005,6,47,stone,"",64
62005,6,48,container,"",1
62005,6,48,drop,"(O)378",1
62005,6,48,drop,"(O)380",5
62005,6,48,drop,"(O)382",9
62005,6,48,drop,"(O)390",21
62005,6,48,drop,"(O)412",1
62005,6,48,drop,"(O)536",1
62005,6,48,drop,"(O)749",1
62005,6,48,drop,"(O)766",1
62005,6,48,drop,"(O)767",1
62005,6,48,drop,"(O)80",1
62005,6,48,drop,"(O)84",2
62005,6,48,geode,"(O)330",1
62005,6,48,geode,"(O)564",1
62005,6,48,loose,"(O)80",1
62005,6,48,monster,"Dust Spirit",8
62005,6,48,monster,"Frost Bat",1
62005,6,48,monster,"Frost Jelly",1
62005,6,48,node,"Iron node",1
62005,6,48,stone,"",53
62005,6,49,drop,"(O)382",10
62005,6,49,drop,"(O)412",1
62005,6,49,drop,"(O)70",2
62005,6,49,drop,"(O)766",7
62005,6,49,drop,"(O)767",5
62005,6,49,drop,"(O)80",1
62005,6,49,drop,"(O)92",4
62005,6,49,loose,"(O)80",1
62005,6,49,monster,"Dust Spirit",22
62005,6,49,monster,"Frost Bat",4
62005,6,49,monster,"Frost Jelly",10
62005,6,51,drop,"(O)378",7
62005,6,51,drop,"(O)380",5
62005,6,51,drop,"(O)382",4
62005,6,51,drop,"(O)390",27
62005,6,51,drop,"(O)536",1
62005,6,51,drop,"(O)766",1
62005,6,51,drop,"(O)767",3
62005,6,51,drop,"(O)92",1
62005,6,51,drop,"(O)93",3
62005,6,51,geode,"(O)572",1
62005,6,51,loose,"(O)93",3
62005,6,51,monster,"Dust Spirit",7
62005,6,51,monster,"Frost Bat",2
62005,6,51,monster,"Frost Jelly",1
62005,6,51,node,"Copper node",2
62005,6,51,node,"Iron node",2
62005,6,51,stone,"",62
62005,6,52,container,"",1
62005,6,52,drop,"(O)390",7
62005,6,52,drop,"(O)768",1
62005,6,52,drop,"(O)CarrotSeeds",3
62005,6,52,monster,"Ghost",1
62005,6,52,stone,"",12
62005,6,53,drop,"(O)412",2
62005,6,53,drop,"(O)766",12
62005,6,53,drop,"(O)92",6
62005,6,53,monster,"Big Slime",1
62005,6,53,monster,"Frost Jelly",11
62005,6,54,container,"",3
62005,6,54,drop,"(O)380",4
62005,6,54,drop,"(O)382",3
62005,6,54,drop,"(O)390",29
62005,6,54,drop,"(O)412",1
62005,6,54,drop,"(O)536",1
62005,6,54,drop,"(O)70",1
62005,6,54,drop,"(O)766",2
62005,6,54,drop,"(O)767",1
62005,6,54,drop,"(O)768",1
62005,6,54,drop,"(O)92",1
62005,6,54,geode,"(O)541",1
62005,6,54,monster,"Dust Spirit",3
62005,6,54,monster,"Frost Bat",1
62005,6,54,monster,"Frost Jelly",3
62005,6,54,monster,"Ghost",1
62005,6,54,node,"Iron node",2
62005,6,54,node,"Jade node",1
62005,6,54,stone,"",59
62005,6,55,drop,"(O)338",1
62005,6,55,drop,"(O)378",1
62005,6,55,drop,"(O)380",1
62005,6,55,drop,"(O)382",1
62005,6,55,drop,"(O)390",21
62005,6,55,drop,"(O)749",1
62005,6,55,drop,"(O)768",1
62005,6,55,geode,"(O)571",1
62005,6,55,monster,"Dust Spirit",1
62005,6,55,monster,"Ghost",1
62005,6,55,stone,"",42
62005,6,56,drop,"(O)380",4
62005,6,56,drop,"(O)382",8
62005,6,56,drop,"(O)390",25
62005,6,56,drop,"(O)433",1
62005,6,56,drop,"(O)536",1
62005,6,56,drop,"(O)766",2
62005,6,56,drop,"(O)767",2
62005,6,56,drop,"(O)768",1
62005,6,56,drop,"(O)80",4
62005,6,56,drop,"(O)84",1
62005,6,56,geode,"(O)560",1
62005,6,56,loose,"(O)80",4
62005,6,56,monster,"Dust Spirit",9
62005,6,56,monster,"Frost Bat",1
62005,6,56,monster,"Frost Jelly",2
62005,6,56,monster,"Ghost",1
62005,6,56,stone,"",56
62005,6,57,drop,"(O)380",14
62005,6,57,drop,"(O)382",2
62005,6,57,drop,"(O)390",23
62005,6,57,drop,"(O)536",1
62005,6,57,drop,"(O)80",1
62005,6,57,drop,"(O)84",1
62005,6,57,drop,"(O)93",1
62005,6,57,geode,"(O)390",5
62005,6,57,loose,"(O)80",1
62005,6,57,loose,"(O)84",1
62005,6,57,loose,"(O)93",1
62005,6,57,monster,"Dust Spirit",1
62005,6,57,node,"Iron node",6
62005,6,57,stone,"",58
62005,6,58,container,"",1
62005,6,58,drop,"(O)378",2
62005,6,58,drop,"(O)380",4
62005,6,58,drop,"(O)382",7
62005,6,58,drop,"(O)390",39
62005,6,58,drop,"(O)749",1
62005,6,58,drop,"(O)766",3
62005,6,58,drop,"(O)768",1
62005,6,58,drop,"(O)84",1
62005,6,58,drop,"(O)92",2
62005,6,58,geode,"(O)564",1
62005,6,58,loose,"(O)84",1
62005,6,58,monster,"Frost Jelly",3
62005,6,58,monster,"Ghost",1
62005,6,58,node,"Iron node",2
62005,6,58,stone,"",92
62005,6,59,container,"",4
62005,6,59,drop,"(O)380",2
62005,6,59,drop,"(O)382",5
62005,6,59,drop,"(O)390",31
62005,6,59,drop,"(O)536",1
62005,6,59,drop,"(O)70",1
62005,6,59,drop,"(O)749",1
62005,6,59,drop,"(O)766",1
62005,6,59,drop,"(O)770",1
62005,6,59,drop,"(O)80",1
62005,6,59,drop,"(O)92",1
62005,6,59,geode,"(O)544",1
62005,6,59,geode,"(O)556",1
62005,6,59,loose,"(O)80",1
62005,6,59,monster,"Dust Spirit",3
62005,6,59,monster,"Frost Jelly",1
62005,6,59,node,"Iron node",1
62005,6,59,node,"Jade node",1
62005,6,59,stone,"",67
62005,6,61,drop,"(O)380",2
62005,6,61,drop,"(O)382",5
62005,6,61,drop,"(O)390",11
62005,6,61,drop,"(O)766",1
62005,6,61,drop,"(O)92",1
62005,6,61,drop,"(O)93",1
62005,6,61,drop,"(O)98",1
62005,6,61,loose,"(O)93",1
62005,6,61,monster,"Dust Spirit",3
62005,6,61,monster,"Frost Jelly",1
62005,6,61,stone,"",29
62005,6,62,drop,"(O)380",1
62005,6,62,drop,"(O)382",6
62005,6,62,drop,"(O)390",30
62005,6,62,drop,"(O)412",1
62005,6,62,drop,"(O)536",1
62005,6,62,drop,"(O)766",3
62005,6,62,drop,"(O)80",1
62005,6,62,drop,"(O)92",2
62005,6,62,geode,"(O)380",1
62005,6,62,loose,"(O)80",1
62005,6,62,monster,"Dust Spirit",7
62005,6,62,monster,"Frost Jelly",4
62005,6,62,stone,"",51
62005,6,63,drop,"(O)378",1
62005,6,63,drop,"(O)380",6
62005,6,63,drop,"(O)382",4
62005,6,63,drop,"(O)384",1
62005,6,63,drop,"(O)390",28
62005,6,63,drop,"(O)536",3
62005,6,63,drop,"(O)66",1
62005,6,63,drop,"(O)749",1
62005,6,63,drop,"(O)84",2
62005,6,63,geode,"(O)550",1
62005,6,63,geode,"(O)560",2
62005,6,63,geode,"(O)575",1
62005,6,63,loose,"(O)84",2
62005,6,63,node,"Amethyst node",1
62005,6,63,node,"Iron node",2
62005,6,63,stone,"",68
62005,6,64,container,"",1
62005,6,64,drop,"(O)380",9
62005,6,64,drop,"(O)382",6
62005,6,64,drop,"(O)384",1
62005,6,64,drop,"(O)390",32
62005,6,64,drop,"(O)767",1
62005,6,64,drop,"(O)92",1
62005,6,64,monster,"Frost Bat",1
62005,6,64,monster,"Frost Jelly",1
62005,6,64,node,"Iron node",4
62005,6,64,stone,"",64
62005,6,65,drop,"(O)380",2
62005,6,65,drop,"(O)382",3
62005,6,65,drop,"(O)390",10
62005,6,65,drop,"(O)536",1
62005,6,65,drop,"(O)766",1
62005,6,65,drop,"(O)84",1
62005,6,65,drop,"(O)97",1
62005,6,65,geode,"(O)380",3
62005,6,65,monster,"Dust Spirit",3
62005,6,65,monster,"Frost Jelly",1
62005,6,65,stone,"",26
62005,6,66,drop,"(O)378",1
62005,6,66,drop,"(O)380",1
62005,6,66,drop,"(O)382",2
62005,6,66,drop,"(O)390",14
62005,6,66,drop,"(O)66",1
62005,6,66,drop,"(O)70",1
62005,6,66,monster,"Dust Spirit",2
62005,6,66,node,"Amethyst node",1
62005,6,66,node,"Jade node",1
62005,6,66,stone,"",44
62005,6,67,container,"",3
62005,6,67,drop,"(O)371",2
62005,6,67,drop,"(O)378",1
62005,6,67,drop,"(O)380",3
62005,6,67,drop,"(O)382",1
62005,6,67,drop,"(O)388",4
62005,6,67,drop,"(O)390",14
62005,6,67,drop,"(O)536",1
62005,6,67,drop,"(O)766",2
62005,6,67,geode,"(O)541",1
62005,6,67,monster,"Frost Jelly",2
62005,6,67,node,"Iron node",1
62005,6,67,stone,"",35
62005,6,68,drop,"(O)380",9
62005,6,68,drop,"(O)382",14
62005,6,68,drop,"(O)384",1
62005,6,68,drop,"(O)390",51
62005,6,68,drop,"(O)536",3
62005,6,68,drop,"(O)749",1
62005,6,68,drop,"(O)80",1
62005,6,68,geode,"(O)123",1
62005,6,68,geode,"(O)545",1
62005,6,68,geode,"(O)564",1
62005,6,68,geode,"(O)574",1
62005,6,68,loose,"(O)80",1
62005,6,68,monster,"Dust Spirit",11
62005,6,68,node,"Iron node",3
62005,6,68,stone,"",114
62005,6,69,drop,"(O)378",1
62005,6,69,drop,"(O)380",8
62005,6,69,drop,"(O)382",8
62005,6,69,drop,"(O)390",43
62005,6,69,drop,"(O)536",2
62005,6,69,drop,"(O)62",1
62005,6,69,drop,"(O)749",2
62005,6,69,drop,"(O)766",3
62005,6,69,drop,"(O)767",1
62005,6,69,drop,"(O)84",1
62005,6,69,drop,"(O)92",3
62005,6,69,geode,"(O)390",1
62005,6,69,geode,"(O)541",1
62005,6,69,geode,"(O)544",1
62005,6,69,geode,"(O)84",1
62005,6,69,monster,"Dust Spirit",3
62005,6,69,monster,"Frost Bat",1
62005,6,69,monster,"Frost Jelly",4
62005,6,69,node,"Aquamarine node",1
62005,6,69,node,"Iron node",2
62005,6,69,stone,"",84
62005,6,71,container,"",3
62005,6,71,drop,"(O)378",16
62005,6,71,drop,"(O)380",4
62005,6,71,drop,"(O)382",2
62005,6,71,drop,"(O)390",31
62005,6,71,drop,"(O)536",4
62005,6,71,drop,"(O)749",1
62005,6,71,drop,"(O)78",2
62005,6,71,drop,"(O)80",1
62005,6,71,drop,"(O)84",1
62005,6,71,drop,"(O)881",2
62005,6,71,geode,"(O)123",1
62005,6,71,geode,"(O)380",1
62005,6,71,geode,"(O)390",10
62005,6,71,geode,"(O)550",1
62005,6,71,loose,"(O)80",1
62005,6,71,loose,"(O)84",1
62005,6,71,monster,"Skeleton",2
62005,6,71,node,"Copper node",7
62005,6,71,node,"Iron node",2
62005,6,71,stone,"",66
62005,6,72,container,"",2
62005,6,72,drop,"(O)380",2
62005,6,72,drop,"(O)382",1
62005,6,72,drop,"(O)390",11
62005,6,72,drop,"(O)749",1
62005,6,72,drop,"(O)766",1
62005,6,72,drop,"(O)80",2
62005,6,72,drop,"(O)881",1
62005,6,72,geode,"(O)556",1
62005,6,72,loose,"(O)80",2
62005,6,72,monster,"Frost Jelly",1
62005,6,72,monster,"Skeleton",3
62005,6,72,stone,"",36
62005,6,73,container,"",1
62005,6,73,drop,"(O)380",2
62005,6,73,drop,"(O)382",3
62005,6,73,drop,"(O)384",1
62005,6,73,drop,"(O)390",16
62005,6,73,drop,"(O)536",1
62005,6,73,drop,"(O)84",1
62005,6,73,drop,"(O)881",1
62005,6,73,geode,"(O)550",1
62005,6,73,loose,"(O)84",1
62005,6,73,monster,"Skeleton",1
62005,6,73,stone,"",37
62005,6,74,drop,"(O)382",1
62005,6,74,drop,"(O)390",14
62005,6,74,drop,"(O)68",1
62005,6,74,drop,"(O)767",2
62005,6,74,drop,"(O)93",1
62005,6,74,loose,"(O)93",1
62005,6,74,monster,"Frost Bat",1
62005,6,74,node,"Topaz node",1
62005,6,74,stone,"",32
62005,6,75,drop,"(O)390",12
62005,6,75,drop,"(O)536",1
62005,6,75,geode,"(O)390",3
62005,6,75,stone,"",26
62005,6,76,drop,"(O)380",4
62005,6,76,drop,"(O)382",3
62005,6,76,drop,"(O)390",28
62005,6,76,drop,"(O)536",2
62005,6,76,drop,"(O)749",1
62005,6,76,drop,"(O)84",1
62005,6,76,drop,"(O)881",3
62005,6,76,geode,"(O)380",1
62005,6,76,geode,"(O)574",1
62005,6,76,geode,"(O)84",1
62005,6,76,loose,"(O)84",1
62005,6,76,monster,"Skeleton",2
62005,6,76,node,"Iron node",1
62005,6,76,stone,"",60
62005,6,77,drop,"(O)380",16
62005,6,77,drop,"(O)382",5
62005,6,77,drop,"(O)390",29
62005,6,77,drop,"(O)536",1
62005,6,77,drop,"(O)84",1
62005,6,77,drop,"(O)881",2
62005,6,77,geode,"(O)330",1
62005,6,77,loose,"(O)84",1
62005,6,77,monster,"Skeleton",1
62005,6,77,node,"Iron node",7
62005,6,77,stone,"",83
62005,6,78,drop,"(O)380",14
62005,6,78,drop,"(O)382",3
62005,6,78,drop,"(O)390",37
62005,6,78,drop,"(O)536",3
62005,6,78,drop,"(O)749",1
62005,6,78,drop,"(O)881",1
62005,6,78,geode,"(O)123",1
62005,6,78,geode,"(O)330",1
62005,6,78,geode,"(O)390",3
62005,6,78,geode,"(O)559",1
62005,6,78,monster,"Skeleton",2
62005,6,78,node,"Iron node",5
62005,6,78,stone,"",76
62005,6,79,container,"",1
62005,6,79,drop,"(O)378",1
62005,6,79,drop,"(O)380",2
62005,6,79,drop,"(O)382",3
62005,6,79,drop,"(O)390",20
62005,6,79,drop,"(O)536",1
62005,6,79,drop,"(O)80",2
62005,6,79,drop,"(O)881",4
62005,6,79,geode,"(O)567",1
62005,6,79,loose,"(O)80",2
62005,6,79,monster,"Skeleton",3
62005,6,79,node,"Iron node",1
62005,6,79,stone,"",48
62005,0,81,container,"",1
62005,0,81,drop,"(O)382",4
62005,0,81,drop,"(O)384",20
62005,0,81,drop,"(O)390",6
62005,0,81,drop,"(O)749",1
62005,0,81,drop,"(O)766",1
62005,0,81,drop,"(O)92",1
62005,0,81,geode,"(O)330",1
62005,0,81,monster,"Lava Crab",1
62005,0,81,monster,"Sludge",1
62005,0,81,node,"Gold node",7
62005,0,81,stone,"",36
62005,0,82,drop,"(O)382",1
62005,0,82,drop,"(O)390",30
62005,0,82,drop,"(O)537",1
62005,0,82,drop,"(O)766",1
62005,0,82,geode,"(O)82",1
62005,0,82,monster,"Metal Head",2
62005,0,82,monster,"Shadow Brute",1
62005,0,82,monster,"Sludge",1
62005,0,82,stone,"",49
62005,0,83,container,"",4
62005,0,83,drop,"(O)380",3
62005,0,83,drop,"(O)382",4
62005,0,83,drop,"(O)384",3
62005,0,83,drop,"(O)388",1
62005,0,83,drop,"(O)390",18
62005,0,83,drop,"(O)766",2
62005,0,83,drop,"(O)769",1
62005,0,83,drop,"(O)92",1
62005,0,83,monster,"Shadow Brute",2
62005,0,83,monster,"Sludge",2
62005,0,83,node,"Gold node",1
62005,0,83,stone,"",36
62005,0,84,container,"",3
62005,0,84,drop,"(F)1369",1
62005,0,84,drop,"(O)384",14
62005,0,84,drop,"(O)390",28
62005,0,84,drop,"(O)537",1
62005,0,84,drop,"(O)769",3
62005,0,84,drop,"(O)93",4
62005,0,84,geode,"(O)386",1
62005,0,84,loose,"(O)93",4
62005,0,84,monster,"Shadow Brute",3
62005,0,84,monster,"Shadow Shaman",1
62005,0,84,node,"Gold node",5
62005,0,84,stone,"",44
62005,0,85,container,"",3
62005,0,85,drop,"(O)157",1
62005,0,85,drop,"(O)380",5
62005,0,85,drop,"(O)382",7
62005,0,85,drop,"(O)384",1
62005,0,85,drop,"(O)390",45
62005,0,85,drop,"(O)537",2
62005,0,85,drop,"(O)766",2
62005,0,85,drop,"(O)769",1
62005,0,85,drop,"(O)92",2
62005,0,85,geode,"(O)330",1
62005,0,85,geode,"(O)570",1
62005,0,85,monster,"Shadow Brute",1
62005,0,85,monster,"Shadow Shaman",1
62005,0,85,monster,"Sludge",3
62005,0,85,stone,"",72
62005,0,86,container,"",1
62005,0,86,drop,"(O)287",3
62005,0,86,drop,"(O)380",4
62005,0,86,drop,"(O)382",3
62005,0,86,drop,"(O)384",6
62005,0,86,drop,"(O)390",24
62005,0,86,drop,"(O)537",1
62005,0,86,drop,"(O)717",1
62005,0,86,drop,"(O)766",3
62005,0,86,drop,"(O)769",1
62005,0,86,drop,"(O)92",1
62005,0,86,geode,"(O)380",3
62005,0,86,monster,"Lava Crab",4
62005,0,86,monster,"Shadow Shaman",1
62005,0,86,monster,"Sludge",3
62005,0,86,node,"Gold node",2
62005,0,86,stone,"",46
62005,0,87,container,"",3
62005,0,87,drop,"(O)378",1
62005,0,87,drop,"(O)382",4
62005,0,87,drop,"(O)384",4
62005,0,87,drop,"(O)390",29
62005,0,87,drop,"(O)537",2
62005,0,87,drop,"(O)768",1
62005,0,87,drop,"(O)769",2
62005,0,87,geode,"(O)378",5
62005,0,87,geode,"(O)562",1
62005,0,87,monster,"Lava Crab",1
62005,0,87,monster,"Metal Head",1
62005,0,87,monster,"Shadow Brute",1
62005,0,87,node,"Gold node",1
62005,0,87,stone,"",44
62005,0,88,drop,"(O)378",1
62005,0,88,drop,"(O)382",6
62005,0,88,drop,"(O)384",3
62005,0,88,drop,"(O)390",16
62005,0,88,drop,"(O)766",1
62005,0,88,drop,"(O)769",2
62005,0,88,monster,"Shadow Brute",1
62005,0,88,monster,"Shadow Shaman",1
62005,0,88,monster,"Sludge",1
62005,0,88,node,"Gold node",1
62005,0,88,stone,"",35
62005,0,89,container,"",4
62005,0,89,drop,"(O)380",1
62005,0,89,drop,"(O)382",3
62005,0,89,drop,"(O)384",9
62005,0,89,drop,"(O)388",2
62005,0,89,drop,"(O)390",24
62005,0,89,drop,"(O)537",3
62005,0,89,drop,"(O)60",1
62005,0,89,drop,"(O)766",1
62005,0,89,drop,"(O)768",1
62005,0,89,drop,"(O)769",1
62005,0,89,drop,"(O)82",1
62005,0,89,geode,"(O)380",10
62005,0,89,geode,"(O)562",1
62005,0,89,geode,"(O)82",1
62005,0,89,loose,"(O)82",1
62005,0,89,monster,"Metal Head",1
62005,0,89,monster,"Shadow Brute",1
62005,0,89,monster,"Sludge",2
62005,0,89,node,"Gem node (mixed)",1
62005,0,89,node,"Gold node",3
62005,0,89,stone,"",47
62005,0,91,container,"",3
62005,0,91,drop,"(O)382",3
62005,0,91,drop,"(O)390",25
62005,0,91,drop,"(O)420",1
62005,0,91,drop,"(O)537",3
62005,0,91,geode,"(O)565",1
62005,0,91,geode,"(O)575",1
62005,0,91,geode,"(O)82",1
62005,0,91,loose,"(O)420",1
62005,0,91,stone,"",40
62005,0,92,drop,"(O)382",2
62005,0,92,drop,"(O)384",9
62005,0,92,drop,"(O)390",14
62005,0,92,drop,"(O)98",1
62005,0,92,monster,"Shadow Brute",1
62005,0,92,node,"Gold node",3
62005,0,92,stone,"",33
62005,0,93,drop,"(O)157",2
62005,0,93,drop,"(O)378",1
62005,0,93,drop,"(O)380",1
62005,0,93,drop,"(O)382",9
62005,0,93,drop,"(O)384",13
62005,0,93,drop,"(O)390",35
62005,0,93,drop,"(O)537",2
62005,0,93,drop,"(O)766",2
62005,0,93,drop,"(O)768",1
62005,0,93,drop,"(O)769",5
62005,0,93,drop,"(O)80",1
62005,0,93,drop,"(O)92",1
62005,0,93,drop,"(O)93",2
62005,0,93,geode,"(O)578",2
62005,0,93,loose,"(O)80",1
62005,0,93,loose,"(O)93",2
62005,0,93,monster,"Metal Head",3
62005,0,93,monster,"Shadow Brute",3
62005,0,93,monster,"Shadow Shaman",1
62005,0,93,monster,"Sludge",4
62005,0,93,node,"Gold node",6
62005,0,93,stone,"",65
62005,0,94,drop,"(O)380",1
62005,0,94,drop,"(O)382",8
62005,0,94,drop,"(O)384",7
62005,0,94,drop,"(O)390",35
62005,0,94,drop,"(O)420",1
62005,0,94,drop,"(O)537",2
62005,0,94,drop,"(O)766",2
62005,0,94,drop,"(O)768",1
62005,0,94,drop,"(O)769",2
62005,0,94,drop,"(O)92",1
62005,0,94,drop,"(O)93",2
62005,0,94,geode,"(O)539",1
62005,0,94,geode,"(O)563",1
62005,0,94,loose,"(O)420",1
62005,0,94,loose,"(O)93",2
62005,0,94,monster,"Lava Crab",1
62005,0,94,monster,"Shadow Brute",2
62005,0,94,monster,"Sludge",2
62005,0,94,monster,"Squid Kid",1
62005,0,94,node,"Gold node",3
62005,0,94,stone,"",60
62005,0,95,drop,"(O)334",1
62005,0,95,drop,"(O)382",1
62005,0,95,drop,"(O)384",1
62005,0,95,drop,"(O)390",33
62005,0,95,drop,"(O)537",1
62005,0,95,drop,"(O)749",1
62005,0,95,drop,"(O)766",1
62005,0,95,drop,"(O)768",1
62005,0,95,geode,"(O)390",5
62005,0,95,geode,"(O)82",1
62005,0,95,monster,"Lava Crab",1
62005,0,95,monster,"Shadow Brute",2
62005,0,95,monster,"Sludge",2
62005,0,95,monster,"Squid Kid",1
62005,0,95,stone,"",58
62005,0,96,container,"",1
62005,0,96,drop,"(H)54",1
62005,0,96,drop,"(O)378",1
62005,0,96,drop,"(O)380",1
62005,0,96,drop,"(O)382",12
62005,0,96,drop,"(O)384",5
62005,0,96,drop,"(O)390",41
62005,0,96,drop,"(O)60",1
62005,0,96,drop,"(O)766",4
62005,0,96,drop,"(O)768",1
62005,0,96,drop,"(O)769",3
62005,0,96,drop,"(O)814",1
62005,0,96,drop,"(O)92",4
62005,0,96,monster,"Shadow Brute",2
62005,0,96,monster,"Shadow Shaman",1
62005,0,96,monster,"Sludge",4
62005,0,96,monster,"Squid Kid",1
62005,0,96,node,"Emerald node",1
62005,0,96,node,"Gold node",2
62005,0,96,stone,"",70
62005,0,97,drop,"(O)382",3
62005,0,97,drop,"(O)384",3
62005,0,97,drop,"(O)390",57
62005,0,97,drop,"(O)537",2
62005,0,97,drop,"(O)766",1
62005,0,97,drop,"(O)768",1
62005,0,97,drop,"(O)769",3
62005,0,97,drop,"(O)92",2
62005,0,97,geode,"(O)330",1
62005,0,97,geode,"(O)540",1
62005,0,97,monster,"Metal Head",2
62005,0,97,monster,"Shadow Brute",2
62005,0,97,monster,"Shadow Shaman",1
62005,0,97,monster,"Sludge",2
62005,0,97,node,"Gold node",1
62005,0,97,stone,"",94
62005,0,98,container,"",2
62005,0,98,drop,"(O)157",1
62005,0,98,drop,"(O)380",1
62005,0,98,drop,"(O)382",7
62005,0,98,drop,"(O)384",18
62005,0,98,drop,"(O)388",2
62005,0,98,drop,"(O)390",59
62005,0,98,drop,"(O)537",3
62005,0,98,drop,"(O)62",1
62005,0,98,drop,"(O)68",1
62005,0,98,drop,"(O)749",1
62005,0,98,drop,"(O)766",4
62005,0,98,drop,"(O)769",2
62005,0,98,drop,"(O)92",3
62005,0,98,geode,"(O)380",3
62005,0,98,geode,"(O)386",1
62005,0,98,geode,"(O)540",1
62005,0,98,geode,"(O)578",1
62005,0,98,monster,"Shadow Brute",2
62005,0,98,monster,"Shadow Shaman",1
62005,0,98,monster,"Sludge",4
62005,0,98,node,"Aquamarine node",1
62005,0,98,node,"Gold node",6
62005,0,98,node,"Topaz node",1
62005,0,98,stone,"",110
62005,0,99,container,"",10
62005,0,99,drop,"(O)157",1
62005,0,99,drop,"(O)378",5
62005,0,99,drop,"(O)382",6
62005,0,99,drop,"(O)384",5
62005,0,99,drop,"(O)390",48
62005,0,99,drop,"(O)537",1
62005,0,99,drop,"(O)688",1
62005,0,99,drop,"(O)766",1
62005,0,99,drop,"(O)768",2
62005,0,99,drop,"(O)92",1
62005,0,99,geode,"(O)378",5
62005,0,99,monster,"Metal Head",2
62005,0,99,monster,"Sludge",1
62005,0,99,node,"Gold node",1
62005,0,99,stone,"",66
62005,0,101,drop,"(O)382",3
62005,0,101,drop,"(O)390",19
62005,0,101,drop,"(O)749",1
62005,0,101,drop,"(O)82",1
62005,0,101,geode,"(O)542",1
62005,0,101,loose,"(O)82",1
62005,0,101,stone,"",26
62005,0,102,drop,"(O)380",2
62005,0,102,drop,"(O)382",2
62005,0,102,drop,"(O)384",4
62005,0,102,drop,"(O)390",32
62005,0,102,drop,"(O)537",2
62005,0,102,drop,"(O)768",1
62005,0,102,drop,"(O)769",2
62005,0,102,drop,"(O)80",2
62005,0,102,geode,"(O)554",1
62005,0,102,geode,"(O)575",1
62005,0,102,loose,"(O)80",2
62005,0,102,monster,"Metal Head",1
62005,0,102,monster,"Shadow Shaman",2
62005,0,102,node,"Gold node",3
62005,0,102,stone,"",66
62005,0,103,container,"",1
62005,0,103,drop,"(O)378",1
62005,0,103,drop,"(O)382",6
62005,0,103,drop,"(O)384",7
62005,0,103,drop,"(O)390",41
62005,0,103,drop,"(O)537",1
62005,0,103,drop,"(O)60",1
62005,0,103,drop,"(O)766",3
62005,0,103,drop,"(O)768",1
62005,0,103,drop,"(O)92",2
62005,0,103,geode,"(O)378",10
62005,0,103,monster,"Metal Head",1
62005,0,103,monster,"Sludge",4
62005,0,103,monster,"Squid Kid",1
62005,0,103,node,"Gold node",1
62005,0,103,stone,"",75
62005,0,104,container,"",14
62005,0,104,drop,"(O)380",10
62005,0,104,drop,"(O)382",13
62005,0,104,drop,"(O)384",14
62005,0,104,drop,"(O)390",50
62005,0,104,drop,"(O)537",1
62005,0,104,drop,"(O)62",1
62005,0,104,drop,"(O)749",1
62005,0,104,drop,"(O)766",1
62005,0,104,drop,"(O)769",5
62005,0,104,drop,"(O)78",1
62005,0,104,geode,"(O)330",1
62005,0,104,geode,"(O)557",1
62005,0,104,monster,"Shadow Brute",2
62005,0,104,monster,"Shadow Shaman",1
62005,0,104,monster,"Sludge",1
62005,0,104,node,"Gem node (mixed)",1
62005,0,104,node,"Gold node",3
62005,0,104,stone,"",90
62005,0,105,drop,"(O)378",1
62005,0,105,drop,"(O)382",2
62005,0,105,drop,"(O)384",1
62005,0,105,drop,"(O)390",23
62005,0,105,drop,"(O)537",1
62005,0,105,drop,"(O)72",1
62005,0,105,drop,"(O)766",2
62005,0,105,drop,"(O)769",1
62005,0,105,drop,"(O)92",2
62005,0,105,geode,"(O)82",1
62005,0,105,monster,"Shadow Shaman",1
62005,0,105,monster,"Sludge",2
62005,0,105,node,"Diamond node",1
62005,0,105,stone,"",41
62005,0,106,drop,"(O)378",1
62005,0,106,drop,"(O)382",6
62005,0,106,drop,"(O)384",5
62005,0,106,drop,"(O)390",50
62005,0,106,drop,"(O)537",1
62005,0,106,drop,"(O)766",1
62005,0,106,geode,"(O)543",1
62005,0,106,monster,"Sludge",1
62005,0,106,node,"Gold node",2
62005,0,106,stone,"",94
62005,0,107,drop,"(O)382",2
62005,0,107,drop,"(O)384",9
62005,0,107,drop,"(O)390",54
62005,0,107,drop,"(O)537",3
62005,0,107,drop,"(O)60",1
62005,0,107,drop,"(O)749",1
62005,0,107,geode,"(O)122",1
62005,0,107,geode,"(O)382",3
62005,0,107,geode,"(O)390",3
62005,0,107,geode,"(O)578",1
62005,0,107,node,"Emerald node",1
62005,0,107,node,"Gold node",4
62005,0,107,stone,"",87
62005,0,108,container,"",2
62005,0,108,drop,"(O)157",1
62005,0,108,drop,"(O)287",1
62005,0,108,drop,"(O)378",2
62005,0,108,drop,"(O)380",1
62005,0,108,drop,"(O)382",8
62005,0,108,drop,"(O)384",12
62005,0,108,drop,"(O)390",55
62005,0,108,drop,"(O)420",2
62005,0,108,drop,"(O)537",4
62005,0,108,drop,"(O)60",2
62005,0,108,drop,"(O)66",1
62005,0,108,drop,"(O)68",1
62005,0,108,drop,"(O)717",1
62005,0,108,drop,"(O)766",6
62005,0,108,drop,"(O)768",1
62005,0,108,drop,"(O)769",2
62005,0,108,drop,"(O)92",1
62005,0,108,geode,"(O)390",15
62005,0,108,geode,"(O)547",1
62005,0,108,geode,"(O)562",1
62005,0,108,loose,"(O)420",2
62005,0,108,monster,"Lava Crab",1
62005,0,108,monster,"Metal Head",1
62005,0,108,monster,"Shadow Brute",2
62005,0,108,monster,"Sludge",7
62005,0,108,node,"Amethyst node",1
62005,0,108,node,"Emerald node",2
62005,0,108,node,"Gold node",3
62005,0,108,node,"Topaz node",1
62005,0,108,stone,"",92
62005,0,109,container,"",11
62005,0,109,drop,"(O)378",3
62005,0,109,drop,"(O)382",8
62005,0,109,drop,"(O)384",14
62005,0,109,drop,"(O)388",3
62005,0,109,drop,"(O)390",43
62005,0,109,drop,"(O)537",3
62005,0,109,drop,"(O)749",1
62005,0,109,drop,"(O)78",2
62005,0,109,drop,"(O)80",1
62005,0,109,drop,"(O)881",4
62005,0,109,geode,"(O)380",1
62005,0,109,geode,"(O)382",1
62005,0,109,geode,"(O)386",1
62005,0,109,geode,"(O)554",1
62005,0,109,loose,"(O)80",1
62005,0,109,node,"Gold node",5
62005,0,109,stone,"",65
62005,0,111,container,"",1
62005,0,111,drop,"(O)378",1
62005,0,111,drop,"(O)390",23
62005,0,111,drop,"(O)68",1
62005,0,111,drop,"(O)769",1
62005,0,111,drop,"(O)80",1
62005,0,111,drop,"(O)881",5
62005,0,111,loose,"(O)80",1
62005,0,111,monster,"Shadow Shaman",1
62005,0,111,node,"Topaz node",1
62005,0,111,stone,"",36
62005,0,112,drop,"(O)336",1
62005,0,112,drop,"(O)382",3
62005,0,112,drop,"(O)384",1
62005,0,112,drop,"(O)390",30
62005,0,112,drop,"(O)537",2
62005,0,112,drop,"(O)60",1
62005,0,112,drop,"(O)766",1
62005,0,112,drop,"(O)769",1
62005,0,112,drop,"(O)80",1
62005,0,112,geode,"(O)380",3
62005,0,112,geode,"(O)563",1
62005,0,112,loose,"(O)80",1
62005,0,112,monster,"Shadow Brute",1
62005,0,112,monster,"Sludge",1
62005,0,112,node,"Emerald node",1
62005,0,112,stone,"",49
62005,0,113,container,"",1
62005,0,113,drop,"(O)382",4
62005,0,113,drop,"(O)384",7
62005,0,113,drop,"(O)390",26
62005,0,113,drop,"(O)420",7
62005,0,113,drop,"(O)422",2
62005,0,113,loose,"(O)420",7
62005,0,113,loose,"(O)422",2
62005,0,113,node,"Gold node",3
62005,0,113,stone,"",40
62005,0,114,drop,"(O)382",4
62005,0,114,drop,"(O)384",6
62005,0,114,drop,"(O)390",44
62005,0,114,drop,"(O)537",4
62005,0,114,drop,"(O)72",1
62005,0,114,drop,"(O)767",2
62005,0,114,drop,"(O)769",1
62005,0,114,geode,"(O)384",3
62005,0,114,geode,"(O)386",2
62005,0,114,geode,"(O)575",1
62005,0,114,geode,"(O)82",1
62005,0,114,monster,"Lava Bat",1
62005,0,114,monster,"Shadow Shaman",1
62005,0,114,monster,"Sludge",1
62005,0,114,node,"Diamond node",1
62005,0,114,node,"Gold node",2
62005,0,114,stone,"",76
62005,0,115,drop,"(O)384",1
62005,0,115,drop,"(O)390",18
62005,0,115,stone,"",31
62005,0,116,drop,"(O)157",1
62005,0,116,drop,"(O)382",9
62005,0,116,drop,"(O)384",4
62005,0,116,drop,"(O)390",67
62005,0,116,drop,"(O)537",3
62005,0,116,drop,"(O)766",2
62005,0,116,drop,"(O)767",1
62005,0,116,drop,"(O)769",1
62005,0,116,drop,"(O)92",1
62005,0,116,drop,"(O)98",1
62005,0,116,geode,"(O)386",1
62005,0,116,geode,"(O)390",3
62005,0,116,geode,"(O)563",1
62005,0,116,monster,"Lava Bat",1
62005,0,116,monster,"Shadow Shaman",1
62005,0,116,monster,"Sludge",2
62005,0,116,node,"Gold node",3
62005,0,116,stone,"",96
62005,0,117,drop,"(O)382",5
62005,0,117,drop,"(O)384",13
62005,0,117,drop,"(O)390",32
62005,0,117,drop,"(O)72",1
62005,0,117,drop,"(O)749",1
62005,0,117,drop,"(O)80",1
62005,0,117,drop,"(O)93",2
62005,0,117,geode,"(O)560",1
62005,0,117,loose,"(O)80",1
62005,0,117,loose,"(O)93",2
62005,0,117,monster,"Lava Crab",1
62005,0,117,node,"Diamond node",1
62005,0,117,node,"Gold node",5
62005,0,117,stone,"",57
62005,0,118,drop,"(O)157",1
62005,0,118,drop,"(O)380",2
62005,0,118,drop,"(O)382",11
62005,0,118,drop,"(O)384",16
62005,0,118,drop,"(O)390",61
62005,0,118,drop,"(O)537",2
62005,0,118,drop,"(O)66",1
62005,0,118,drop,"(O)749",1
62005,0,118,drop,"(O)766",1
62005,0,118,drop,"(O)92",1
62005,0,118,drop,"(O)93",1
62005,0,118,geode,"(O)386",2
62005,0,118,geode,"(O)570",1
62005,0,118,geode,"(O)578",1
62005,0,118,loose,"(O)93",1
62005,0,118,monster,"Sludge",1
62005,0,118,node,"Amethyst node",1
62005,0,118,node,"Gold node",6
62005,0,118,stone,"",122
62005,0,119,container,"",4
62005,0,119,drop,"(O)382",4
62005,0,119,drop,"(O)384",13
62005,0,119,drop,"(O)388",1
62005,0,119,drop,"(O)390",42
62005,0,119,drop,"(O)68",1
62005,0,119,drop,"(O)688",1
62005,0,119,drop,"(O)78",2
62005,0,119,drop,"(O)80",1
62005,0,119,drop,"(O)82",1
62005,0,119,loose,"(O)80",1
62005,0,119,loose,"(O)82",1
62005,0,119,node,"Gold node",5
62005,0,119,node,"Topaz node",1
62005,0,119,stone,"",64
62005,1,81,container,"",3
62005,1,81,drop,"(O)157",2
62005,1,81,drop,"(O)382",1
62005,1,81,drop,"(O)384",7
62005,1,81,drop,"(O)390",12
62005,1,81,drop,"(O)766",2
62005,1,81,drop,"(O)768",1
62005,1,81,drop,"(O)769",1
62005,1,81,drop,"(O)92",1
62005,1,81,monster,"Metal Head",1
62005,1,81,monster,"Shadow Brute",1
62005,1,81,monster,"Shadow Shaman",1
62005,1,81,monster,"Sludge",2
62005,1,81,node,"Gold node",2
62005,1,81,stone,"",35
62005,1,82,drop,"(O)382",5
62005,1,82,drop,"(O)384",5
62005,1,82,drop,"(O)390",38
62005,1,82,drop,"(O)766",1
62005,1,82,monster,"Sludge",1
62005,1,82,node,"Gold node",4
62005,1,82,stone,"",61
62005,1,83,drop,"(O)157",1
62005,1,83,drop,"(O)203",1
62005,1,83,drop,"(O)378",1
62005,1,83,drop,"(O)382",8
62005,1,83,drop,"(O)384",4
62005,1,83,drop,"(O)390",29
62005,1,83,drop,"(O)537",1
62005,1,83,drop,"(O)72",1
62005,1,83,drop,"(O)766",2
62005,1,83,drop,"(O)768",1
62005,1,83,drop,"(O)92",2
62005,1,83,geode,"(O)570",1
62005,1,83,monster,"Lava Crab",1
62005,1,83,monster,"Metal Head",1
62005,1,83,monster,"Shadow Brute",1
62005,1,83,monster,"Sludge",3
62005,1,83,node,"Diamond node",1
62005,1,83,node,"Gold node",1
62005,1,83,stone,"",59
62005,1,84,container,"",3
62005,1,84,drop,"(O)287",1
62005,1,84,drop,"(O)382",2
62005,1,84,drop,"(O)384",6
62005,1,84,drop,"(O)388",4
62005,1,84,drop,"(O)390",26
62005,1,84,drop,"(O)537",3
62005,1,84,drop,"(O)717",1
62005,1,84,drop,"(O)766",3
62005,1,84,drop,"(O)881",2
62005,1,84,drop,"(O)92",2
62005,1,84,geode,"(O)378",5
62005,1,84,geode,"(O)386",3
62005,1,84,geode,"(O)578",1
62005,1,84,monster,"Lava Crab",1
62005,1,84,monster,"Sludge",3
62005,1,84,node,"Gold node",2
62005,1,84,stone,"",49
62005,1,85,drop,"(O)382",5
62005,1,85,drop,"(O)384",1
62005,1,85,drop,"(O)390",26
62005,1,85,drop,"(O)768",1
62005,1,85,drop,"(O)769",2
62005,1,85,monster,"Lava Crab",1
62005,1,85,monster,"Metal Head",2
62005,1,85,monster,"Shadow Shaman",1
62005,1,85,stone,"",41
62005,1,86,container,"",4
62005,1,86,drop,"(O)378",1
62005,1,86,drop,"(O)380",1
62005,1,86,drop,"(O)382",5
62005,1,86,drop,"(O)384",7
62005,1,86,drop,"(O)390",35
62005,1,86,drop,"(O)537",1
62005,1,86,drop,"(O)749",1
62005,1,86,drop,"(O)766",1
62005,1,86,drop,"(O)768",1
62005,1,86,drop,"(O)769",1
62005,1,86,drop,"(O)78",3
62005,1,86,drop,"(O)881",4
62005,1,86,drop,"(O)92",3
62005,1,86,geode,"(O)330",1
62005,1,86,geode,"(O)378",20
62005,1,86,monster,"Metal Head",1
62005,1,86,monster,"Shadow Brute",1
62005,1,86,monster,"Sludge",3
62005,1,86,node,"Gold node",2
62005,1,86,stone,"",64
62005,1,87,drop,"(O)380",1
62005,1,87,drop,"(O)382",6
62005,1,87,drop,"(O)384",5
62005,1,87,drop,"(O)390",36
62005,1,87,drop,"(O)537",3
62005,1,87,drop,"(O)72",1
62005,1,87,drop,"(O)766",1
62005,1,87,drop,"(O)769",1
62005,1,87,geode,"(O)378",8
62005,1,87,geode,"(O)543",1
62005,1,87,monster,"Shadow Shaman",1
62005,1,87,monster,"Sludge",1
62005,1,87,node,"Diamond node",1
62005,1,87,node,"Gold node",2
62005,1,87,stone,"",62
62005,1,88,drop,"(O)380",1
62005,1,88,drop,"(O)382",4
62005,1,88,drop,"(O)384",14
62005,1,88,drop,"(O)390",42
62005,1,88,drop,"(O)537",2
62005,1,88,drop,"(O)93",5
62005,1,88,geode,"(O)122",1
62005,1,88,geode,"(O)575",1
62005,1,88,loose,"(O)93",5
62005,1,88,node,"Gold node",7
62005,1,88,stone,"",70
62005,1,89,container,"",2
62005,1,89,drop,"(O)382",2
62005,1,89,drop,"(O)384",6
62005,1,89,drop,"(O)390",30
62005,1,89,drop,"(O)537",1
62005,1,89,drop,"(O)70",1
62005,1,89,drop,"(O)766",1
62005,1,89,drop,"(O)769",3
62005,1,89,drop,"(O)80",1
62005,1,89,drop,"(O)92",2
62005,1,89,geode,"(O)539",1
62005,1,89,loose,"(O)80",1
62005,1,89,monster,"Shadow Brute",1
62005,1,89,monster,"Shadow Shaman",2
62005,1,89,monster,"Sludge",2
62005,1,89,node,"Gold node",2
62005,1,89,node,"Jade node",1
62005,1,89,stone,"",66
62005,1,91,container,"",2
62005,1,91,drop,"(O)380",1
62005,1,91,drop,"(O)382",8
62005,1,91,drop,"(O)384",1
62005,1,91,drop,"(O)390",45
62005,1,91,drop,"(O)537",3
62005,1,91,drop,"(O)717",1
62005,1,91,drop,"(O)766",2
62005,1,91,drop,"(O)768",1
62005,1,91,drop,"(O)78",2
62005,1,91,drop,"(O)814",1
62005,1,91,drop,"(O)82",1
62005,1,91,drop,"(O)92",1
62005,1,91,geode,"(O)390",3
62005,1,91,geode,"(O)553",1
62005,1,91,geode,"(O)554",1
62005,1,91,loose,"(O)82",1
62005,1,91,monster,"Lava Crab",1
62005,1,91,monster,"Sludge",2
62005,1,91,monster,"Squid Kid",1
62005,1,91,stone,"",79
62005,1,92,drop,"(O)382",4
62005,1,92,drop,"(O)384",6
62005,1,92,drop,"(O)390",21
62005,1,92,drop,"(O)93",2
62005,1,92,loose,"(O)93",2
62005,1,92,monster,"Shadow Brute",1
62005,1,92,node,"Gold node",2
62005,1,92,stone,"",39
62005,1,93,drop,"(O)382",8
62005,1,93,drop,"(O)384",9
62005,1,93,drop,"(O)390",46
62005,1,93,drop,"(O)60",1
62005,1,93,drop,"(O)749",1
62005,1,93,drop,"(O)766",3
62005,1,93,drop,"(O)769",3
62005,1,93,drop,"(O)80",1
62005,1,93,drop,"(O)92",1
62005,1,93,geode,"(O)570",1
62005,1,93,loose,"(O)80",1
62005,1,93,monster,"Lava Crab",1
62005,1,93,monster,"Shadow Brute",2
62005,1,93,monster,"Shadow Shaman",1
62005,1,93,monster,"Sludge",3
62005,1,93,node,"Emerald node",1
62005,1,93,node,"Gold node",4
62005,1,93,stone,"",82
62005,1,94,container,"",4
62005,1,94,drop,"(O)380",1
62005,1,94,drop,"(O)382",7
62005,1,94,drop,"(O)384",11
62005,1,94,drop,"(O)390",66
62005,1,94,drop,"(O)537",4
62005,1,94,drop,"(O)66",1
62005,1,94,drop,"(O)709",5
62005,1,94,drop,"(O)749",1
62005,1,94,drop,"(O)769",1
62005,1,94,drop,"(O)80",1
62005,1,94,geode,"(O)330",2
62005,1,94,geode,"(O)390",5
62005,1,94,geode,"(O)541",1
62005,1,94,geode,"(O)554",1
62005,1,94,loose,"(O)80",1
62005,1,94,monster,"Shadow Brute",1
62005,1,94,node,"Amethyst node",1
62005,1,94,node,"Gold node",7
62005,1,94,stone,"",105
62005,1,95,drop,"(O)382",3
62005,1,95,drop,"(O)390",20
62005,1,95,drop,"(O)769",3
62005,1,95,monster,"Metal Head",1
62005,1,95,monster,"Shadow Brute",1
62005,1,95,monster,"Shadow Shaman",1
62005,1,95,monster,"Sludge",1
62005,1,95,stone,"",41
62005,1,96,drop,"(O)378",1
62005,1,96,drop,"(O)380",1
62005,1,96,drop,"(O)382",5
62005,1,96,drop,"(O)384",14
62005,1,96,drop,"(O)390",55
62005,1,96,drop,"(O)537",1
62005,1,96,drop,"(O)93",4
62005,1,96,geode,"(O)390",3
62005,1,96,loose,"(O)93",4
62005,1,96,node,"Gold node",10
62005,1,96,stone,"",100
62005,1,97,container,"",1
62005,1,97,drop,"(O)157",2
62005,1,97,drop,"(O)287",1
62005,1,97,drop,"(O)380",1
62005,1,97,drop,"(O)382",5
62005,1,97,drop,"(O)384",14
62005,1,97,drop,"(O)390",43
62005,1,97,drop,"(O)766",4
62005,1,97,drop,"(O)769",5
62005,1,97,drop,"(O)92",3
62005,1,97,drop,"(O)93",4
62005,1,97,loose,"(O)93",4
62005,1,97,monster,"Lava Crab",1
62005,1,97,monster,"Shadow Brute",1
62005,1,97,monster,"Shadow Shaman",4
62005,1,97,monster,"Sludge",5
62005,1,97,node,"Gold node",6
62005,1,97,stone,"",69
62005,1,98,container,"",2
62005,1,98,drop,"(O)157",1
62005,1,98,drop,"(O)334",2
62005,1,98,drop,"(O)336",1
62005,1,98,drop,"(O)382",6
62005,1,98,drop,"(O)384",12
62005,1,98,drop,"(O)390",56
62005,1,98,drop,"(O)537",4
62005,1,98,drop,"(O)66",1
62005,1,98,drop,"(O)749",2
62005,1,98,drop,"(O)766",3
62005,1,98,drop,"(O)768",1
62005,1,98,drop,"(O)769",10
62005,1,98,drop,"(O)92",2
62005,1,98,drop,"(O)98",1
62005,1,98,geode,"(O)330",1
62005,1,98,geode,"(O)378",10
62005,1,98,geode,"(O)390",5
62005,1,98,geode,"(O)565",3
62005,1,98,monster,"Shadow Brute",6
62005,1,98,monster,"Shadow Shaman",3
62005,1,98,monster,"Sludge",3
62005,1,98,monster,"Squid Kid",1
62005,1,98,node,"Amethyst node",1
62005,1,98,node,"Gold node",5
62005,1,98,stone,"",100
62005,1,99,drop,"(O)287",1
62005,1,99,drop,"(O)336",1
62005,1,99,drop,"(O)378",1
62005,1,99,drop,"(O)382",10
62005,1,99,drop,"(O)384",15
62005,1,99,drop,"(O)390",51
62005,1,99,drop,"(O)537",3
62005,1,99,drop,"(O)749",2
62005,1,99,drop,"(O)766",5
62005,1,99,drop,"(O)769",3
62005,1,99,drop,"(O)80",1
62005,1,99,drop,"(O)92",6
62005,1,99,geode,"(O)330",1
62005,1,99,geode,"(O)380",5
62005,1,99,geode,"(O)390",5
62005,1,99,geode,"(O)558",1
62005,1,99,geode,"(O)570",1
62005,1,99,loose,"(O)80",1
62005,1,99,monster,"Lava Crab",2
62005,1,99,monster,"Shadow Shaman",2
62005,1,99,monster,"Sludge",8
62005,1,99,node,"Gold node",7
62005,1,99,stone,"",105
62005,1,101,drop,"(O)378",1
62005,1,101,drop,"(O)380",1
62005,1,101,drop,"(O)382",3
62005,1,101,drop,"(O)384",3
62005,1,101,drop,"(O)390",30
62005,1,101,drop,"(O)537",1
62005,1,101,drop,"(O)768",1
62005,1,101,drop,"(O)769",2
62005,1,101,drop,"(O)92",1
62005,1,101,geode,"(O)82",1
62005,1,101,monster,"Metal Head",1
62005,1,101,monster,"Shadow Shaman",1
62005,1,101,monster,"Sludge",1
62005,1,101,node,"Gold node",1
62005,1,101,stone,"",48
62005,1,102,drop,"(O)157",1
62005,1,102,drop,"(O)378",1
62005,1,102,drop,"(O)382",4
62005,1,102,drop,"(O)390",19
62005,1,102,drop,"(O)537",2
62005,1,102,drop,"(O)766",2
62005,1,102,drop,"(O)80",2
62005,1,102,drop,"(O)92",2
62005,1,102,geode,"(O)378",5
62005,1,102,geode,"(O)562",1
62005,1,102,loose,"(O)80",2
62005,1,102,monster,"Metal Head",1
62005,1,102,monster,"Shadow Brute",1
62005,1,102,monster,"Sludge",2
62005,1,102,stone,"",43
62005,1,103,drop,"(O)157",1
62005,1,103,drop,"(O)380",1
62005,1,103,drop,"(O)382",3
62005,1,103,drop,"(O)384",13
62005,1,103,drop,"(O)390",59
62005,1,103,drop,"(O)537",2
62005,1,103,drop,"(O)68",1
62005,1,103,drop,"(O)766",3
62005,1,103,drop,"(O)769",1
62005,1,103,drop,"(O)80",3
62005,1,103,drop,"(O)814",1
62005,1,103,geode,"(O)384",1
62005,1,103,geode,"(O)554",1
62005,1,103,loose,"(O)80",3
62005,1,103,monster,"Lava Crab",1
62005,1,103,monster,"Shadow Brute",1
62005,1,103,monster,"Sludge",4
62005,1,103,monster,"Squid Kid",1
62005,1,103,node,"Gold node",4
62005,1,103,node,"Topaz node",1
62005,1,103,stone,"",93
62005,1,104,drop,"(O)380",1
62005,1,104,drop,"(O)382",4
62005,1,104,drop,"(O)384",13
62005,1,104,drop,"(O)390",55
62005,1,104,drop,"(O)537",6
62005,1,104,drop,"(O)72",1
62005,1,104,drop,"(O)766",3
62005,1,104,drop,"(O)769",2
62005,1,104,drop,"(O)92",2
62005,1,104,geode,"(O)380",8
62005,1,104,geode,"(O)384",3
62005,1,104,geode,"(O)390",1
62005,1,104,geode,"(O)539",1
62005,1,104,geode,"(O)82",1
62005,1,104,monster,"Shadow Brute",1
62005,1,104,monster,"Shadow Shaman",1
62005,1,104,monster,"Sludge",3
62005,1,104,node,"Gem node (mixed)",1
62005,1,104,node,"Gold node",6
62005,1,104,stone,"",97
62005,1,105,drop,"(O)380",1
62005,1,105,drop,"(O)382",7
62005,1,105,drop,"(O)384",2
62005,1,105,drop,"(O)390",32
62005,1,105,drop,"(O)537",1
62005,1,105,drop,"(O)749",1
62005,1,105,drop,"(O)766",1
62005,1,105,drop,"(O)768",2
62005,1,105,geode,"(O)543",1
62005,1,105,geode,"(O)566",1
62005,1,105,monster,"Metal Head",2
62005,1,105,monster,"Sludge",1
62005,1,105,stone,"",60
62005,1,106,drop,"(O)380",1
62005,1,106,drop,"(O)382",6
62005,1,106,drop,"(O)384",6
62005,1,106,drop,"(O)390",35
62005,1,106,drop,"(O)537",1
62005,1,106,drop,"(O)66",1
62005,1,106,geode,"(O)380",1
62005,1,106,node,"Amethyst node",1
62005,1,106,node,"Gold node",2
62005,1,106,stone,"",62
62005,1,107,container,"",1
62005,1,107,drop,"(O)378",2
62005,1,107,drop,"(O)380",1
62005,1,107,drop,"(O)382",1
62005,1,107,drop,"(O)384",10
62005,1,107,drop,"(O)390",14
62005,1,107,drop,"(O)420",7
62005,1,107,drop,"(O)422",2
62005,1,107,drop,"(O)66",1
62005,1,107,drop,"(O)717",1
62005,1,107,drop,"(O)766",1
62005,1,107,drop,"(O)769",2
62005,1,107,loose,"(O)420",7
62005,1,107,loose,"(O)422",2
62005,1,107,monster,"Lava Crab",1
62005,1,107,monster,"Shadow Brute",1
62005,1,107,monster,"Shadow Shaman",1
62005,1,107,monster,"Sludge",1
62005,1,107,node,"Amethyst node",1
62005,1,107,node,"Gold node",3
62005,1,107,stone,"",33
62005,1,108,drop,"(O)380",1
62005,1,108,drop,"(O)382",3
62005,1,108,drop,"(O)390",38
62005,1,108,drop,"(O)422",1
62005,1,108,drop,"(O)537",1
62005,1,108,drop,"(O)64",1
62005,1,108,drop,"(O)749",1
62005,1,108,geode,"(O)380",3
62005,1,108,geode,"(O)571",1
62005,1,108,loose,"(O)422",1
62005,1,108,monster,"Lava Crab",1
62005,1,108,monster,"Sludge",1
62005,1,108,node,"Ruby node",1
62005,1,108,stone,"",65
62005,1,109,container,"",1
62005,1,109,drop,"(O)380",5
62005,1,109,drop,"(O)382",6
62005,1,109,drop,"(O)384",3
62005,1,109,drop,"(O)390",35
62005,1,109,drop,"(O)420",1
62005,1,109,drop,"(O)537",1
62005,1,109,drop,"(O)749",1
62005,1,109,drop,"(O)766",1
62005,1,109,drop,"(O)768",1
62005,1,109,drop,"(O)769",1
62005,1,109,drop,"(O)80",1
62005,1,109,geode,"(O)539",1
62005,1,109,geode,"(O)562",1
62005,1,109,loose,"(O)420",1
62005,1,109,loose,"(O)80",1
62005,1,109,monster,"Metal Head",1
62005,1,109,monster,"Shadow Brute",2
62005,1,109,monster,"Shadow Shaman",1
62005,1,109,monster,"Sludge",1
62005,1,109,node,"Gold node",1
62005,1,109,stone,"",72
62005,1,111,drop,"(O)378",1
62005,1,111,drop,"(O)382",6
62005,1,111,drop,"(O)384",9
62005,1,111,drop,"(O)390",45
62005,1,111,drop,"(O)537",2
62005,1,111,drop,"(O)62",1
62005,1,111,drop,"(O)767",2
62005,1,111,drop,"(O)80",1
62005,1,111,geode,"(O)378",10
62005,1,111,geode,"(O)565",1
62005,1,111,loose,"(O)80",1
62005,1,111,monster,"Lava Bat",1
62005,1,111,node,"Aquamarine node",1
62005,1,111,node,"Gold node",3
62005,1,111,stone,"",80
62005,1,112,drop,"(O)380",1
62005,1,112,drop,"(O)382",1
62005,1,112,drop,"(O)384",12
62005,1,112,drop,"(O)390",18
62005,1,112,drop,"(O)537",1
62005,1,112,drop,"(O)60",1
62005,1,112,drop,"(O)68",1
62005,1,112,drop,"(O)767",2
62005,1,112,drop,"(O)769",1
62005,1,112,drop,"(O)93",5
62005,1,112,geode,"(O)575",1
62005,1,112,loose,"(O)93",5
62005,1,112,monster,"Lava Bat",1
62005,1,112,monster,"Shadow Brute",1
62005,1,112,node,"Emerald node",1
62005,1,112,node,"Gold node",4
62005,1,112,node,"Topaz node",1
62005,1,112,stone,"",33
62005,1,113,container,"",1
62005,1,113,drop,"(O)382",1
62005,1,113,drop,"(O)384",3
62005,1,113,drop,"(O)390",20
62005,1,113,drop,"(O)68",1
62005,1,113,drop,"(O)767",2
62005,1,113,drop,"(O)78",2
62005,1,113,drop,"(O)80",1
62005,1,113,loose,"(O)80",1
62005,1,113,monster,"Lava Bat",1
62005,1,113,node,"Gold node",1
62005,1,113,node,"Topaz node",1
62005,1,113,stone,"",36
62005,1,114,drop,"(O)382",4
62005,1,114,drop,"(O)384",8
62005,1,114,drop,"(O)390",24
62005,1,114,drop,"(O)749",1
62005,1,114,drop,"(O)766",1
62005,1,114,drop,"(O)767",2
62005,1,114,drop,"(O)768",1
62005,1,114,drop,"(O)93",3
62005,1,114,geode,"(O)380",1
62005,1,114,loose,"(O)93",3
62005,1,114,monster,"Lava Bat",1
62005,1,114,monster,"Metal Head",1
62005,1,114,monster,"Sludge",1
62005,1,114,node,"Gold node",2
62005,1,114,stone,"",39
62005,1,115,drop,"(O)334",1
62005,1,115,drop,"(O)382",1
62005,1,115,drop,"(O)390",14
62005,1,115,drop,"(O)537",1
62005,1,115,drop,"(O)766",1
62005,1,115,drop,"(O)767",1
62005,1,115,drop,"(O)769",2
62005,1,115,geode,"(O)563",1
62005,1,115,monster,"Lava Bat",1
62005,1,115,monster,"Shadow Brute",1
62005,1,115,monster,"Sludge",1
62005,1,115,stone,"",28
62005,1,116,container,"",2
62005,1,116,drop,"(O)378",3
62005,1,116,drop,"(O)382",6
62005,1,116,drop,"(O)384",3
62005,1,116,drop,"(O)390",35
62005,1,116,drop,"(O)537",1
62005,1,116,drop,"(O)709",3
62005,1,116,drop,"(O)749",1
62005,1,116,drop,"(O)766",2
62005,1,116,drop,"(O)767",3
62005,1,116,drop,"(O)769",1
62005,1,116,drop,"(O)92",2
62005,1,116,drop,"(O)93",2
62005,1,116,geode,"(O)380",4
62005,1,116,loose,"(O)93",2
62005,1,116,monster,"Lava Bat",2
62005,1,116,monster,"Metal Head",1
62005,1,116,monster,"Shadow Brute",1
62005,1,116,monster,"Sludge",2
62005,1,116,node,"Copper node",1
62005,1,116,node,"Gold node",2
62005,1,116,stone,"",53
62005,1,117,container,"",2
62005,1,117,drop,"(O)378",2
62005,1,117,drop,"(O)380",1
62005,1,117,drop,"(O)382",4
62005,1,117,drop,"(O)384",7
62005,1,117,drop,"(O)388",2
62005,1,117,drop,"(O)390",20
62005,1,117,drop,"(O)60",1
62005,1,117,drop,"(O)769",2
62005,1,117,drop,"(O)93",3
62005,1,117,loose,"(O)93",3
62005,1,117,monster,"Shadow Brute",1
62005,1,117,monster,"Shadow Shaman",1
62005,1,117,node,"Copper node",1
62005,1,117,node,"Emerald node",1
62005,1,117,node,"Gold node",3
62005,1,117,stone,"",33
62005,1,118,container,"",3
62005,1,118,drop,"(O)287",1
62005,1,118,drop,"(O)378",3
62005,1,118,drop,"(O)382",4
62005,1,118,drop,"(O)384",12
62005,1,118,drop,"(O)390",21
62005,1,118,drop,"(O)537",2
62005,1,118,drop,"(O)767",2
62005,1,118,drop,"(O)93",1
62005,1,118,geode,"(O)330",1
62005,1,118,geode,"(O)378",5
62005,1,118,loose,"(O)93",1
62005,1,118,monster,"Lava Bat",1
62005,1,118,monster,"Lava Crab",1
62005,1,118,node,"Copper node",1
62005,1,118,node,"Gold node",4
62005,1,118,stone,"",48
62005,1,119,container,"",4
62005,1,119,drop,"(O)382",8
62005,1,119,drop,"(O)384",6
62005,1,119,drop,"(O)390",35
62005,1,119,drop,"(O)537",3
62005,1,119,drop,"(O)766",2
62005,1,119,drop,"(O)767",4
62005,1,119,drop,"(O)881",3
62005,1,119,drop,"(O)92",1
62005,1,119,geode,"(O)540",1
62005,1,119,geode,"(O)547",1
62005,1,119,geode,"(O)554",1
62005,1,119,monster,"Lava Bat",3
62005,1,119,monster,"Sludge",2
62005,1,119,monster,"Squid Kid",1
62005,1,119,node,"Gold node",2
62005,1,119,stone,"",54
62005,2,81,drop,"(O)382",4
62005,2,81,drop,"(O)384",2
62005,2,81,drop,"(O)390",29
62005,2,81,drop,"(O)93",1
62005,2,81,loose,"(O)93",1
62005,2,81,node,"Gold node",1
62005,2,81,stone,"",36
62005,2,82,drop,"(O)378",1
62005,2,82,drop,"(O)380",1
62005,2,82,drop,"(O)382",6
62005,2,82,drop,"(O)384",5
62005,2,82,drop,"(O)390",39
62005,2,82,drop,"(O)537",1
62005,2,82,drop,"(O)717",1
62005,2,82,drop,"(O)72",1
62005,2,82,drop,"(O)766",2
62005,2,82,drop,"(O)80",1
62005,2,82,drop,"(O)92",2
62005,2,82,geode,"(O)390",1
62005,2,82,loose,"(O)80",1
62005,2,82,monster,"Lava Crab",1
62005,2,82,monster,"Metal Head",2
62005,2,82,monster,"Shadow Brute",1
62005,2,82,monster,"Sludge",2
62005,2,82,node,"Gold node",1
62005,2,82,stone,"",67
62005,2,83,drop,"(O)380",2
62005,2,83,drop,"(O)382",9
62005,2,83,drop,"(O)384",8
62005,2,83,drop,"(O)390",33
62005,2,83,drop,"(O)766",2
62005,2,83,drop,"(O)80",1
62005,2,83,drop,"(O)92",1
62005,2,83,loose,"(O)80",1
62005,2,83,monster,"Metal Head",1
62005,2,83,monster,"Sludge",2
62005,2,83,node,"Gold node",2
62005,2,83,stone,"",60
62005,2,84,container,"",2
62005,2,84,drop,"(O)382",7
62005,2,84,drop,"(O)384",4
62005,2,84,drop,"(O)390",41
62005,2,84,drop,"(O)537",1
62005,2,84,drop,"(O)769",2
62005,2,84,drop,"(O)78",1
62005,2,84,drop,"(O)80",1
62005,2,84,geode,"(O)553",1
62005,2,84,loose,"(O)80",1
62005,2,84,monster,"Shadow Brute",1
62005,2,84,node,"Gold node",1
62005,2,84,stone,"",71
62005,2,85,drop,"(O)287",1
62005,2,85,drop,"(O)382",2
62005,2,85,drop,"(O)384",1
62005,2,85,drop,"(O)390",26
62005,2,85,drop,"(O)537",1
62005,2,85,drop,"(O)769",1
62005,2,85,geode,"(O)562",1
62005,2,85,monster,"Lava Crab",1
62005,2,85,monster,"Shadow Shaman",1
62005,2,85,stone,"",41
62005,2,86,drop,"(O)382",3
62005,2,86,drop,"(O)384",5
62005,2,86,drop,"(O)390",26
62005,2,86,drop,"(O)769",2
62005,2,86,monster,"Shadow Shaman",2
62005,2,86,node,"Gold node",1
62005,2,86,stone,"",52
62005,2,87,drop,"(O)380",1
62005,2,87,drop,"(O)382",4
62005,2,87,drop,"(O)384",3
62005,2,87,drop,"(O)390",31
62005,2,87,drop,"(O)537",1
62005,2,87,drop,"(O)766",3
62005,2,87,drop,"(O)769",1
62005,2,87,drop,"(O)92",1
62005,2,87,geode,"(O)547",1
62005,2,87,monster,"Lava Crab",1
62005,2,87,monster,"Shadow Brute",1
62005,2,87,monster,"Shadow Shaman",1
62005,2,87,monster,"Sludge",4
62005,2,87,node,"Gold node",1
62005,2,87,stone,"",57
62005,2,88,container,"",7
62005,2,88,drop,"(F)1395",1
62005,2,88,drop,"(O)380",3
62005,2,88,drop,"(O)382",7
62005,2,88,drop,"(O)384",25
62005,2,88,drop,"(O)390",25
62005,2,88,drop,"(O)537",1
62005,2,88,drop,"(O)60",1
62005,2,88,drop,"(O)766",2
62005,2,88,drop,"(O)769",2
62005,2,88,drop,"(O)78",1
62005,2,88,drop,"(O)881",6
62005,2,88,drop,"(O)92",1
62005,2,88,drop,"(O)93",8
62005,2,88,geode,"(O)543",1
62005,2,88,loose,"(O)93",8
62005,2,88,monster,"Shadow Brute",3
62005,2,88,monster,"Sludge",2
62005,2,88,node,"Gold node",8
62005,2,88,stone,"",57
62005,2,89,drop,"(O)157",1
62005,2,89,drop,"(O)287",2
62005,2,89,drop,"(O)380",1
62005,2,89,drop,"(O)717",3
62005,2,89,drop,"(O)766",2
62005,2,89,drop,"(O)768",1
62005,2,89,drop,"(O)769",3
62005,2,89,drop,"(O)92",2
62005,2,89,monster,"Lava Crab",5
62005,2,89,monster,"Metal Head",2
62005,2,89,monster,"Shadow Brute",2
62005,2,89,monster,"Shadow Shaman",1
62005,2,89,monster,"Sludge",5
62005,2,91,drop,"(O)157",1
62005,2,91,drop,"(O)382",1
62005,2,91,drop,"(O)766",8
62005,2,91,drop,"(O)80",1
62005,2,91,drop,"(O)92",3
62005,2,91,loose,"(O)80",1
62005,2,91,monster,"Sludge",8
62005,2,92,drop,"(O)382",1
62005,2,92,drop,"(O)384",2
62005,2,92,drop,"(O)390",9
62005,2,92,drop,"(O)766",1
62005,2,92,drop,"(O)92",1
62005,2,92,monster,"Sludge",2
62005,2,92,node,"Gold node",1
62005,2,92,stone,"",14
62005,2,93,drop,"(O)380",2
62005,2,93,drop,"(O)382",1
62005,2,93,drop,"(O)390",9
62005,2,93,drop,"(O)420",5
62005,2,93,drop,"(O)422",5
62005,2,93,drop,"(O)717",1
62005,2,93,drop,"(O)768",3
62005,2,93,drop,"(O)769",1
62005,2,93,loose,"(O)420",5
62005,2,93,loose,"(O)422",5
62005,2,93,monster,"Lava Crab",2
62005,2,93,monster,"Metal Head",4
62005,2,93,monster,"Shadow Brute",2
62005,2,93,monster,"Sludge",1
62005,2,93,stone,"",19
62005,2,94,drop,"(O)382",7
62005,2,94,drop,"(O)384",8
62005,2,94,drop,"(O)390",28
62005,2,94,drop,"(O)64",1
62005,2,94,drop,"(O)72",1
62005,2,94,drop,"(O)766",3
62005,2,94,drop,"(O)768",2
62005,2,94,drop,"(O)769",5
62005,2,94,drop,"(O)814",1
62005,2,94,drop,"(O)92",3
62005,2,94,drop,"(O)93",1
62005,2,94,loose,"(O)93",1
62005,2,94,monster,"Shadow Shaman",4
62005,2,94,monster,"Sludge",3
62005,2,94,monster,"Squid Kid",2
62005,2,94,node,"Diamond node",1
62005,2,94,node,"Gold node",3
62005,2,94,node,"Ruby node",1
62005,2,94,stone,"",62
62005,2,95,drop,"(O)382",2
62005,2,95,drop,"(O)390",26
62005,2,95,drop,"(O)537",1
62005,2,95,drop,"(O)749",1
62005,2,95,drop,"(O)766",1
62005,2,95,drop,"(O)92",1
62005,2,95,geode,"(O)378",3
62005,2,95,geode,"(O)575",1
62005,2,95,monster,"Sludge",1
62005,2,95,stone,"",41
62005,2,96,container,"",4
62005,2,96,drop,"(O)382",10
62005,2,96,drop,"(O)384",15
62005,2,96,drop,"(O)390",23
62005,2,96,drop,"(O)766",2
62005,2,96,monster,"Sludge",3
62005,2,96,node,"Gold node",8
62005,2,96,stone,"",50
62005,2,97,drop,"(O)157",1
62005,2,97,drop,"(O)287",1
62005,2,97,drop,"(O)380",1
62005,2,97,drop,"(O)382",10
62005,2,97,drop,"(O)384",8
62005,2,97,drop,"(O)390",72
62005,2,97,drop,"(O)537",2
62005,2,97,drop,"(O)749",2
62005,2,97,drop,"(O)766",1
62005,2,97,drop,"(O)80",1
62005,2,97,drop,"(O)92",1
62005,2,97,geode,"(O)330",1
62005,2,97,geode,"(O)539",1
62005,2,97,geode,"(O)563",1
62005,2,97,geode,"(O)578",1
62005,2,97,loose,"(O)80",1
62005,2,97,monster,"Lava Crab",2
62005,2,97,monster,"Sludge",2
62005,2,97,node,"Gold node",2
62005,2,97,stone,"",124
62005,2,98,container,"",2
62005,2,98,drop,"(O)334",1
62005,2,98,drop,"(O)378",3
62005,2,98,drop,"(O)382",5
62005,2,98,drop,"(O)384",12
62005,2,98,drop,"(O)390",23
62005,2,98,drop,"(O)537",1
62005,2,98,drop,"(O)709",2
62005,2,98,drop,"(O)766",4
62005,2,98,drop,"(O)768",2
62005,2,98,drop,"(O)769",1
62005,2,98,drop,"(O)78",1
62005,2,98,drop,"(O)80",2
62005,2,98,drop,"(O)814",1
62005,2,98,drop,"(O)92",1
62005,2,98,drop,"(O)93",5
62005,2,98,drop,"(O)98",1
62005,2,98,geode,"(O)380",5
62005,2,98,loose,"(O)80",2
62005,2,98,loose,"(O)93",5
62005,2,98,monster,"Lava Crab",1
62005,2,98,monster,"Metal Head",1
62005,2,98,monster,"Shadow Shaman",2
62005,2,98,monster,"Sludge",5
62005,2,98,monster,"Squid Kid",1
62005,2,98,node,"Copper node",1
62005,2,98,node,"Gold node",5
62005,2,98,stone,"",47
62005,2,99,drop,"(O)157",1
62005,2,99,drop,"(O)382",5
62005,2,99,drop,"(O)384",12
62005,2,99,drop,"(O)390",77
62005,2,99,drop,"(O)537",3
62005,2,99,drop,"(O)717",1
62005,2,99,drop,"(O)72",1
62005,2,99,drop,"(O)749",1
62005,2,99,drop,"(O)766",5
62005,2,99,drop,"(O)768",2
62005,2,99,drop,"(O)769",1
62005,2,99,drop,"(O)80",1
62005,2,99,drop,"(O)92",4
62005,2,99,geode,"(O)380",1
62005,2,99,geode,"(O)543",1
62005,2,99,geode,"(O)82",2
62005,2,99,loose,"(O)80",1
62005,2,99,monster,"Lava Crab",3
62005,2,99,monster,"Metal Head",1
62005,2,99,monster,"Shadow Shaman",1
62005,2,99,monster,"Sludge",7
62005,2,99,monster,"Squid Kid",1
62005,2,99,node,"Gold node",5
62005,2,99,stone,"",115
62005,2,101,drop,"(O)157",1
62005,2,101,drop,"(O)382",2
62005,2,101,drop,"(O)384",1
62005,2,101,drop,"(O)390",15
62005,2,101,drop,"(O)537",1
62005,2,101,drop,"(O)72",1
62005,2,101,drop,"(O)766",3
62005,2,101,drop,"(O)92",2
62005,2,101,geode,"(O)382",3
62005,2,101,monster,"Sludge",3
62005,2,101,node,"Diamond node",1
62005,2,101,stone,"",28
62005,2,102,container,"",1
62005,2,102,drop,"(O)380",3
62005,2,102,drop,"(O)382",2
62005,2,102,drop,"(O)384",2
62005,2,102,drop,"(O)390",12
62005,2,102,drop,"(O)60",1
62005,2,102,drop,"(O)768",2
62005,2,102,monster,"Metal Head",2
62005,2,102,node,"Emerald node",1
62005,2,102,node,"Gold node",1
62005,2,102,stone,"",24
62005,2,103,container,"",2
62005,2,103,drop,"(O)380",4
62005,2,103,drop,"(O)382",4
62005,2,103,drop,"(O)384",3
62005,2,103,drop,"(O)390",32
62005,2,103,drop,"(O)537",1
62005,2,103,drop,"(O)766",1
62005,2,103,drop,"(O)92",1
62005,2,103,geode,"(O)380",1
62005,2,103,monster,"Sludge",2
62005,2,103,node,"Gold node",2
62005,2,103,stone,"",52
62005,2,104,container,"",4
62005,2,104,drop,"(O)378",5
62005,2,104,drop,"(O)380",1
62005,2,104,drop,"(O)382",8
62005,2,104,drop,"(O)384",9
62005,2,104,drop,"(O)390",40
62005,2,104,drop,"(O)766",1
62005,2,104,drop,"(O)768",1
62005,2,104,drop,"(O)78",1
62005,2,104,drop,"(O)80",2
62005,2,104,drop,"(O)82",1
62005,2,104,loose,"(O)80",2
62005,2,104,loose,"(O)82",1
62005,2,104,monster,"Metal Head",1
62005,2,104,monster,"Shadow Brute",1
62005,2,104,monster,"Sludge",1
62005,2,104,monster,"Squid Kid",1
62005,2,104,node,"Gold node",5
62005,2,104,stone,"",81
62005,2,105,drop,"(O)382",1
62005,2,105,drop,"(O)390",29
62005,2,105,drop,"(O)537",1
62005,2,105,drop,"(O)749",1
62005,2,105,drop,"(O)766",2
62005,2,105,drop,"(O)92",1
62005,2,105,geode,"(O)378",1
62005,2,105,geode,"(O)553",1
62005,2,105,monster,"Sludge",2
62005,2,105,stone,"",42
62005,2,106,drop,"(O)382",5
62005,2,106,drop,"(O)384",8
62005,2,106,drop,"(O)390",41
62005,2,106,drop,"(O)420",1
62005,2,106,drop,"(O)537",1
62005,2,106,drop,"(O)717",1
62005,2,106,drop,"(O)749",1
62005,2,106,drop,"(O)766",2
62005,2,106,drop,"(O)768",1
62005,2,106,drop,"(O)80",1
62005,2,106,drop,"(O)814",1
62005,2,106,drop,"(O)92",2
62005,2,106,geode,"(O)390",5
62005,2,106,geode,"(O)562",1
62005,2,106,loose,"(O)420",1
62005,2,106,loose,"(O)80",1
62005,2,106,monster,"Lava Crab",1
62005,2,106,monster,"Sludge",2
62005,2,106,monster,"Squid Kid",1
62005,2,106,node,"Gold node",4
62005,2,106,stone,"",73
62005,2,107,container,"",2
62005,2,107,drop,"(O)378",1
62005,2,107,drop,"(O)382",6
62005,2,107,drop,"(O)384",3
62005,2,107,drop,"(O)390",34
62005,2,107,drop,"(O)537",1
62005,2,107,drop,"(O)766",3
62005,2,107,drop,"(O)768",1
62005,2,107,drop,"(O)769",1
62005,2,107,drop,"(O)92",2
62005,2,107,geode,"(O)390",3
62005,2,107,monster,"Lava Crab",1
62005,2,107,monster,"Metal Head",1
62005,2,107,monster,"Shadow Brute",1
62005,2,107,monster,"Sludge",3
62005,2,107,stone,"",52
62005,2,108,container,"",1
62005,2,108,drop,"(O)157",1
62005,2,108,drop,"(O)380",4
62005,2,108,drop,"(O)382",7
62005,2,108,drop,"(O)384",8
62005,2,108,drop,"(O)390",66
62005,2,108,drop,"(O)749",1
62005,2,108,drop,"(O)766",2
62005,2,108,drop,"(O)768",1
62005,2,108,drop,"(O)769",1
62005,2,108,drop,"(O)92",1
62005,2,108,drop,"(O)93",5
62005,2,108,geode,"(O)386",2
62005,2,108,loose,"(O)93",5
62005,2,108,monster,"Shadow Brute",1
62005,2,108,monster,"Sludge",2
62005,2,108,monster,"Squid Kid",1
62005,2,108,node,"Gold node",3
62005,2,108,stone,"",105
62005,2,109,container,"",3
62005,2,109,drop,"(O)382",9
62005,2,109,drop,"(O)384",5
62005,2,109,drop,"(O)390",24
62005,2,109,drop,"(O)537",1
62005,2,109,drop,"(O)78",2
62005,2,109,drop,"(O)82",1
62005,2,109,geode,"(O)378",1
62005,2,109,loose,"(O)82",1
62005,2,109,node,"Gold node",2
62005,2,109,stone,"",49
62005,2,111,drop,"(O)203",1
62005,2,111,drop,"(O)334",1
62005,2,111,drop,"(O)382",3
62005,2,111,drop,"(O)384",4
62005,2,111,drop,"(O)390",17
62005,2,111,drop,"(O)537",2
62005,2,111,drop,"(O)767",2
62005,2,111,drop,"(O)769",3
62005,2,111,geode,"(O)570",2
62005,2,111,monster,"Lava Bat",1
62005,2,111,monster,"Shadow Brute",2
62005,2,111,node,"Gold node",1
62005,2,111,stone,"",45
62005,2,112,drop,"(O)335",1
62005,2,112,drop,"(O)380",1
62005,2,112,drop,"(O)382",7
62005,2,112,drop,"(O)384",9
62005,2,112,drop,"(O)390",21
62005,2,112,drop,"(O)420",8
62005,2,112,drop,"(O)422",3
62005,2,112,drop,"(O)537",1
62005,2,112,drop,"(O)767",2
62005,2,112,drop,"(O)769",2
62005,2,112,drop,"(O)80",2
62005,2,112,geode,"(O)553",1
62005,2,112,loose,"(O)420",8
62005,2,112,loose,"(O)422",3
62005,2,112,loose,"(O)80",2
62005,2,112,monster,"Lava Bat",1
62005,2,112,monster,"Metal Head",1
62005,2,112,monster,"Shadow Brute",2
62005,2,112,node,"Gold node",4
62005,2,112,stone,"",37
62005,2,113,drop,"(O)382",4
62005,2,113,drop,"(O)384",4
62005,2,113,drop,"(O)390",38
62005,2,113,drop,"(O)766",1
62005,2,113,drop,"(O)769",3
62005,2,113,drop,"(O)82",1
62005,2,113,drop,"(O)92",1
62005,2,113,drop,"(O)93",2
62005,2,113,loose,"(O)82",1
62005,2,113,loose,"(O)93",2
62005,2,113,monster,"Shadow Brute",1
62005,2,113,monster,"Shadow Shaman",1
62005,2,113,monster,"Sludge",1
62005,2,113,node,"Gold node",4
62005,2,113,stone,"",55
62005,2,114,container,"",1
62005,2,114,drop,"(O)380",2
62005,2,114,drop,"(O)382",9
62005,2,114,drop,"(O)384",11
62005,2,114,drop,"(O)390",55
62005,2,114,drop,"(O)420",1
62005,2,114,drop,"(O)537",3
62005,2,114,drop,"(O)688",1
62005,2,114,drop,"(O)766",3
62005,2,114,drop,"(O)767",4
62005,2,114,drop,"(O)768",1
62005,2,114,drop,"(O)769",1
62005,2,114,drop,"(O)80",2
62005,2,114,drop,"(O)92",2
62005,2,114,geode,"(O)330",1
62005,2,114,geode,"(O)390",8
62005,2,114,loose,"(O)420",1
62005,2,114,loose,"(O)80",2
62005,2,114,monster,"Lava Bat",2
62005,2,114,monster,"Metal Head",1
62005,2,114,monster,"Shadow Brute",1
62005,2,114,monster,"Sludge",4
62005,2,114,node,"Gold node",4
62005,2,114,stone,"",86
62005,2,115,drop,"(O)380",1
62005,2,115,drop,"(O)382",1
62005,2,115,drop,"(O)384",1
62005,2,115,drop,"(O)390",15
62005,2,115,drop,"(O)769",2
62005,2,115,monster,"Shadow Shaman",1
62005,2,115,stone,"",25
62005,2,116,container,"",1
62005,2,116,drop,"(O)382",6
62005,2,116,drop,"(O)384",11
62005,2,116,drop,"(O)390",45
62005,2,116,drop,"(O)537",4
62005,2,116,drop,"(O)80",2
62005,2,116,geode,"(O)540",2
62005,2,116,geode,"(O)565",1
62005,2,116,geode,"(O)578",1
62005,2,116,loose,"(O)80",2
62005,2,116,node,"Gold node",4
62005,2,116,stone,"",88
62005,2,117,drop,"(O)287",1
62005,2,117,drop,"(O)382",6
62005,2,117,drop,"(O)384",7
62005,2,117,drop,"(O)390",34
62005,2,117,drop,"(O)537",4
62005,2,117,drop,"(O)60",1
62005,2,117,drop,"(O)749",1
62005,2,117,drop,"(O)766",1
62005,2,117,drop,"(O)768",1
62005,2,117,drop,"(O)80",1
62005,2,117,geode,"(O)384",3
62005,2,117,geode,"(O)547",1
62005,2,117,geode,"(O)553",1
62005,2,117,geode,"(O)563",1
62005,2,117,geode,"(O)567",1
62005,2,117,loose,"(O)80",1
62005,2,117,monster,"Lava Crab",1
62005,2,117,monster,"Sludge",1
62005,2,117,monster,"Squid Kid",1
62005,2,117,node,"Emerald node",1
62005,2,117,node,"Gold node",2
62005,2,117,stone,"",72
62005,2,118,drop,"(O)380",2
62005,2,118,drop,"(O)382",6
62005,2,118,drop,"(O)384",8
62005,2,118,drop,"(O)390",52
62005,2,118,drop,"(O)537",4
62005,2,118,drop,"(O)62",1
62005,2,118,drop,"(O)749",2
62005,2,118,drop,"(O)766",3
62005,2,118,drop,"(O)767",3
62005,2,118,drop,"(O)768",1
62005,2,118,drop,"(O)80",1
62005,2,118,drop,"(O)92",4
62005,2,118,drop,"(O)93",2
62005,2,118,geode,"(O)123",1
62005,2,118,geode,"(O)380",1
62005,2,118,geode,"(O)390",6
62005,2,118,geode,"(O)554",1
62005,2,118,geode,"(O)563",1
62005,2,118,loose,"(O)80",1
62005,2,118,loose,"(O)93",2
62005,2,118,monster,"Lava Bat",2
62005,2,118,monster,"Metal Head",1
62005,2,118,monster,"Shadow Brute",1
62005,2,118,monster,"Sludge",4
62005,2,118,node,"Aquamarine node",1
62005,2,118,node,"Gold node",4
62005,2,118,stone,"",93
62005,2,119,drop,"(O)382",2
62005,2,119,drop,"(O)384",5
62005,2,119,drop,"(O)390",20
62005,2,119,drop,"(O)537",1
62005,2,119,drop,"(O)80",1
62005,2,119,geode,"(O)553",1
62005,2,119,loose,"(O)80",1
62005,2,119,node,"Gold node",2
62005,2,119,stone,"",36
62005,3,81,drop,"(O)382",7
62005,3,81,drop,"(O)390",12
62005,3,81,drop,"(O)766",3
62005,3,81,drop,"(O)92",1
62005,3,81,monster,"Lava Crab",1
62005,3,81,monster,"Sludge",4
62005,3,81,stone,"",14
62005,3,82,container,"",1
62005,3,82,drop,"(O)380",5
62005,3,82,drop,"(O)382",2
62005,3,82,drop,"(O)384",3
62005,3,82,drop,"(O)390",31
62005,3,82,drop,"(O)537",1
62005,3,82,drop,"(O)766",2
62005,3,82,drop,"(O)768",2
62005,3,82,drop,"(O)769",1
62005,3,82,drop,"(O)92",2
62005,3,82,geode,"(O)378",1
62005,3,82,monster,"Metal Head",3
62005,3,82,monster,"Shadow Shaman",1
62005,3,82,monster,"Sludge",2
62005,3,82,stone,"",56
62005,3,83,container,"",3
62005,3,83,drop,"(O)382",2
62005,3,83,drop,"(O)384",1
62005,3,83,drop,"(O)390",13
62005,3,83,drop,"(O)420",5
62005,3,83,drop,"(O)422",1
62005,3,83,drop,"(O)537",2
62005,3,83,drop,"(O)749",1
62005,3,83,drop,"(O)769",1
62005,3,83,drop,"(O)78",4
62005,3,83,geode,"(O)384",1
62005,3,83,geode,"(O)543",1
62005,3,83,geode,"(O)578",1
62005,3,83,loose,"(O)420",5
62005,3,83,loose,"(O)422",1
62005,3,83,monster,"Shadow Brute",1
62005,3,83,stone,"",27
62005,3,84,drop,"(O)287",1
62005,3,84,drop,"(O)378",12
62005,3,84,drop,"(O)380",1
62005,3,84,drop,"(O)382",4
62005,3,84,drop,"(O)384",13
62005,3,84,drop,"(O)390",44
62005,3,84,drop,"(O)537",1
62005,3,84,drop,"(O)60",1
62005,3,84,drop,"(O)93",2
62005,3,84,geode,"(O)382",10
62005,3,84,loose,"(O)93",2
62005,3,84,monster,"Lava Crab",2
62005,3,84,node,"Copper node",5
62005,3,84,node,"Emerald node",1
62005,3,84,node,"Gold node",5
62005,3,84,stone,"",92
62005,3,85,drop,"(O)157",1
62005,3,85,drop,"(O)382",6
62005,3,85,drop,"(O)390",25
62005,3,85,drop,"(O)537",1
62005,3,85,drop,"(O)766",3
62005,3,85,drop,"(O)769",2
62005,3,85,drop,"(O)92",2
62005,3,85,geode,"(O)543",1
62005,3,85,monster,"Shadow Shaman",2
62005,3,85,monster,"Sludge",3
62005,3,85,stone,"",40
62005,3,86,drop,"(O)380",2
62005,3,86,drop,"(O)382",2
62005,3,86,drop,"(O)384",8
62005,3,86,drop,"(O)390",30
62005,3,86,drop,"(O)766",1
62005,3,86,drop,"(O)769",1
62005,3,86,drop,"(O)80",1
62005,3,86,drop,"(O)92",1
62005,3,86,drop,"(O)93",6
62005,3,86,loose,"(O)80",1
62005,3,86,loose,"(O)93",6
62005,3,86,monster,"Shadow Shaman",1
62005,3,86,monster,"Sludge",1
62005,3,86,node,"Gold node",3
62005,3,86,stone,"",47
62005,3,87,drop,"(O)382",5
62005,3,87,drop,"(O)384",9
62005,3,87,drop,"(O)390",55
62005,3,87,node,"Gold node",3
62005,3,87,stone,"",90
62005,3,88,container,"",2
62005,3,88,drop,"(O)380",6
62005,3,88,drop,"(O)382",4
62005,3,88,drop,"(O)384",4
62005,3,88,drop,"(O)390",28
62005,3,88,drop,"(O)420",9
62005,3,88,drop,"(O)422",3
62005,3,88,drop,"(O)537",1
62005,3,88,drop,"(O)766",1
62005,3,88,drop,"(O)768",1
62005,3,88,drop,"(O)82",1
62005,3,88,drop,"(O)92",1
62005,3,88,geode,"(O)384",3
62005,3,88,loose,"(O)420",9
62005,3,88,loose,"(O)422",3
62005,3,88,loose,"(O)82",1
62005,3,88,monster,"Metal Head",1
62005,3,88,monster,"Shadow Brute",1
62005,3,88,monster,"Sludge",2
62005,3,88,node,"Gold node",2
62005,3,88,stone,"",40
62005,3,89,drop,"(O)382",8
62005,3,89,drop,"(O)384",5
62005,3,89,drop,"(O)390",22
62005,3,89,drop,"(O)537",2
62005,3,89,drop,"(O)769",4
62005,3,89,geode,"(O)390",3
62005,3,89,geode,"(O)570",1
62005,3,89,monster,"Metal Head",1
62005,3,89,monster,"Shadow Brute",2
62005,3,89,monster,"Shadow Shaman",2
62005,3,89,node,"Gold node",2
62005,3,89,stone,"",62
62005,3,91,container,"",2
62005,3,91,drop,"(O)287",1
62005,3,91,drop,"(O)380",3
62005,3,91,drop,"(O)382",8
62005,3,91,drop,"(O)384",4
62005,3,91,drop,"(O)390",38
62005,3,91,drop,"(O)749",1
62005,3,91,drop,"(O)766",1
62005,3,91,drop,"(O)769",1
62005,3,91,drop,"(O)92",1
62005,3,91,geode,"(O)86",1
62005,3,91,monster,"Lava Crab",1
62005,3,91,monster,"Shadow Brute",1
62005,3,91,monster,"Sludge",1
62005,3,91,node,"Gold node",2
62005,3,91,stone,"",77
62005,3,92,container,"",1
62005,3,92,drop,"(O)335",1
62005,3,92,drop,"(O)382",2
62005,3,92,drop,"(O)384",5
62005,3,92,drop,"(O)390",25
62005,3,92,drop,"(O)537",3
62005,3,92,drop,"(O)768",2
62005,3,92,drop,"(O)92",1
62005,3,92,geode,"(O)547",1
62005,3,92,geode,"(O)563",1
62005,3,92,geode,"(O)570",1
62005,3,92,monster,"Metal Head",2
62005,3,92,monster,"Shadow Brute",1
62005,3,92,monster,"Sludge",2
62005,3,92,node,"Gold node",1
62005,3,92,stone,"",39
62005,3,93,container,"",4
62005,3,93,drop,"(O)157",1
62005,3,93,drop,"(O)334",1
62005,3,93,drop,"(O)380",1
62005,3,93,drop,"(O)382",7
62005,3,93,drop,"(O)384",9
62005,3,93,drop,"(O)390",30
62005,3,93,drop,"(O)537",1
62005,3,93,drop,"(O)64",1
62005,3,93,drop,"(O)709",2
62005,3,93,drop,"(O)717",2
62005,3,93,drop,"(O)766",2
62005,3,93,drop,"(O)768",2
62005,3,93,drop,"(O)80",1
62005,3,93,drop,"(O)92",2
62005,3,93,geode,"(O)82",1
62005,3,93,loose,"(O)80",1
62005,3,93,monster,"Lava Crab",2
62005,3,93,monster,"Metal Head",3
62005,3,93,monster,"Shadow Brute",2
62005,3,93,monster,"Shadow Shaman",1
62005,3,93,monster,"Sludge",3
62005,3,93,node,"Gold node",3
62005,3,93,node,"Ruby node",1
62005,3,93,stone,"",54
62005,3,94,container,"",1
62005,3,94,drop,"(O)382",7
62005,3,94,drop,"(O)390",49
62005,3,94,drop,"(O)537",4
62005,3,94,drop,"(O)769",1
62005,3,94,drop,"(O)80",2
62005,3,94,geode,"(O)386",3
62005,3,94,geode,"(O)539",1
62005,3,94,geode,"(O)82",2
62005,3,94,loose,"(O)80",2
62005,3,94,monster,"Shadow Shaman",1
62005,3,94,stone,"",65
62005,3,95,drop,"(O)382",3
62005,3,95,drop,"(O)384",1
62005,3,95,drop,"(O)390",32
62005,3,95,drop,"(O)537",3
62005,3,95,geode,"(O)554",1
62005,3,95,geode,"(O)562",1
62005,3,95,geode,"(O)575",1
62005,3,95,stone,"",59
62005,3,96,drop,"(O)157",1
62005,3,96,drop,"(O)378",1
62005,3,96,drop,"(O)380",1
62005,3,96,drop,"(O)382",8
62005,3,96,drop,"(O)384",13
62005,3,96,drop,"(O)390",48
62005,3,96,drop,"(O)537",2
62005,3,96,drop,"(O)66",1
62005,3,96,drop,"(O)766",4
62005,3,96,drop,"(O)769",1
62005,3,96,drop,"(O)92",2
62005,3,96,geode,"(O)390",5
62005,3,96,geode,"(O)570",1
62005,3,96,monster,"Metal Head",1
62005,3,96,monster,"Shadow Brute",1
62005,3,96,monster,"Shadow Shaman",1
62005,3,96,monster,"Sludge",4
62005,3,96,node,"Amethyst node",1
62005,3,96,node,"Gold node",6
62005,3,96,stone,"",91
62005,3,97,drop,"(O)378",2
62005,3,97,drop,"(O)380",1
62005,3,97,drop,"(O)382",9
62005,3,97,drop,"(O)384",17
62005,3,97,drop,"(O)390",56
62005,3,97,drop,"(O)537",4
62005,3,97,drop,"(O)68",1
62005,3,97,drop,"(O)766",2
62005,3,97,drop,"(O)80",1
62005,3,97,drop,"(O)93",2
62005,3,97,geode,"(O)390",1
62005,3,97,geode,"(O)82",3
62005,3,97,loose,"(O)80",1
62005,3,97,loose,"(O)93",2
62005,3,97,monster,"Sludge",2
62005,3,97,node,"Copper node",1
62005,3,97,node,"Gold node",7
62005,3,97,node,"Topaz node",1
62005,3,97,stone,"",121
62005,3,98,drop,"(O)287",3
62005,3,98,drop,"(O)717",2
62005,3,98,drop,"(O)766",6
62005,3,98,drop,"(O)769",2
62005,3,98,drop,"(O)92",6
62005,3,98,monster,"Lava Crab",5
62005,3,98,monster,"Metal Head",1
62005,3,98,monster,"Shadow Brute",2
62005,3,98,monster,"Shadow Shaman",1
62005,3,98,monster,"Sludge",8
62005,3,99,drop,"(O)287",1
62005,3,99,drop,"(O)382",9
62005,3,99,drop,"(O)384",9
62005,3,99,drop,"(O)390",96
62005,3,99,drop,"(O)537",4
62005,3,99,drop,"(O)769",1
62005,3,99,drop,"(O)80",2
62005,3,99,geode,"(O)390",5
62005,3,99,geode,"(O)539",1
62005,3,99,geode,"(O)575",1
62005,3,99,geode,"(O)578",1
62005,3,99,loose,"(O)80",2
62005,3,99,monster,"Lava Crab",1
62005,3,99,monster,"Metal Head",1
62005,3,99,monster,"Shadow Brute",1
62005,3,99,node,"Gold node",2
62005,3,99,stone,"",146
62005,3,101,drop,"(O)382",2
62005,3,101,drop,"(O)384",2
62005,3,101,drop,"(O)390",12
62005,3,101,node,"Gold node",2
62005,3,101,stone,"",24
62005,3,102,drop,"(O)380",1
62005,3,102,drop,"(O)382",5
62005,3,102,drop,"(O)384",7
62005,3,102,drop,"(O)390",44
62005,3,102,drop,"(O)537",2
62005,3,102,drop,"(O)766",1
62005,3,102,drop,"(O)92",1
62005,3,102,geode,"(O)390",3
62005,3,102,geode,"(O)578",1
62005,3,102,monster,"Sludge",1
62005,3,102,node,"Gold node",3
62005,3,102,stone,"",73
62005,3,103,drop,"(O)335",1
62005,3,103,drop,"(O)378",3
62005,3,103,drop,"(O)380",1
62005,3,103,drop,"(O)382",8
62005,3,103,drop,"(O)384",7
62005,3,103,drop,"(O)390",48
62005,3,103,drop,"(O)66",1
62005,3,103,drop,"(O)766",2
62005,3,103,drop,"(O)769",5
62005,3,103,drop,"(O)92",3
62005,3,103,drop,"(O)93",1
62005,3,103,loose,"(O)93",1
62005,3,103,monster,"Lava Crab",1
62005,3,103,monster,"Metal Head",1
62005,3,103,monster,"Shadow Brute",2
62005,3,103,monster,"Shadow Shaman",2
62005,3,103,monster,"Sludge",3
62005,3,103,node,"Amethyst node",1
62005,3,103,node,"Copper node",1
62005,3,103,node,"Gold node",2
62005,3,103,stone,"",85
62005,3,104,container,"",1
62005,3,104,drop,"(O)380",1
62005,3,104,drop,"(O)382",9
62005,3,104,drop,"(O)384",16
62005,3,104,drop,"(O)388",4
62005,3,104,drop,"(O)390",71
62005,3,104,drop,"(O)537",1
62005,3,104,drop,"(O)66",1
62005,3,104,drop,"(O)70",1
62005,3,104,drop,"(O)749",1
62005,3,104,geode,"(O)547",1
62005,3,104,geode,"(O)560",1
62005,3,104,node,"Amethyst node",1
62005,3,104,node,"Gold node",4
62005,3,104,node,"Jade node",1
62005,3,104,stone,"",123
62005,3,105,drop,"(O)334",1
62005,3,105,drop,"(O)380",1
62005,3,105,drop,"(O)382",7
62005,3,105,drop,"(O)384",1
62005,3,105,drop,"(O)390",27
62005,3,105,drop,"(O)749",1
62005,3,105,drop,"(O)766",1
62005,3,105,drop,"(O)769",1
62005,3,105,geode,"(O)386",3
62005,3,105,monster,"Metal Head",1
62005,3,105,monster,"Shadow Shaman",1
62005,3,105,monster,"Sludge",1
62005,3,105,stone,"",47
62005,3,106,container,"",1
62005,3,106,drop,"(O)380",1
62005,3,106,drop,"(O)382",4
62005,3,106,drop,"(O)384",7
62005,3,106,drop,"(O)390",35
62005,3,106,drop,"(O)422",1
62005,3,106,drop,"(O)537",1
62005,3,106,drop,"(O)709",2
62005,3,106,drop,"(O)717",1
62005,3,106,drop,"(O)766",1
62005,3,106,geode,"(O)390",5
62005,3,106,loose,"(O)422",1
62005,3,106,monster,"Lava Crab",1
62005,3,106,monster,"Sludge",1
62005,3,106,node,"Gold node",3
62005,3,106,stone,"",63
62005,3,107,drop,"(O)382",3
62005,3,107,drop,"(O)766",12
62005,3,107,drop,"(O)92",2
62005,3,107,monster,"Big Slime",4
62005,3,107,monster,"Sludge",7
62005,3,108,drop,"(O)382",2
62005,3,108,drop,"(O)384",8
62005,3,108,drop,"(O)390",33
62005,3,108,drop,"(O)537",1
62005,3,108,drop,"(O)80",1
62005,3,108,geode,"(O)563",1
62005,3,108,loose,"(O)80",1
62005,3,108,node,"Gold node",3
62005,3,108,stone,"",59
62005,3,109,drop,"(O)334",1
62005,3,109,drop,"(O)380",1
62005,3,109,drop,"(O)382",3
62005,3,109,drop,"(O)384",2
62005,3,109,drop,"(O)390",27
62005,3,109,drop,"(O)537",2
62005,3,109,drop,"(O)766",1
62005,3,109,drop,"(O)769",2
62005,3,109,drop,"(O)80",2
62005,3,109,drop,"(O)92",1
62005,3,109,geode,"(O)384",10
62005,3,109,geode,"(O)543",1
62005,3,109,loose,"(O)80",2
62005,3,109,monster,"Metal Head",1
62005,3,109,monster,"Shadow Brute",1
62005,3,109,monster,"Sludge",1
62005,3,109,stone,"",45
62005,3,111,drop,"(O)378",2
62005,3,111,drop,"(O)382",4
62005,3,111,drop,"(O)384",5
62005,3,111,drop,"(O)390",20
62005,3,111,drop,"(O)66",1
62005,3,111,drop,"(O)749",1
62005,3,111,drop,"(O)93",1
62005,3,111,geode,"(O)382",5
62005,3,111,loose,"(O)93",1
62005,3,111,node,"Amethyst node",1
62005,3,111,node,"Copper node",1
62005,3,111,node,"Gold node",2
62005,3,111,stone,"",43
62005,3,112,drop,"(O)157",1
62005,3,112,drop,"(O)382",4
62005,3,112,drop,"(O)384",5
62005,3,112,drop,"(O)390",41
62005,3,112,drop,"(O)537",1
62005,3,112,drop,"(O)749",1
62005,3,112,drop,"(O)766",2
62005,3,112,drop,"(O)767",1
62005,3,112,drop,"(O)80",2
62005,3,112,drop,"(O)92",2
62005,3,112,geode,"(O)382",3
62005,3,112,geode,"(O)386",1
62005,3,112,loose,"(O)80",2
62005,3,112,monster,"Lava Bat",1
62005,3,112,monster,"Lava Crab",1
62005,3,112,monster,"Shadow Shaman",1
62005,3,112,monster,"Sludge",2
62005,3,112,node,"Gold node",2
62005,3,112,stone,"",69
62005,3,113,drop,"(O)382",4
62005,3,113,drop,"(O)384",10
62005,3,113,drop,"(O)390",27
62005,3,113,drop,"(O)766",1
62005,3,113,drop,"(O)92",1
62005,3,113,monster,"Sludge",1
62005,3,113,node,"Gold node",3
62005,3,113,stone,"",45
62005,3,114,drop,"(O)380",1
62005,3,114,drop,"(O)382",5
62005,3,114,drop,"(O)384",13
62005,3,114,drop,"(O)390",53
62005,3,114,drop,"(O)537",6
62005,3,114,drop,"(O)749",1
62005,3,114,geode,"(O)330",2
62005,3,114,geode,"(O)384",3
62005,3,114,geode,"(O)390",3
62005,3,114,geode,"(O)545",1
62005,3,114,geode,"(O)554",1
62005,3,114,geode,"(O)562",1
62005,3,114,node,"Gold node",5
62005,3,114,stone,"",86
62005,3,115,drop,"(O)390",9
62005,3,115,stone,"",12
62005,3,116,container,"",3
62005,3,116,drop,"(O)380",1
62005,3,116,drop,"(O)382",8
62005,3,116,drop,"(O)384",14
62005,3,116,drop,"(O)390",62
62005,3,116,drop,"(O)537",1
62005,3,116,drop,"(O)688",1
62005,3,116,drop,"(O)749",1
62005,3,116,drop,"(O)766",1
62005,3,116,drop,"(O)767",1
62005,3,116,drop,"(O)768",1
62005,3,116,drop,"(O)93",2
62005,3,116,geode,"(O)390",3
62005,3,116,geode,"(O)547",1
62005,3,116,loose,"(O)93",2
62005,3,116,monster,"Lava Bat",1
62005,3,116,monster,"Sludge",1
62005,3,116,monster,"Squid Kid",1
62005,3,116,node,"Gold node",6
62005,3,116,stone,"",100
62005,3,117,container,"",1
62005,3,117,drop,"(O)380",2
62005,3,117,drop,"(O)382",5
62005,3,117,drop,"(O)384",7
62005,3,117,drop,"(O)390",40
62005,3,117,drop,"(O)80",1
62005,3,117,drop,"(O)82",1
62005,3,117,drop,"(O)92",1
62005,3,117,loose,"(O)80",1
62005,3,117,loose,"(O)82",1
62005,3,117,monster,"Sludge",1
62005,3,117,node,"Gold node",1
62005,3,117,stone,"",68
62005,3,118,drop,"(O)382",13
62005,3,118,drop,"(O)384",14
62005,3,118,drop,"(O)390",67
62005,3,118,drop,"(O)537",3
62005,3,118,drop,"(O)66",1
62005,3,118,drop,"(O)769",2
62005,3,118,drop,"(O)80",1
62005,3,118,drop,"(O)92",1
62005,3,118,drop,"(O)93",2
62005,3,118,geode,"(O)378",1
62005,3,118,geode,"(O)539",1
62005,3,118,geode,"(O)540",1
62005,3,118,loose,"(O)80",1
62005,3,118,loose,"(O)93",2
62005,3,118,monster,"Metal Head",1
62005,3,118,monster,"Shadow Brute",2
62005,3,118,monster,"Sludge",1
62005,3,118,node,"Amethyst node",1
62005,3,118,node,"Gold node",6
62005,3,118,stone,"",108
62005,3,119,container,"",4
62005,3,119,drop,"(O)378",1
62005,3,119,drop,"(O)382",7
62005,3,119,drop,"(O)384",7
62005,3,119,drop,"(O)390",46
62005,3,119,drop,"(O)537",2
62005,3,119,drop,"(O)66",1
62005,3,119,drop,"(O)749",1
62005,3,119,drop,"(O)766",1
62005,3,119,drop,"(O)767",1
62005,3,119,drop,"(O)769",2
62005,3,119,drop,"(O)78",4
62005,3,119,drop,"(O)80",1
62005,3,119,drop,"(O)82",1
62005,3,119,drop,"(O)92",1
62005,3,119,geode,"(O)390",5
62005,3,119,geode,"(O)554",2
62005,3,119,loose,"(O)80",1
62005,3,119,loose,"(O)82",1
62005,3,119,monster,"Lava Bat",1
62005,3,119,monster,"Shadow Brute",2
62005,3,119,monster,"Sludge",1
62005,3,119,node,"Amethyst node",1
62005,3,119,node,"Gold node",3
62005,3,119,stone,"",80
62005,4,81,drop,"(O)157",1
62005,4,81,drop,"(O)382",3
62005,4,81,drop,"(O)384",2
62005,4,81,drop,"(O)390",19
62005,4,81,drop,"(O)537",1
62005,4,81,drop,"(O)766",1
62005,4,81,drop,"(O)82",1
62005,4,81,drop,"(O)92",1
62005,4,81,geode,"(O)82",1
62005,4,81,loose,"(O)82",1
62005,4,81,monster,"Sludge",1
62005,4,81,node,"Gold node",1
62005,4,81,stone,"",39
62005,4,82,container,"",3
62005,4,82,drop,"(O)157",1
62005,4,82,drop,"(O)378",1
62005,4,82,drop,"(O)380",1
62005,4,82,drop,"(O)382",6
62005,4,82,drop,"(O)384",3
62005,4,82,drop,"(O)388",1
62005,4,82,drop,"(O)390",48
62005,4,82,drop,"(O)537",2
62005,4,82,drop,"(O)60",1
62005,4,82,drop,"(O)749",1
62005,4,82,drop,"(O)766",2
62005,4,82,drop,"(O)768",1
62005,4,82,drop,"(O)769",1
62005,4,82,drop,"(O)78",2
62005,4,82,drop,"(O)80",1
62005,4,82,drop,"(O)92",1
62005,4,82,geode,"(O)122",1
62005,4,82,geode,"(O)378",10
62005,4,82,geode,"(O)384",5
62005,4,82,loose,"(O)80",1
62005,4,82,monster,"Metal Head",1
62005,4,82,monster,"Shadow Shaman",1
62005,4,82,monster,"Sludge",2
62005,4,82,node,"Emerald node",1
62005,4,82,node,"Gold node",3
62005,4,82,stone,"",74
62005,4,83,drop,"(O)382",8
62005,4,83,drop,"(O)384",7
62005,4,83,drop,"(O)390",43
62005,4,83,drop,"(O)537",1
62005,4,83,drop,"(O)82",1
62005,4,83,drop,"(O)93",1
62005,4,83,geode,"(O)82",1
62005,4,83,loose,"(O)82",1
62005,4,83,loose,"(O)93",1
62005,4,83,node,"Gold node",4
62005,4,83,stone,"",77
62005,4,84,container,"",3
62005,4,84,drop,"(O)382",6
62005,4,84,drop,"(O)384",8
62005,4,84,drop,"(O)388",1
62005,4,84,drop,"(O)390",26
62005,4,84,drop,"(O)537",2
62005,4,84,drop,"(O)717",1
62005,4,84,drop,"(O)766",3
62005,4,84,drop,"(O)769",2
62005,4,84,drop,"(O)82",1
62005,4,84,drop,"(O)92",1
62005,4,84,drop,"(O)93",3
62005,4,84,geode,"(O)540",1
62005,4,84,geode,"(O)562",1
62005,4,84,loose,"(O)82",1
62005,4,84,loose,"(O)93",3
62005,4,84,monster,"Lava Crab",2
62005,4,84,monster,"Shadow Brute",1
62005,4,84,monster,"Shadow Shaman",1
62005,4,84,monster,"Sludge",3
62005,4,84,node,"Gold node",3
62005,4,84,stone,"",54
62005,4,85,drop,"(O)390",17
62005,4,85,drop,"(O)537",3
62005,4,85,drop,"(O)766",1
62005,4,85,drop,"(O)92",1
62005,4,85,geode,"(O)330",1
62005,4,85,geode,"(O)540",1
62005,4,85,geode,"(O)562",1
62005,4,85,monster,"Sludge",1
62005,4,85,stone,"",28
62005,4,86,drop,"(O)157",1
62005,4,86,drop,"(O)378",1
62005,4,86,drop,"(O)380",1
62005,4,86,drop,"(O)382",5
62005,4,86,drop,"(O)390",27
62005,4,86,drop,"(O)537",1
62005,4,86,drop,"(O)62",1
62005,4,86,drop,"(O)766",3
62005,4,86,drop,"(O)769",1
62005,4,86,geode,"(O)575",1
62005,4,86,monster,"Shadow Brute",1
62005,4,86,monster,"Sludge",3
62005,4,86,node,"Aquamarine node",1
62005,4,86,stone,"",62
62005,4,87,container,"",1
62005,4,87,drop,"(O)382",5
62005,4,87,drop,"(O)384",15
62005,4,87,drop,"(O)390",30
62005,4,87,drop,"(O)537",2
62005,4,87,drop,"(O)766",1
62005,4,87,drop,"(O)769",3
62005,4,87,drop,"(O)80",1
62005,4,87,geode,"(O)380",20
62005,4,87,geode,"(O)539",1
62005,4,87,loose,"(O)80",1
62005,4,87,monster,"Shadow Brute",2
62005,4,87,monster,"Sludge",1
62005,4,87,node,"Gold node",6
62005,4,87,stone,"",55
62005,4,88,container,"",2
62005,4,88,drop,"(O)382",3
62005,4,88,drop,"(O)384",3
62005,4,88,drop,"(O)390",50
62005,4,88,drop,"(O)420",1
62005,4,88,drop,"(O)537",4
62005,4,88,drop,"(O)766",2
62005,4,88,drop,"(O)769",1
62005,4,88,drop,"(O)80",1
62005,4,88,drop,"(O)93",2
62005,4,88,geode,"(O)122",1
62005,4,88,geode,"(O)330",1
62005,4,88,geode,"(O)384",1
62005,4,88,geode,"(O)562",1
62005,4,88,loose,"(O)420",1
62005,4,88,loose,"(O)80",1
62005,4,88,loose,"(O)93",2
62005,4,88,monster,"Metal Head",1
62005,4,88,monster,"Shadow Shaman",1
62005,4,88,monster,"Sludge",2
62005,4,88,node,"Gold node",2
62005,4,88,stone,"",67
62005,4,89,drop,"(O)378",1
62005,4,89,drop,"(O)382",6
62005,4,89,drop,"(O)384",16
62005,4,89,drop,"(O)390",74
62005,4,89,drop,"(O)537",3
62005,4,89,drop,"(O)749",1
62005,4,89,drop,"(O)766",2
62005,4,89,drop,"(O)80",1
62005,4,89,drop,"(O)82",1
62005,4,89,drop,"(O)92",2
62005,4,89,geode,"(O)380",1
62005,4,89,geode,"(O)554",1
62005,4,89,geode,"(O)555",1
62005,4,89,geode,"(O)562",1
62005,4,89,loose,"(O)80",1
62005,4,89,loose,"(O)82",1
62005,4,89,monster,"Lava Crab",1
62005,4,89,monster,"Metal Head",1
62005,4,89,monster,"Sludge",3
62005,4,89,node,"Gold node",6
62005,4,89,stone,"",118
62005,4,91,drop,"(O)382",5
62005,4,91,drop,"(O)384",8
62005,4,91,drop,"(O)390",45
62005,4,91,drop,"(O)537",1
62005,4,91,drop,"(O)766",3
62005,4,91,drop,"(O)768",1
62005,4,91,drop,"(O)769",1
62005,4,91,drop,"(O)92",4
62005,4,91,geode,"(O)554",1
62005,4,91,monster,"Metal Head",1
62005,4,91,monster,"Shadow Brute",2
62005,4,91,monster,"Sludge",4
62005,4,91,node,"Gold node",3
62005,4,91,stone,"",63
62005,4,92,drop,"(O)382",3
62005,4,92,drop,"(O)384",2
62005,4,92,drop,"(O)390",18
62005,4,92,drop,"(O)68",2
62005,4,92,drop,"(O)766",1
62005,4,92,monster,"Sludge",1
62005,4,92,node,"Gold node",1
62005,4,92,node,"Topaz node",2
62005,4,92,stone,"",36
62005,4,93,drop,"(O)382",3
62005,4,93,drop,"(O)384",3
62005,4,93,drop,"(O)390",21
62005,4,93,drop,"(O)766",4
62005,4,93,drop,"(O)80",1
62005,4,93,drop,"(O)92",2
62005,4,93,loose,"(O)80",1
62005,4,93,monster,"Sludge",4
62005,4,93,node,"Gold node",2
62005,4,93,stone,"",31
62005,4,94,drop,"(O)378",1
62005,4,94,drop,"(O)382",4
62005,4,94,drop,"(O)384",6
62005,4,94,drop,"(O)390",46
62005,4,94,drop,"(O)537",2
62005,4,94,drop,"(O)749",1
62005,4,94,drop,"(O)766",1
62005,4,94,drop,"(O)92",1
62005,4,94,drop,"(O)93",1
62005,4,94,geode,"(O)380",3
62005,4,94,geode,"(O)540",1
62005,4,94,geode,"(O)559",1
62005,4,94,loose,"(O)93",1
62005,4,94,monster,"Sludge",1
62005,4,94,node,"Copper node",1
62005,4,94,node,"Gold node",4
62005,4,94,stone,"",79
62005,4,95,drop,"(O)378",1
62005,4,95,drop,"(O)380",1
62005,4,95,drop,"(O)382",1
62005,4,95,drop,"(O)390",16
62005,4,95,drop,"(O)769",2
62005,4,95,monster,"Shadow Brute",1
62005,4,95,monster,"Shadow Shaman",1
62005,4,95,monster,"Sludge",1
62005,4,95,stone,"",42
62005,4,96,container,"",2
62005,4,96,drop,"(O)335",1
62005,4,96,drop,"(O)382",8
62005,4,96,drop,"(O)384",12
62005,4,96,drop,"(O)388",1
62005,4,96,drop,"(O)390",40
62005,4,96,drop,"(O)537",1
62005,4,96,drop,"(O)64",1
62005,4,96,drop,"(O)749",1
62005,4,96,drop,"(O)766",1
62005,4,96,drop,"(O)768",1
62005,4,96,drop,"(O)769",2
62005,4,96,drop,"(O)814",1
62005,4,96,drop,"(O)92",1
62005,4,96,geode,"(O)571",1
62005,4,96,geode,"(O)578",1
62005,4,96,monster,"Metal Head",1
62005,4,96,monster,"Shadow Brute",2
62005,4,96,monster,"Shadow Shaman",2
62005,4,96,monster,"Sludge",3
62005,4,96,monster,"Squid Kid",1
62005,4,96,node,"Gold node",5
62005,4,96,stone,"",86
62005,4,97,drop,"(O)380",3
62005,4,97,drop,"(O)382",6
62005,4,97,drop,"(O)384",17
62005,4,97,drop,"(O)390",36
62005,4,97,drop,"(O)537",1
62005,4,97,drop,"(O)768",1
62005,4,97,drop,"(O)769",2
62005,4,97,drop,"(O)93",2
62005,4,97,geode,"(O)330",1
62005,4,97,loose,"(O)93",2
62005,4,97,monster,"Lava Crab",2
62005,4,97,monster,"Metal Head",1
62005,4,97,monster,"Shadow Brute",2
62005,4,97,monster,"Shadow Shaman",1
62005,4,97,node,"Gold node",8
62005,4,97,stone,"",83
62005,4,98,container,"",3
62005,4,98,drop,"(O)287",2
62005,4,98,drop,"(O)378",1
62005,4,98,drop,"(O)380",1
62005,4,98,drop,"(O)382",8
62005,4,98,drop,"(O)384",1
62005,4,98,drop,"(O)390",39
62005,4,98,drop,"(O)422",1
62005,4,98,drop,"(O)537",2
62005,4,98,drop,"(O)717",1
62005,4,98,drop,"(O)766",2
62005,4,98,drop,"(O)768",2
62005,4,98,drop,"(O)769",3
62005,4,98,drop,"(O)80",2
62005,4,98,drop,"(O)92",2
62005,4,98,geode,"(O)390",5
62005,4,98,geode,"(O)570",1
62005,4,98,loose,"(O)422",1
62005,4,98,loose,"(O)80",2
62005,4,98,monster,"Lava Crab",2
62005,4,98,monster,"Metal Head",1
62005,4,98,monster,"Shadow Brute",1
62005,4,98,monster,"Shadow Shaman",1
62005,4,98,monster,"Sludge",4
62005,4,98,monster,"Squid Kid",1
62005,4,98,stone,"",58
62005,4,99,drop,"(O)380",2
62005,4,99,drop,"(O)382",7
62005,4,99,drop,"(O)384",7
62005,4,99,drop,"(O)390",44
62005,4,99,drop,"(O)537",1
62005,4,99,drop,"(O)749",1
62005,4,99,drop,"(O)766",2
62005,4,99,drop,"(O)768",1
62005,4,99,drop,"(O)769",2
62005,4,99,drop,"(O)92",1
62005,4,99,geode,"(O)378",5
62005,4,99,geode,"(O)82",1
62005,4,99,monster,"Lava Crab",1
62005,4,99,monster,"Metal Head",2
62005,4,99,monster,"Shadow Brute",1
62005,4,99,monster,"Shadow Shaman",1
62005,4,99,monster,"Sludge",3
62005,4,99,monster,"Squid Kid",1
62005,4,99,node,"Gold node",2
62005,4,99,stone,"",86
62005,4,101,drop,"(O)382",7
62005,4,101,drop,"(O)384",7
62005,4,101,drop,"(O)390",26
62005,4,101,drop,"(O)537",2
62005,4,101,drop,"(O)62",1
62005,4,101,drop,"(O)66",1
62005,4,101,drop,"(O)68",1
62005,4,101,drop,"(O)768",1
62005,4,101,geode,"(O)330",1
62005,4,101,geode,"(O)380",5
62005,4,101,monster,"Squid Kid",1
62005,4,101,node,"Amethyst node",1
62005,4,101,node,"Aquamarine node",1
62005,4,101,node,"Gold node",2
62005,4,101,node,"Topaz node",1
62005,4,101,stone,"",53
62005,4,102,container,"",1
62005,4,102,drop,"(O)378",3
62005,4,102,drop,"(O)380",1
62005,4,102,drop,"(O)382",4
62005,4,102,drop,"(O)384",4
62005,4,102,drop,"(O)390",34
62005,4,102,drop,"(O)537",1
62005,4,102,drop,"(O)766",1
62005,4,102,drop,"(O)768",1
62005,4,102,drop,"(O)78",2
62005,4,102,drop,"(O)92",1
62005,4,102,geode,"(O)578",1
62005,4,102,monster,"Lava Crab",1
62005,4,102,monster,"Metal Head",1
62005,4,102,monster,"Shadow Brute",1
62005,4,102,monster,"Sludge",1
62005,4,102,node,"Copper node",2
62005,4,102,node,"Gold node",1
62005,4,102,stone,"",64
62005,4,103,drop,"(O)380",1
62005,4,103,drop,"(O)382",5
62005,4,103,drop,"(O)384",7
62005,4,103,drop,"(O)390",17
62005,4,103,drop,"(O)537",1
62005,4,103,drop,"(O)64",1
62005,4,103,drop,"(O)749",1
62005,4,103,drop,"(O)766",1
62005,4,103,drop,"(O)769",1
62005,4,103,geode,"(O)539",1
62005,4,103,geode,"(O)565",1
62005,4,103,monster,"Shadow Brute",1
62005,4,103,monster,"Shadow Shaman",1
62005,4,103,monster,"Sludge",1
62005,4,103,node,"Gem node (mixed)",1
62005,4,103,node,"Gold node",2
62005,4,103,stone,"",38
62005,4,104,container,"",1
62005,4,104,drop,"(F)1365",1
62005,4,104,drop,"(O)287",1
62005,4,104,drop,"(O)334",1
62005,4,104,drop,"(O)378",1
62005,4,104,drop,"(O)384",8
62005,4,104,drop,"(O)390",20
62005,4,104,drop,"(O)537",1
62005,4,104,drop,"(O)62",1
62005,4,104,drop,"(O)717",1
62005,4,104,drop,"(O)749",1
62005,4,104,drop,"(O)766",1
62005,4,104,drop,"(O)768",2
62005,4,104,drop,"(O)769",2
62005,4,104,drop,"(O)92",1
62005,4,104,geode,"(O)390",3
62005,4,104,geode,"(O)563",1
62005,4,104,monster,"Lava Crab",3
62005,4,104,monster,"Metal Head",2
62005,4,104,monster,"Shadow Brute",2
62005,4,104,monster,"Shadow Shaman",1
62005,4,104,monster,"Sludge",1
62005,4,104,node,"Aquamarine node",1
62005,4,104,node,"Gold node",3
62005,4,104,stone,"",37
62005,4,105,drop,"(O)378",1
62005,4,105,drop,"(O)390",14
62005,4,105,drop,"(O)537",1
62005,4,105,drop,"(O)766",1
62005,4,105,drop,"(O)92",2
62005,4,105,geode,"(O)540",1
62005,4,105,monster,"Metal Head",1
62005,4,105,monster,"Sludge",2
62005,4,105,stone,"",35
62005,4,106,drop,"(F)1369",1
62005,4,106,drop,"(O)766",8
62005,4,106,drop,"(O)92",3
62005,4,106,monster,"Big Slime",2
62005,4,106,monster,"Sludge",5
62005,4,107,drop,"(O)380",1
62005,4,107,drop,"(O)382",6
62005,4,107,drop,"(O)384",10
62005,4,107,drop,"(O)390",52
62005,4,107,drop,"(O)537",1
62005,4,107,drop,"(O)766",1
62005,4,107,drop,"(O)93",1
62005,4,107,geode,"(O)384",3
62005,4,107,loose,"(O)93",1
62005,4,107,monster,"Sludge",1
62005,4,107,node,"Gold node",5
62005,4,107,stone,"",97
62005,4,108,container,"",1
62005,4,108,drop,"(O)157",1
62005,4,108,drop,"(O)287",1
62005,4,108,drop,"(O)378",5
62005,4,108,drop,"(O)380",2
62005,4,108,drop,"(O)382",8
62005,4,108,drop,"(O)384",22
62005,4,108,drop,"(O)388",2
62005,4,108,drop,"(O)390",50
62005,4,108,drop,"(O)420",2
62005,4,108,drop,"(O)537",1
62005,4,108,drop,"(O)766",2
62005,4,108,drop,"(O)768",2
62005,4,108,drop,"(O)769",2
62005,4,108,drop,"(O)80",1
62005,4,108,drop,"(O)92",3
62005,4,108,drop,"(O)93",2
62005,4,108,drop,"(O)98",1
62005,4,108,geode,"(O)562",1
62005,4,108,loose,"(O)420",2
62005,4,108,loose,"(O)80",1
62005,4,108,loose,"(O)93",2
62005,4,108,monster,"Lava Crab",2
62005,4,108,monster,"Metal Head",1
62005,4,108,monster,"Shadow Brute",1
62005,4,108,monster,"Shadow Shaman",1
62005,4,108,monster,"Sludge",7
62005,4,108,monster,"Squid Kid",1
62005,4,108,node,"Copper node",1
62005,4,108,node,"Gold node",10
62005,4,108,stone,"",107
62005,4,109,drop,"(O)380",1
62005,4,109,drop,"(O)384",7
62005,4,109,drop,"(O)390",25
62005,4,109,drop,"(O)766",4
62005,4,109,drop,"(O)768",1
62005,4,109,drop,"(O)769",1
62005,4,109,drop,"(O)80",1
62005,4,109,drop,"(O)92",1
62005,4,109,drop,"(O)98",1
62005,4,109,loose,"(O)80",1
62005,4,109,monster,"Shadow Brute",1
62005,4,109,monster,"Sludge",5
62005,4,109,monster,"Squid Kid",1
62005,4,109,node,"Gold node",2
62005,4,109,stone,"",45
62005,4,111,drop,"(O)382",4
62005,4,111,drop,"(O)384",5
62005,4,111,drop,"(O)390",26
62005,4,111,drop,"(O)537",1
62005,4,111,drop,"(O)749",1
62005,4,111,drop,"(O)767",2
62005,4,111,drop,"(O)769",1
62005,4,111,drop,"(O)93",1
62005,4,111,geode,"(O)565",2
62005,4,111,loose,"(O)93",1
62005,4,111,monster,"Lava Bat",1
62005,4,111,monster,"Shadow Brute",1
62005,4,111,monster,"Shadow Shaman",1
62005,4,111,node,"Gold node",2
62005,4,111,stone,"",40
62005,4,112,container,"",1
62005,4,112,drop,"(O)336",1
62005,4,112,drop,"(O)382",5
62005,4,112,drop,"(O)384",10
62005,4,112,drop,"(O)390",39
62005,4,112,drop,"(O)537",6
62005,4,112,drop,"(O)766",1
62005,4,112,drop,"(O)767",5
62005,4,112,drop,"(O)769",3
62005,4,112,drop,"(O)80",1
62005,4,112,drop,"(O)92",1
62005,4,112,geode,"(O)386",3
62005,4,112,geode,"(O)390",6
62005,4,112,geode,"(O)553",1
62005,4,112,geode,"(O)570",1
62005,4,112,geode,"(O)578",1
62005,4,112,loose,"(O)80",1
62005,4,112,monster,"Lava Bat",3
62005,4,112,monster,"Shadow Brute",3
62005,4,112,monster,"Shadow Shaman",1
62005,4,112,monster,"Sludge",2
62005,4,112,node,"Gold node",3
62005,4,112,stone,"",73
62005,4,113,drop,"(O)380",1
62005,4,113,drop,"(O)382",5
62005,4,113,drop,"(O)384",12
62005,4,113,drop,"(O)390",59
62005,4,113,drop,"(O)537",3
62005,4,113,drop,"(O)769",1
62005,4,113,drop,"(O)80",2
62005,4,113,geode,"(O)380",5
62005,4,113,geode,"(O)382",1
62005,4,113,geode,"(O)562",1
62005,4,113,loose,"(O)80",2
62005,4,113,monster,"Shadow Shaman",1
62005,4,113,node,"Gold node",3
62005,4,113,stone,"",110
62005,4,114,drop,"(O)382",3
62005,4,114,drop,"(O)384",5
62005,4,114,drop,"(O)390",33
62005,4,114,drop,"(O)537",1
62005,4,114,drop,"(O)749",1
62005,4,114,drop,"(O)766",1
62005,4,114,drop,"(O)767",1
62005,4,114,geode,"(O)390",10
62005,4,114,geode,"(O)559",1
62005,4,114,monster,"Lava Bat",1
62005,4,114,monster,"Sludge",2
62005,4,114,node,"Gold node",2
62005,4,114,stone,"",62
62005,4,115,drop,"(O)382",2
62005,4,115,drop,"(O)390",16
62005,4,115,drop,"(O)537",1
62005,4,115,geode,"(O)390",3
62005,4,115,stone,"",33
62005,4,116,container,"",3
62005,4,116,drop,"(O)382",2
62005,4,116,drop,"(O)384",1
62005,4,116,drop,"(O)390",26
62005,4,116,drop,"(O)749",2
62005,4,116,drop,"(O)766",1
62005,4,116,drop,"(O)769",1
62005,4,116,drop,"(O)80",1
62005,4,116,geode,"(O)386",6
62005,4,116,geode,"(O)82",1
62005,4,116,loose,"(O)80",1
62005,4,116,monster,"Shadow Shaman",1
62005,4,116,monster,"Sludge",1
62005,4,116,stone,"",45
62005,4,117,container,"",2
62005,4,117,drop,"(O)380",1
62005,4,117,drop,"(O)382",1
62005,4,117,drop,"(O)384",11
62005,4,117,drop,"(O)390",13
62005,4,117,drop,"(O)420",1
62005,4,117,drop,"(O)537",1
62005,4,117,drop,"(O)64",1
62005,4,117,drop,"(O)749",1
62005,4,117,drop,"(O)767",3
62005,4,117,drop,"(O)768",1
62005,4,117,geode,"(O)571",1
62005,4,117,geode,"(O)578",1
62005,4,117,loose,"(O)420",1
62005,4,117,monster,"Lava Bat",2
62005,4,117,monster,"Squid Kid",1
62005,4,117,node,"Gold node",5
62005,4,117,stone,"",37
62005,4,118,drop,"(O)334",1
62005,4,118,drop,"(O)335",1
62005,4,118,drop,"(O)382",3
62005,4,118,drop,"(O)384",6
62005,4,118,drop,"(O)390",27
62005,4,118,drop,"(O)537",3
62005,4,118,drop,"(O)766",3
62005,4,118,drop,"(O)767",2
62005,4,118,drop,"(O)769",4
62005,4,118,drop,"(O)92",1
62005,4,118,geode,"(O)378",1
62005,4,118,geode,"(O)390",3
62005,4,118,geode,"(O)543",1
62005,4,118,monster,"Lava Bat",1
62005,4,118,monster,"Shadow Brute",2
62005,4,118,monster,"Shadow Shaman",1
62005,4,118,monster,"Sludge",4
62005,4,118,node,"Gold node",2
62005,4,118,stone,"",41
62005,4,119,drop,"(O)380",1
62005,4,119,drop,"(O)382",2
62005,4,119,drop,"(O)384",6
62005,4,119,drop,"(O)390",24
62005,4,119,drop,"(O)537",1
62005,4,119,drop,"(O)769",1
62005,4,119,drop,"(O)80",2
62005,4,119,drop,"(O)93",4
62005,4,119,geode,"(O)330",1
62005,4,119,loose,"(O)80",2
62005,4,119,loose,"(O)93",4
62005,4,119,monster,"Metal Head",1
62005,4,119,monster,"Shadow Brute",1
62005,4,119,node,"Gold node",3
62005,4,119,stone,"",53
62005,5,81,drop,"(O)382",2
62005,5,81,drop,"(O)384",4
62005,5,81,drop,"(O)390",16
62005,5,81,drop,"(O)64",1
62005,5,81,drop,"(O)80",1
62005,5,81,loose,"(O)80",1
62005,5,81,node,"Gold node",1
62005,5,81,node,"Ruby node",1
62005,5,81,stone,"",23
62005,5,82,container,"",1
62005,5,82,drop,"(O)382",5
62005,5,82,drop,"(O)384",6
62005,5,82,drop,"(O)390",36
62005,5,82,drop,"(O)537",1
62005,5,82,drop,"(O)766",2
62005,5,82,drop,"(O)82",1
62005,5,82,drop,"(O)92",1
62005,5,82,drop,"(O)93",1
62005,5,82,geode,"(O)554",1
62005,5,82,loose,"(O)82",1
62005,5,82,loose,"(O)93",1
62005,5,82,monster,"Lava Crab",1
62005,5,82,monster,"Sludge",4
62005,5,82,node,"Gold node",2
62005,5,82,stone,"",67
62005,5,83,drop,"(O)382",1
62005,5,83,drop,"(O)384",1
62005,5,83,drop,"(O)390",22
62005,5,83,drop,"(O)537",2
62005,5,83,drop,"(O)82",1
62005,5,83,geode,"(O)378",3
62005,5,83,geode,"(O)563",1
62005,5,83,loose,"(O)82",1
62005,5,83,monster,"Metal Head",1
62005,5,83,stone,"",42
62005,5,84,drop,"(O)157",1
62005,5,84,drop,"(O)378",2
62005,5,84,drop,"(O)382",1
62005,5,84,drop,"(O)384",14
62005,5,84,drop,"(O)390",29
62005,5,84,drop,"(O)537",1
62005,5,84,drop,"(O)766",1
62005,5,84,drop,"(O)768",1
62005,5,84,drop,"(O)769",2
62005,5,84,drop,"(O)80",1
62005,5,84,drop,"(O)92",1
62005,5,84,geode,"(O)570",1
62005,5,84,loose,"(O)80",1
62005,5,84,monster,"Lava Crab",1
62005,5,84,monster,"Metal Head",2
62005,5,84,monster,"Shadow Brute",1
62005,5,84,monster,"Shadow Shaman",1
62005,5,84,monster,"Sludge",2
62005,5,84,node,"Gold node",7
62005,5,84,stone,"",65
62005,5,85,drop,"(O)380",1
62005,5,85,drop,"(O)382",2
62005,5,85,drop,"(O)384",5
62005,5,85,drop,"(O)390",30
62005,5,85,drop,"(O)68",1
62005,5,85,monster,"Shadow Brute",1
62005,5,85,monster,"Sludge",1
62005,5,85,node,"Gem node (mixed)",1
62005,5,85,stone,"",60
62005,5,86,container,"",2
62005,5,86,drop,"(O)287",1
62005,5,86,drop,"(O)378",1
62005,5,86,drop,"(O)380",1
62005,5,86,drop,"(O)382",5
62005,5,86,drop,"(O)384",12
62005,5,86,drop,"(O)390",25
62005,5,86,drop,"(O)717",2
62005,5,86,drop,"(O)766",2
62005,5,86,drop,"(O)768",1
62005,5,86,drop,"(O)769",2
62005,5,86,drop,"(O)92",1
62005,5,86,drop,"(O)93",4
62005,5,86,loose,"(O)93",4
62005,5,86,monster,"Lava Crab",2
62005,5,86,monster,"Metal Head",2
62005,5,86,monster,"Shadow Brute",1
62005,5,86,monster,"Shadow Shaman",2
62005,5,86,monster,"Sludge",4
62005,5,86,node,"Gold node",6
62005,5,86,stone,"",60
62005,5,87,drop,"(O)382",3
62005,5,87,drop,"(O)384",11
62005,5,87,drop,"(O)390",45
62005,5,87,drop,"(O)717",1
62005,5,87,drop,"(O)82",1
62005,5,87,loose,"(O)82",1
62005,5,87,monster,"Lava Crab",1
62005,5,87,node,"Gold node",5
62005,5,87,stone,"",78
62005,5,88,drop,"(O)157",1
62005,5,88,drop,"(O)203",1
62005,5,88,drop,"(O)287",1
62005,5,88,drop,"(O)384",5
62005,5,88,drop,"(O)390",29
62005,5,88,drop,"(O)66",1
62005,5,88,drop,"(O)766",1
62005,5,88,drop,"(O)93",1
62005,5,88,loose,"(O)93",1
62005,5,88,monster,"Lava Crab",1
62005,5,88,monster,"Metal Head",1
62005,5,88,monster,"Shadow Brute",1
62005,5,88,monster,"Sludge",1
62005,5,88,node,"Amethyst node",1
62005,5,88,node,"Gold node",2
62005,5,88,stone,"",53
62005,5,89,container,"",3
62005,5,89,drop,"(O)378",4
62005,5,89,drop,"(O)382",1
62005,5,89,drop,"(O)384",1
62005,5,89,drop,"(O)388",5
62005,5,89,drop,"(O)390",8
62005,5,89,drop,"(O)766",3
62005,5,89,drop,"(O)769",1
62005,5,89,drop,"(O)92",2
62005,5,89,monster,"Shadow Brute",1
62005,5,89,monster,"Sludge",4
62005,5,89,node,"Gold node",1
62005,5,89,stone,"",28
62005,5,91,drop,"(O)382",5
62005,5,91,drop,"(O)384",8
62005,5,91,drop,"(O)390",42
62005,5,91,drop,"(O)60",1
62005,5,91,drop,"(O)749",1
62005,5,91,drop,"(O)766",1
62005,5,91,drop,"(O)769",1
62005,5,91,drop,"(O)92",1
62005,5,91,geode,"(O)378",1
62005,5,91,monster,"Shadow Brute",1
62005,5,91,monster,"Shadow Shaman",1
62005,5,91,monster,"Sludge",1
62005,5,91,node,"Gem node (mixed)",1
62005,5,91,node,"Gold node",4
62005,5,91,stone,"",60
62005,5,92,drop,"(O)382",3
62005,5,92,drop,"(O)384",3
62005,5,92,drop,"(O)390",13
62005,5,92,node,"Gold node",2
62005,5,92,stone,"",26
62005,5,93,container,"",3
62005,5,93,drop,"(O)380",1
62005,5,93,drop,"(O)382",3
62005,5,93,drop,"(O)384",2
62005,5,93,drop,"(O)388",5
62005,5,93,drop,"(O)390",9
62005,5,93,drop,"(O)537",1
62005,5,93,drop,"(O)68",1
62005,5,93,drop,"(O)766",1
62005,5,93,drop,"(O)82",1
62005,5,93,drop,"(O)92",1
62005,5,93,geode,"(O)563",1
62005,5,93,loose,"(O)82",1
62005,5,93,monster,"Sludge",1
62005,5,93,node,"Topaz node",1
62005,5,93,stone,"",22
62005,5,94,drop,"(O)287",1
62005,5,94,drop,"(O)380",1
62005,5,94,drop,"(O)382",16
62005,5,94,drop,"(O)384",11
62005,5,94,drop,"(O)390",69
62005,5,94,drop,"(O)537",2
62005,5,94,drop,"(O)749",2
62005,5,94,drop,"(O)766",3
62005,5,94,drop,"(O)768",1
62005,5,94,drop,"(O)769",3
62005,5,94,drop,"(O)92",2
62005,5,94,geode,"(O)380",3
62005,5,94,geode,"(O)556",1
62005,5,94,geode,"(O)575",1
62005,5,94,geode,"(O)82",1
62005,5,94,monster,"Metal Head",1
62005,5,94,monster,"Shadow Brute",2
62005,5,94,monster,"Shadow Shaman",2
62005,5,94,monster,"Sludge",4
62005,5,94,monster,"Squid Kid",1
62005,5,94,node,"Gold node",3
62005,5,94,stone,"",124
62005,5,95,drop,"(O)380",1
62005,5,95,drop,"(O)382",2
62005,5,95,drop,"(O)390",33
62005,5,95,drop,"(O)769",1
62005,5,95,monster,"Shadow Brute",1
62005,5,95,stone,"",52
62005,5,96,drop,"(O)203",1
62005,5,96,drop,"(O)382",4
62005,5,96,drop,"(O)384",10
62005,5,96,drop,"(O)390",59
62005,5,96,drop,"(O)537",2
62005,5,96,drop,"(O)766",2
62005,5,96,drop,"(O)768",1
62005,5,96,drop,"(O)769",1
62005,5,96,drop,"(O)92",1
62005,5,96,geode,"(O)378",3
62005,5,96,geode,"(O)390",3
62005,5,96,monster,"Lava Crab",1
62005,5,96,monster,"Metal Head",1
62005,5,96,monster,"Shadow Brute",1
62005,5,96,monster,"Sludge",2
62005,5,96,monster,"Squid Kid",1
62005,5,96,node,"Gold node",3
62005,5,96,stone,"",110
62005,5,97,container,"",4
62005,5,97,drop,"(O)380",1
62005,5,97,drop,"(O)382",5
62005,5,97,drop,"(O)384",4
62005,5,97,drop,"(O)390",23
62005,5,97,drop,"(O)537",2
62005,5,97,drop,"(O)749",1
62005,5,97,drop,"(O)768",1
62005,5,97,drop,"(O)80",1
62005,5,97,drop,"(O)881",4
62005,5,97,drop,"(O)CarrotSeeds",2
62005,5,97,geode,"(O)330",1
62005,5,97,geode,"(O)380",5
62005,5,97,geode,"(O)562",1
62005,5,97,loose,"(O)80",1
62005,5,97,monster,"Metal Head",2
62005,5,97,node,"Gold node",1
62005,5,97,stone,"",40
62005,5,98,drop,"(O)157",1
62005,5,98,drop,"(O)382",4
62005,5,98,drop,"(O)384",4
62005,5,98,drop,"(O)390",34
62005,5,98,drop,"(O)766",3
62005,5,98,drop,"(O)768",1
62005,5,98,drop,"(O)80",1
62005,5,98,drop,"(O)82",1
62005,5,98,drop,"(O)92",2
62005,5,98,loose,"(O)80",1
62005,5,98,loose,"(O)82",1
62005,5,98,monster,"Metal Head",1
62005,5,98,monster,"Sludge",3
62005,5,98,monster,"Squid Kid",1
62005,5,98,node,"Gold node",2
62005,5,98,stone,"",44
62005,5,99,container,"",2
62005,5,99,drop,"(O)378",1
62005,5,99,drop,"(O)380",2
62005,5,99,drop,"(O)382",15
62005,5,99,drop,"(O)384",6
62005,5,99,drop,"(O)390",83
62005,5,99,drop,"(O)60",1
62005,5,99,drop,"(O)68",1
62005,5,99,drop,"(O)72",1
62005,5,99,drop,"(O)749",1
62005,5,99,drop,"(O)766",4
62005,5,99,drop,"(O)769",5
62005,5,99,drop,"(O)92",1
62005,5,99,geode,"(O)543",1
62005,5,99,monster,"Shadow Brute",4
62005,5,99,monster,"Shadow Shaman",2
62005,5,99,monster,"Sludge",4
62005,5,99,node,"Diamond node",1
62005,5,99,node,"Gold node",2
62005,5,99,node,"Topaz node",1
62005,5,99,stone,"",149
62005,5,101,container,"",3
62005,5,101,drop,"(O)380",1
62005,5,101,drop,"(O)382",5
62005,5,101,drop,"(O)384",2
62005,5,101,drop,"(O)390",21
62005,5,101,drop,"(O)537",3
62005,5,101,drop,"(O)769",3
62005,5,101,geode,"(O)378",3
62005,5,101,geode,"(O)562",1
62005,5,101,geode,"(O)570",1
62005,5,101,monster,"Metal Head",1
62005,5,101,monster,"Shadow Brute",1
62005,5,101,monster,"Shadow Shaman",1
62005,5,101,node,"Gold node",1
62005,5,101,stone,"",41
62005,5,102,drop,"(H)62",1
62005,5,102,drop,"(O)378",1
62005,5,102,drop,"(O)382",7
62005,5,102,drop,"(O)384",5
62005,5,102,drop,"(O)390",27
62005,5,102,drop,"(O)420",1
62005,5,102,drop,"(O)537",1
62005,5,102,drop,"(O)72",1
62005,5,102,drop,"(O)766",2
62005,5,102,drop,"(O)769",1
62005,5,102,drop,"(O)92",1
62005,5,102,drop,"(O)SkillBook_3",1
62005,5,102,geode,"(O)390",3
62005,5,102,loose,"(O)420",1
62005,5,102,monster,"Shadow Brute",3
62005,5,102,monster,"Sludge",2
62005,5,102,node,"Diamond node",1
62005,5,102,node,"Gold node",2
62005,5,102,stone,"",60
62005,5,103,drop,"(O)287",1
62005,5,103,drop,"(O)380",2
62005,5,103,drop,"(O)382",10
62005,5,103,drop,"(O)384",11
62005,5,103,drop,"(O)390",49
62005,5,103,drop,"(O)68",1
62005,5,103,drop,"(O)766",1
62005,5,103,drop,"(O)769",1
62005,5,103,drop,"(O)82",1
62005,5,103,drop,"(O)92",1
62005,5,103,loose,"(O)82",1
62005,5,103,monster,"Lava Crab",2
62005,5,103,monster,"Metal Head",1
62005,5,103,monster,"Shadow Shaman",1
62005,5,103,monster,"Sludge",1
62005,5,103,node,"Gold node",4
62005,5,103,node,"Topaz node",1
62005,5,103,stone,"",99
62005,5,104,container,"",2
62005,5,104,drop,"(O)382",6
62005,5,104,drop,"(O)384",4
62005,5,104,drop,"(O)390",36
62005,5,104,drop,"(O)537",2
62005,5,104,drop,"(O)64",1
62005,5,104,drop,"(O)70",1
62005,5,104,drop,"(O)749",1
62005,5,104,drop,"(O)766",2
62005,5,104,drop,"(O)769",3
62005,5,104,drop,"(O)80",1
62005,5,104,drop,"(O)881",3
62005,5,104,drop,"(O)92",1
62005,5,104,geode,"(O)390",5
62005,5,104,geode,"(O)550",1
62005,5,104,geode,"(O)82",1
62005,5,104,loose,"(O)80",1
62005,5,104,monster,"Shadow Brute",1
62005,5,104,monster,"Shadow Shaman",1
62005,5,104,monster,"Sludge",2
62005,5,104,node,"Gold node",1
62005,5,104,node,"Jade node",1
62005,5,104,node,"Ruby node",1
62005,5,104,stone,"",58
62005,5,105,drop,"(O)287",1
62005,5,105,drop,"(O)382",2
62005,5,105,drop,"(O)384",4
62005,5,105,drop,"(O)390",35
62005,5,105,monster,"Lava Crab",1
62005,5,105,stone,"",62
62005,5,106,drop,"(O)382",3
62005,5,106,drop,"(O)384",8
62005,5,106,drop,"(O)390",37
62005,5,106,drop,"(O)537",2
62005,5,106,drop,"(O)68",1
62005,5,106,drop,"(O)766",2
62005,5,106,drop,"(O)82",1
62005,5,106,drop,"(O)92",1
62005,5,106,geode,"(O)122",1
62005,5,106,geode,"(O)82",1
62005,5,106,loose,"(O)82",1
62005,5,106,monster,"Sludge",2
62005,5,106,node,"Gold node",3
62005,5,106,node,"Topaz node",1
62005,5,106,stone,"",63
62005,5,107,drop,"(O)380",2
62005,5,107,drop,"(O)382",7
62005,5,107,drop,"(O)384",6
62005,5,107,drop,"(O)390",45
62005,5,107,drop,"(O)766",1
62005,5,107,drop,"(O)768",2
62005,5,107,drop,"(O)769",1
62005,5,107,drop,"(O)92",1
62005,5,107,monster,"Metal Head",2
62005,5,107,monster,"Shadow Brute",1
62005,5,107,monster,"Sludge",1
62005,5,107,node,"Gold node",1
62005,5,107,stone,"",88
62005,5,108,container,"",4
62005,5,108,drop,"(O)157",1
62005,5,108,drop,"(O)378",2
62005,5,108,drop,"(O)382",4
62005,5,108,drop,"(O)384",4
62005,5,108,drop,"(O)388",4
62005,5,108,drop,"(O)390",32
62005,5,108,drop,"(O)537",1
62005,5,108,drop,"(O)749",1
62005,5,108,drop,"(O)766",2
62005,5,108,drop,"(O)768",1
62005,5,108,drop,"(O)769",2
62005,5,108,drop,"(O)80",1
62005,5,108,drop,"(O)814",1
62005,5,108,drop,"(O)92",2
62005,5,108,drop,"(O)CarrotSeeds",3
62005,5,108,geode,"(O)543",1
62005,5,108,geode,"(O)553",1
62005,5,108,loose,"(O)80",1
62005,5,108,monster,"Metal Head",1
62005,5,108,monster,"Shadow Shaman",2
62005,5,108,monster,"Sludge",5
62005,5,108,monster,"Squid Kid",1
62005,5,108,stone,"",47
62005,5,109,container,"",3
62005,5,109,drop,"(O)382",14
62005,5,109,drop,"(O)384",10
62005,5,109,drop,"(O)388",3
62005,5,109,drop,"(O)390",64
62005,5,109,drop,"(O)537",2
62005,5,109,drop,"(O)768",1
62005,5,109,drop,"(O)769",1
62005,5,109,drop,"(O)881",3
62005,5,109,drop,"(O)92",1
62005,5,109,geode,"(O)540",2
62005,5,109,monster,"Metal Head",1
62005,5,109,monster,"Shadow Shaman",1
62005,5,109,monster,"Sludge",1
62005,5,109,node,"Gold node",4
62005,5,109,stone,"",113
62005,5,111,container,"",2
62005,5,111,drop,"(O)382",1
62005,5,111,drop,"(O)384",8
62005,5,111,drop,"(O)390",28
62005,5,111,drop,"(O)537",2
62005,5,111,drop,"(O)64",1
62005,5,111,drop,"(O)749",1
62005,5,111,drop,"(O)766",1
62005,5,111,drop,"(O)78",2
62005,5,111,drop,"(O)80",2
62005,5,111,geode,"(O)330",1
62005,5,111,geode,"(O)384",1
62005,5,111,geode,"(O)386",6
62005,5,111,loose,"(O)80",2
62005,5,111,monster,"Sludge",1
62005,5,111,node,"Gold node",3
62005,5,111,node,"Ruby node",1
62005,5,111,stone,"",49
62005,5,112,drop,"(O)380",1
62005,5,112,drop,"(O)382",4
62005,5,112,drop,"(O)384",3
62005,5,112,drop,"(O)390",34
62005,5,112,drop,"(O)537",3
62005,5,112,drop,"(O)749",1
62005,5,112,drop,"(O)766",1
62005,5,112,drop,"(O)767",3
62005,5,112,drop,"(O)769",1
62005,5,112,drop,"(O)92",1
62005,5,112,drop,"(O)93",2
62005,5,112,drop,"(O)98",1
62005,5,112,geode,"(O)378",3
62005,5,112,geode,"(O)390",5
62005,5,112,geode,"(O)575",1
62005,5,112,geode,"(O)578",1
62005,5,112,loose,"(O)93",2
62005,5,112,monster,"Lava Bat",2
62005,5,112,monster,"Shadow Brute",1
62005,5,112,monster,"Sludge",1
62005,5,112,node,"Gold node",1
62005,5,112,stone,"",62
62005,5,113,container,"",1
62005,5,113,drop,"(O)287",1
62005,5,113,drop,"(O)334",1
62005,5,113,drop,"(O)382",7
62005,5,113,drop,"(O)384",3
62005,5,113,drop,"(O)390",34
62005,5,113,drop,"(O)768",1
62005,5,113,drop,"(O)769",1
62005,5,113,drop,"(O)93",1
62005,5,113,loose,"(O)93",1
62005,5,113,monster,"Metal Head",1
62005,5,113,monster,"Shadow Shaman",1
62005,5,113,monster,"Squid Kid",1
62005,5,113,stone,"",68
62005,5,114,drop,"(O)382",2
62005,5,114,drop,"(O)384",25
62005,5,114,drop,"(O)390",23
62005,5,114,drop,"(O)537",2
62005,5,114,drop,"(O)66",1
62005,5,114,drop,"(O)766",1
62005,5,114,drop,"(O)767",2
62005,5,114,drop,"(O)768",1
62005,5,114,drop,"(O)92",1
62005,5,114,geode,"(O)575",2
62005,5,114,monster,"Lava Bat",1
62005,5,114,monster,"Sludge",1
62005,5,114,monster,"Squid Kid",1
62005,5,114,node,"Amethyst node",1
62005,5,114,node,"Gold node",11
62005,5,114,stone,"",48
62005,5,115,drop,"(O)382",3
62005,5,115,drop,"(O)390",23
62005,5,115,drop,"(O)749",1
62005,5,115,drop,"(O)766",1
62005,5,115,drop,"(O)767",2
62005,5,115,drop,"(O)92",1
62005,5,115,geode,"(O)330",1
62005,5,115,monster,"Lava Bat",1
62005,5,115,monster,"Sludge",1
62005,5,115,stone,"",34
62005,5,116,drop,"(O)287",1
62005,5,116,drop,"(O)382",6
62005,5,116,drop,"(O)384",14
62005,5,116,drop,"(O)390",50
62005,5,116,drop,"(O)537",3
62005,5,116,drop,"(O)749",2
62005,5,116,drop,"(O)766",1
62005,5,116,drop,"(O)767",4
62005,5,116,drop,"(O)768",1
62005,5,116,drop,"(O)80",1
62005,5,116,drop,"(O)92",1
62005,5,116,geode,"(O)378",1
62005,5,116,geode,"(O)384",3
62005,5,116,geode,"(O)386",3
62005,5,116,geode,"(O)557",1
62005,5,116,geode,"(O)575",1
62005,5,116,loose,"(O)80",1
62005,5,116,monster,"Lava Bat",3
62005,5,116,monster,"Lava Crab",1
62005,5,116,monster,"Metal Head",1
62005,5,116,monster,"Shadow Shaman",1
62005,5,116,monster,"Sludge",1
62005,5,116,node,"Gold node",5
62005,5,116,stone,"",91
62005,5,117,drop,"(O)378",1
62005,5,117,drop,"(O)380",1
62005,5,117,drop,"(O)382",4
62005,5,117,drop,"(O)384",16
62005,5,117,drop,"(O)390",23
62005,5,117,drop,"(O)537",1
62005,5,117,drop,"(O)92",1
62005,5,117,drop,"(O)93",5
62005,5,117,geode,"(O)539",1
62005,5,117,loose,"(O)93",5
62005,5,117,monster,"Sludge",1
62005,5,117,node,"Copper node",1
62005,5,117,node,"Gold node",7
62005,5,117,stone,"",50
62005,5,118,drop,"(O)378",1
62005,5,118,drop,"(O)380",1
62005,5,118,drop,"(O)382",10
62005,5,118,drop,"(O)384",7
62005,5,118,drop,"(O)390",61
62005,5,118,drop,"(O)537",3
62005,5,118,drop,"(O)749",1
62005,5,118,drop,"(O)766",1
62005,5,118,drop,"(O)92",1
62005,5,118,drop,"(O)93",4
62005,5,118,geode,"(O)330",1
62005,5,118,geode,"(O)390",6
62005,5,118,geode,"(O)82",1
62005,5,118,loose,"(O)93",4
62005,5,118,monster,"Sludge",2
62005,5,118,node,"Gold node",4
62005,5,118,stone,"",94
62005,5,119,drop,"(O)287",1
62005,5,119,drop,"(O)382",4
62005,5,119,drop,"(O)384",5
62005,5,119,drop,"(O)390",44
62005,5,119,drop,"(O)537",3
62005,5,119,drop,"(O)717",1
62005,5,119,drop,"(O)767",2
62005,5,119,geode,"(O)380",1
62005,5,119,geode,"(O)390",3
62005,5,119,geode,"(O)539",1
62005,5,119,monster,"Lava Bat",1
62005,5,119,monster,"Lava Crab",1
62005,5,119,node,"Gold node",2
62005,5,119,stone,"",67
62005,6,81,drop,"(O)382",2
62005,6,81,drop,"(O)384",17
62005,6,81,drop,"(O)390",22
62005,6,81,drop,"(O)80",1
62005,6,81,loose,"(O)80",1
62005,6,81,node,"Gold node",7
62005,6,81,stone,"",42
62005,6,82,drop,"(O)382",1
62005,6,82,drop,"(O)384",8
62005,6,82,drop,"(O)390",20
62005,6,82,drop,"(O)537",3
62005,6,82,drop,"(O)766",1
62005,6,82,drop,"(O)769",2
62005,6,82,drop,"(O)92",1
62005,6,82,geode,"(O)384",10
62005,6,82,geode,"(O)547",1
62005,6,82,geode,"(O)570",1
62005,6,82,monster,"Shadow Shaman",1
62005,6,82,monster,"Sludge",1
62005,6,82,node,"Gold node",3
62005,6,82,stone,"",39
62005,6,83,container,"",2
62005,6,83,drop,"(O)203",1
62005,6,83,drop,"(O)378",1
62005,6,83,drop,"(O)380",1
62005,6,83,drop,"(O)382",3
62005,6,83,drop,"(O)384",3
62005,6,83,drop,"(O)390",33
62005,6,83,drop,"(O)766",1
62005,6,83,drop,"(O)768",1
62005,6,83,drop,"(O)769",1
62005,6,83,drop,"(O)78",1
62005,6,83,drop,"(O)92",1
62005,6,83,monster,"Metal Head",1
62005,6,83,monster,"Shadow Brute",1
62005,6,83,monster,"Sludge",1
62005,6,83,node,"Gold node",1
62005,6,83,stone,"",63
62005,6,84,container,"",1
62005,6,84,drop,"(O)382",9
62005,6,84,drop,"(O)384",2
62005,6,84,drop,"(O)390",42
62005,6,84,drop,"(O)537",1
62005,6,84,drop,"(O)72",1
62005,6,84,drop,"(O)766",1
62005,6,84,drop,"(O)78",1
62005,6,84,geode,"(O)82",1
62005,6,84,monster,"Sludge",1
62005,6,84,node,"Diamond node",1
62005,6,84,stone,"",72
62005,6,85,drop,"(O)378",1
62005,6,85,drop,"(O)380",2
62005,6,85,drop,"(O)382",8
62005,6,85,drop,"(O)384",1
62005,6,85,drop,"(O)390",46
62005,6,85,drop,"(O)766",3
62005,6,85,drop,"(O)768",1
62005,6,85,drop,"(O)769",1
62005,6,85,drop,"(O)92",1
62005,6,85,monster,"Metal Head",1
62005,6,85,monster,"Shadow Shaman",1
62005,6,85,monster,"Sludge",3
62005,6,85,stone,"",67
62005,6,86,drop,"(O)336",1
62005,6,86,drop,"(O)382",7
62005,6,86,drop,"(O)384",13
62005,6,86,drop,"(O)390",56
62005,6,86,drop,"(O)537",2
62005,6,86,drop,"(O)749",1
62005,6,86,drop,"(O)769",1
62005,6,86,drop,"(O)80",1
62005,6,86,geode,"(O)330",1
62005,6,86,geode,"(O)390",1
62005,6,86,geode,"(O)547",1
62005,6,86,loose,"(O)80",1
62005,6,86,monster,"Shadow Brute",1
62005,6,86,monster,"Shadow Shaman",3
62005,6,86,node,"Gold node",5
62005,6,86,stone,"",101
62005,6,87,drop,"(O)380",1
62005,6,87,drop,"(O)382",3
62005,6,87,drop,"(O)384",2
62005,6,87,drop,"(O)390",32
62005,6,87,drop,"(O)766",2
62005,6,87,drop,"(O)768",2
62005,6,87,drop,"(O)769",1
62005,6,87,drop,"(O)80",1
62005,6,87,loose,"(O)80",1
62005,6,87,monster,"Metal Head",2
62005,6,87,monster,"Shadow Brute",1
62005,6,87,monster,"Sludge",2
62005,6,87,stone,"",45
62005,6,88,drop,"(O)382",3
62005,6,88,drop,"(O)384",1
62005,6,88,drop,"(O)390",33
62005,6,88,drop,"(O)422",1
62005,6,88,drop,"(O)537",1
62005,6,88,drop,"(O)66",1
62005,6,88,drop,"(O)766",1
62005,6,88,geode,"(O)543",1
62005,6,88,loose,"(O)422",1
62005,6,88,monster,"Lava Crab",1
62005,6,88,monster,"Sludge",1
62005,6,88,node,"Gem node (mixed)",1
62005,6,88,stone,"",56
62005,6,89,container,"",3
62005,6,89,drop,"(O)287",1
62005,6,89,drop,"(O)378",4
62005,6,89,drop,"(O)380",1
62005,6,89,drop,"(O)382",2
62005,6,89,drop,"(O)384",9
62005,6,89,drop,"(O)390",35
62005,6,89,drop,"(O)537",1
62005,6,89,drop,"(O)64",1
62005,6,89,drop,"(O)717",1
62005,6,89,drop,"(O)72",1
62005,6,89,drop,"(O)749",2
62005,6,89,drop,"(O)766",1
62005,6,89,drop,"(O)769",3
62005,6,89,drop,"(O)80",1
62005,6,89,drop,"(O)92",1
62005,6,89,geode,"(O)571",2
62005,6,89,geode,"(O)575",1
62005,6,89,loose,"(O)80",1
62005,6,89,monster,"Lava Crab",3
62005,6,89,monster,"Shadow Brute",3
62005,6,89,monster,"Sludge",3
62005,6,89,node,"Diamond node",1
62005,6,89,node,"Gold node",3
62005,6,89,node,"Ruby node",1
62005,6,89,stone,"",66
62005,6,91,container,"",4
62005,6,91,drop,"(O)380",2
62005,6,91,drop,"(O)382",7
62005,6,91,drop,"(O)384",5
62005,6,91,drop,"(O)388",5
62005,6,91,drop,"(O)390",32
62005,6,91,drop,"(O)537",1
62005,6,91,drop,"(O)93",3
62005,6,91,geode,"(O)562",1
62005,6,91,loose,"(O)93",3
62005,6,91,node,"Gold node",3
62005,6,91,stone,"",55
62005,6,92,container,"",2
62005,6,92,drop,"(O)287",1
62005,6,92,drop,"(O)380",2
62005,6,92,drop,"(O)382",7
62005,6,92,drop,"(O)390",26
62005,6,92,drop,"(O)537",2
62005,6,92,drop,"(O)766",1
62005,6,92,drop,"(O)80",1
62005,6,92,drop,"(O)92",1
62005,6,92,geode,"(O)390",5
62005,6,92,geode,"(O)547",1
62005,6,92,loose,"(O)80",1
62005,6,92,monster,"Lava Crab",1
62005,6,92,monster,"Sludge",2
62005,6,92,stone,"",35
62005,6,93,container,"",2
62005,6,93,drop,"(O)382",2
62005,6,93,drop,"(O)390",23
62005,6,93,drop,"(O)537",1
62005,6,93,drop,"(O)72",1
62005,6,93,drop,"(O)766",2
62005,6,93,drop,"(O)768",1
62005,6,93,drop,"(O)92",3
62005,6,93,geode,"(O)539",1
62005,6,93,monster,"Lava Crab",1
62005,6,93,monster,"Metal Head",1
62005,6,93,monster,"Shadow Shaman",1
62005,6,93,monster,"Sludge",3
62005,6,93,node,"Diamond node",1
62005,6,93,stone,"",34
62005,6,94,drop,"(O)157",2
62005,6,94,drop,"(O)384",2
62005,6,94,drop,"(O)766",16
62005,6,94,drop,"(O)80",1
62005,6,94,drop,"(O)92",7
62005,6,94,loose,"(O)80",1
62005,6,94,monster,"Big Slime",3
62005,6,94,monster,"Sludge",10
62005,6,95,drop,"(O)380",2
62005,6,95,drop,"(O)382",4
62005,6,95,drop,"(O)384",3
62005,6,95,drop,"(O)390",16
62005,6,95,drop,"(O)766",1
62005,6,95,drop,"(O)92",1
62005,6,95,monster,"Lava Crab",1
62005,6,95,monster,"Sludge",1
62005,6,95,stone,"",43
62005,6,96,container,"",1
62005,6,96,drop,"(O)157",1
62005,6,96,drop,"(O)382",10
62005,6,96,drop,"(O)384",5
62005,6,96,drop,"(O)390",54
62005,6,96,drop,"(O)537",5
62005,6,96,drop,"(O)749",1
62005,6,96,drop,"(O)766",2
62005,6,96,drop,"(O)768",1
62005,6,96,drop,"(O)78",2
62005,6,96,drop,"(O)80",1
62005,6,96,drop,"(O)82",2
62005,6,96,drop,"(O)92",2
62005,6,96,geode,"(O)382",1
62005,6,96,geode,"(O)553",1
62005,6,96,geode,"(O)562",3
62005,6,96,geode,"(O)575",1
62005,6,96,loose,"(O)80",1
62005,6,96,loose,"(O)82",2
62005,6,96,monster,"Metal Head",1
62005,6,96,monster,"Sludge",2
62005,6,96,node,"Gold node",2
62005,6,96,stone,"",95
62005,6,97,drop,"(O)288",1
62005,6,97,drop,"(O)334",1
62005,6,97,drop,"(O)382",2
62005,6,97,drop,"(O)384",1
62005,6,97,drop,"(O)390",33
62005,6,97,drop,"(O)537",1
62005,6,97,drop,"(O)766",2
62005,6,97,drop,"(O)768",3
62005,6,97,drop,"(O)769",3
62005,6,97,drop,"(O)92",2
62005,6,97,geode,"(O)380",3
62005,6,97,monster,"Metal Head",3
62005,6,97,monster,"Shadow Brute",1
62005,6,97,monster,"Shadow Shaman",1
62005,6,97,monster,"Sludge",2
62005,6,97,monster,"Squid Kid",2
62005,6,97,node,"Gold node",1
62005,6,97,stone,"",56
62005,6,98,drop,"(O)203",1
62005,6,98,drop,"(O)378",1
62005,6,98,drop,"(O)380",1
62005,6,98,drop,"(O)382",5
62005,6,98,drop,"(O)384",17
62005,6,98,drop,"(O)390",57
62005,6,98,drop,"(O)537",4
62005,6,98,drop,"(O)68",1
62005,6,98,drop,"(O)766",5
62005,6,98,drop,"(O)769",2
62005,6,98,drop,"(O)92",3
62005,6,98,drop,"(O)Book_Void",1
62005,6,98,geode,"(O)122",1
62005,6,98,geode,"(O)539",1
62005,6,98,geode,"(O)543",1
62005,6,98,geode,"(O)565",1
62005,6,98,monster,"Lava Crab",1
62005,6,98,monster,"Metal Head",1
62005,6,98,monster,"Shadow Brute",2
62005,6,98,monster,"Shadow Shaman",1
62005,6,98,monster,"Sludge",5
62005,6,98,node,"Gold node",6
62005,6,98,node,"Topaz node",1
62005,6,98,stone,"",114
62005,6,99,drop,"(O)287",1
62005,6,99,drop,"(O)382",6
62005,6,99,drop,"(O)384",7
62005,6,99,drop,"(O)390",43
62005,6,99,drop,"(O)420",19
62005,6,99,drop,"(O)422",3
62005,6,99,drop,"(O)537",2
62005,6,99,drop,"(O)749",1
62005,6,99,drop,"(O)766",2
62005,6,99,drop,"(O)769",1
62005,6,99,drop,"(O)92",2
62005,6,99,drop,"(S)1231",1
62005,6,99,geode,"(O)539",1
62005,6,99,geode,"(O)561",1
62005,6,99,geode,"(O)575",1
62005,6,99,loose,"(O)420",19
62005,6,99,loose,"(O)422",3
62005,6,99,monster,"Lava Crab",1
62005,6,99,monster,"Shadow Brute",1
62005,6,99,monster,"Sludge",2
62005,6,99,node,"Gold node",2
62005,6,99,stone,"",73
62005,6,101,drop,"(O)382",3
62005,6,101,drop,"(O)384",12
62005,6,101,drop,"(O)390",21
62005,6,101,drop,"(O)537",1
62005,6,101,drop,"(O)749",1
62005,6,101,geode,"(O)390",1
62005,6,101,geode,"(O)82",1
62005,6,101,monster,"Shadow Brute",1
62005,6,101,node,"Gold node",4
62005,6,101,stone,"",42
62005,6,102,drop,"(O)157",1
62005,6,102,drop,"(O)382",1
62005,6,102,drop,"(O)390",21
62005,6,102,drop,"(O)749",1
62005,6,102,drop,"(O)766",4
62005,6,102,drop,"(O)768",1
62005,6,102,drop,"(O)769",4
62005,6,102,drop,"(O)92",3
62005,6,102,geode,"(O)554",1
62005,6,102,monster,"Lava Crab",1
62005,6,102,monster,"Metal Head",1
62005,6,102,monster,"Shadow Brute",1
62005,6,102,monster,"Shadow Shaman",1
62005,6,102,monster,"Sludge",4
62005,6,102,stone,"",28
62005,6,103,drop,"(O)380",2
62005,6,103,drop,"(O)382",4
62005,6,103,drop,"(O)384",8
62005,6,103,drop,"(O)390",28
62005,6,103,drop,"(O)537",2
62005,6,103,drop,"(O)60",1
62005,6,103,drop,"(O)749",1
62005,6,103,drop,"(O)80",1
62005,6,103,drop,"(O)93",4
62005,6,103,geode,"(O)386",1
62005,6,103,geode,"(O)390",5
62005,6,103,geode,"(O)553",1
62005,6,103,loose,"(O)80",1
62005,6,103,loose,"(O)93",4
62005,6,103,node,"Emerald node",1
62005,6,103,node,"Gold node",3
62005,6,103,stone,"",60
62005,6,104,drop,"(O)380",3
62005,6,104,drop,"(O)382",5
62005,6,104,drop,"(O)384",9
62005,6,104,drop,"(O)390",76
62005,6,104,drop,"(O)537",2
62005,6,104,drop,"(O)66",1
62005,6,104,drop,"(O)70",1
62005,6,104,drop,"(O)749",1
62005,6,104,drop,"(O)766",2
62005,6,104,drop,"(O)769",1
62005,6,104,drop,"(O)92",1
62005,6,104,geode,"(O)390",5
62005,6,104,geode,"(O)562",1
62005,6,104,geode,"(O)572",1
62005,6,104,monster,"Lava Crab",3
62005,6,104,monster,"Metal Head",1
62005,6,104,monster,"Shadow Shaman",1
62005,6,104,monster,"Sludge",2
62005,6,104,node,"Amethyst node",1
62005,6,104,node,"Gold node",5
62005,6,104,node,"Jade node",1
62005,6,104,stone,"",116
62005,6,105,drop,"(O)380",1
62005,6,105,drop,"(O)382",5
62005,6,105,drop,"(O)384",2
62005,6,105,drop,"(O)390",32
62005,6,105,drop,"(O)769",2
62005,6,105,monster,"Shadow Shaman",1
62005,6,105,stone,"",52
62005,6,106,drop,"(O)378",1
62005,6,106,drop,"(O)380",2
62005,6,106,drop,"(O)382",4
62005,6,106,drop,"(O)384",12
62005,6,106,drop,"(O)390",38
62005,6,106,drop,"(O)72",1
62005,6,106,drop,"(O)766",2
62005,6,106,drop,"(O)769",1
62005,6,106,drop,"(O)80",1
62005,6,106,loose,"(O)80",1
62005,6,106,monster,"Shadow Shaman",1
62005,6,106,monster,"Sludge",2
62005,6,106,node,"Diamond node",1
62005,6,106,node,"Gold node",5
62005,6,106,stone,"",90
62005,6,107,drop,"(O)380",1
62005,6,107,drop,"(O)382",5
62005,6,107,drop,"(O)384",3
62005,6,107,drop,"(O)390",36
62005,6,107,drop,"(O)537",2
62005,6,107,drop,"(O)766",1
62005,6,107,drop,"(O)768",2
62005,6,107,drop,"(O)769",3
62005,6,107,drop,"(O)80",2
62005,6,107,drop,"(O)82",1
62005,6,107,drop,"(O)92",2
62005,6,107,geode,"(O)390",3
62005,6,107,geode,"(O)82",1
62005,6,107,loose,"(O)80",2
62005,6,107,loose,"(O)82",1
62005,6,107,monster,"Metal Head",2
62005,6,107,monster,"Shadow Brute",3
62005,6,107,monster,"Sludge",2
62005,6,107,stone,"",71
62005,6,108,drop,"(O)287",1
62005,6,108,drop,"(O)378",2
62005,6,108,drop,"(O)380",5
62005,6,108,drop,"(O)382",10
62005,6,108,drop,"(O)384",4
62005,6,108,drop,"(O)390",77
62005,6,108,drop,"(O)537",3
62005,6,108,drop,"(O)66",1
62005,6,108,drop,"(O)717",1
62005,6,108,drop,"(O)766",2
62005,6,108,drop,"(O)768",2
62005,6,108,drop,"(O)769",2
62005,6,108,drop,"(O)80",1
62005,6,108,geode,"(O)330",1
62005,6,108,geode,"(O)386",1
62005,6,108,geode,"(O)543",1
62005,6,108,loose,"(O)80",1
62005,6,108,monster,"Lava Crab",2
62005,6,108,monster,"Metal Head",4
62005,6,108,monster,"Shadow Shaman",1
62005,6,108,monster,"Sludge",2
62005,6,108,monster,"Squid Kid",2
62005,6,108,node,"Amethyst node",1
62005,6,108,node,"Gold node",2
62005,6,108,stone,"",135
62005,6,109,drop,"(O)203",1
62005,6,109,drop,"(O)380",1
62005,6,109,drop,"(O)382",5
62005,6,109,drop,"(O)384",5
62005,6,109,drop,"(O)390",36
62005,6,109,drop,"(O)66",1
62005,6,109,drop,"(O)749",2
62005,6,109,drop,"(O)766",1
62005,6,109,drop,"(O)768",1
62005,6,109,drop,"(O)80",1
62005,6,109,drop,"(O)92",2
62005,6,109,geode,"(O)330",1
62005,6,109,geode,"(O)570",1
62005,6,109,loose,"(O)80",1
62005,6,109,monster,"Metal Head",1
62005,6,109,monster,"Shadow Brute",2
62005,6,109,monster,"Sludge",3
62005,6,109,node,"Amethyst node",1
62005,6,109,node,"Gold node",2
62005,6,109,stone,"",68
62005,6,111,drop,"(O)382",1
62005,6,111,drop,"(O)384",24
62005,6,111,drop,"(O)390",14
62005,6,111,drop,"(O)537",2
62005,6,111,drop,"(O)768",1
62005,6,111,drop,"(O)80",1
62005,6,111,drop,"(O)82",1
62005,6,111,drop,"(O)93",2
62005,6,111,geode,"(O)390",3
62005,6,111,geode,"(O)554",1
62005,6,111,loose,"(O)80",1
62005,6,111,loose,"(O)82",1
62005,6,111,loose,"(O)93",2
62005,6,111,monster,"Metal Head",1
62005,6,111,node,"Gold node",12
62005,6,111,stone,"",43
62005,6,112,container,"",2
62005,6,112,drop,"(O)382",2
62005,6,112,drop,"(O)384",6
62005,6,112,drop,"(O)390",24
62005,6,112,drop,"(O)420",1
62005,6,112,drop,"(O)64",1
62005,6,112,drop,"(O)749",1
62005,6,112,geode,"(O)564",1
62005,6,112,loose,"(O)420",1
62005,6,112,node,"Gold node",2
62005,6,112,node,"Ruby node",1
62005,6,112,stone,"",34
62005,6,113,container,"",3
62005,6,113,drop,"(O)378",6
62005,6,113,drop,"(O)380",1
62005,6,113,drop,"(O)382",2
62005,6,113,drop,"(O)384",6
62005,6,113,drop,"(O)390",19
62005,6,113,drop,"(O)420",1
62005,6,113,drop,"(O)422",1
62005,6,113,drop,"(O)766",2
62005,6,113,drop,"(O)767",2
62005,6,113,drop,"(O)768",1
62005,6,113,drop,"(O)80",1
62005,6,113,loose,"(O)420",1
62005,6,113,loose,"(O)422",1
62005,6,113,loose,"(O)80",1
62005,6,113,monster,"Lava Bat",1
62005,6,113,monster,"Metal Head",1
62005,6,113,monster,"Shadow Shaman",1
62005,6,113,monster,"Sludge",2
62005,6,113,node,"Copper node",1
62005,6,113,node,"Gold node",2
62005,6,113,stone,"",28
62005,6,114,drop,"(O)287",1
62005,6,114,drop,"(O)382",3
62005,6,114,drop,"(O)384",7
62005,6,114,drop,"(O)390",35
62005,6,114,drop,"(O)537",1
62005,6,114,drop,"(O)766",1
62005,6,114,drop,"(O)767",3
62005,6,114,drop,"(O)768",1
62005,6,114,drop,"(O)769",1
62005,6,114,drop,"(O)92",1
62005,6,114,geode,"(O)330",1
62005,6,114,monster,"Lava Bat",2
62005,6,114,monster,"Lava Crab",1
62005,6,114,monster,"Metal Head",1
62005,6,114,monster,"Shadow Shaman",1
62005,6,114,monster,"Sludge",1
62005,6,114,node,"Gold node",3
62005,6,114,stone,"",68
62005,6,115,drop,"(O)382",2
62005,6,115,drop,"(O)390",8
62005,6,115,drop,"(O)768",2
62005,6,115,drop,"(O)769",1
62005,6,115,monster,"Metal Head",1
62005,6,115,monster,"Shadow Brute",1
62005,6,115,monster,"Squid Kid",1
62005,6,115,stone,"",21
62005,6,116,drop,"(O)378",1
62005,6,116,drop,"(O)382",1
62005,6,116,drop,"(O)384",3
62005,6,116,drop,"(O)390",36
62005,6,116,drop,"(O)767",1
62005,6,116,drop,"(O)769",4
62005,6,116,drop,"(O)80",1
62005,6,116,drop,"(O)82",1
62005,6,116,drop,"(O)93",1
62005,6,116,loose,"(O)80",1
62005,6,116,loose,"(O)82",1
62005,6,116,loose,"(O)93",1
62005,6,116,monster,"Lava Bat",1
62005,6,116,monster,"Metal Head",1
62005,6,116,monster,"Shadow Brute",1
62005,6,116,monster,"Shadow Shaman",1
62005,6,116,node,"Gold node",1
62005,6,116,stone,"",57
62005,6,117,container,"",1
62005,6,117,drop,"(O)382",3
62005,6,117,drop,"(O)384",5
62005,6,117,drop,"(O)390",40
62005,6,117,drop,"(O)60",1
62005,6,117,drop,"(O)749",1
62005,6,117,drop,"(O)767",2
62005,6,117,drop,"(O)CarrotSeeds",2
62005,6,117,geode,"(O)553",1
62005,6,117,monster,"Lava Bat",1
62005,6,117,node,"Emerald node",1
62005,6,117,node,"Gold node",2
62005,6,117,stone,"",65
62005,6,118,container,"",1
62005,6,118,drop,"(O)378",1
62005,6,118,drop,"(O)380",3
62005,6,118,drop,"(O)382",7
62005,6,118,drop,"(O)384",2
62005,6,118,drop,"(O)390",16
62005,6,118,drop,"(O)420",9
62005,6,118,drop,"(O)422",2
62005,6,118,drop,"(O)537",1
62005,6,118,drop,"(O)64",1
62005,6,118,drop,"(O)767",2
62005,6,118,drop,"(O)768",1
62005,6,118,drop,"(O)769",3
62005,6,118,drop,"(O)93",1
62005,6,118,geode,"(O)390",5
62005,6,118,loose,"(O)420",9
62005,6,118,loose,"(O)422",2
62005,6,118,loose,"(O)93",1
62005,6,118,monster,"Lava Bat",1
62005,6,118,monster,"Metal Head",2
62005,6,118,monster,"Shadow Brute",1
62005,6,118,monster,"Shadow Shaman",1
62005,6,118,node,"Gold node",1
62005,6,118,node,"Ruby node",1
62005,6,118,stone,"",30
62005,6,119,container,"",2
62005,6,119,drop,"(O)378",3
62005,6,119,drop,"(O)382",9
62005,6,119,drop,"(O)384",12
62005,6,119,drop,"(O)390",48
62005,6,119,drop,"(O)537",4
62005,6,119,drop,"(O)64",1
62005,6,119,drop,"(O)709",2
62005,6,119,drop,"(O)749",1
62005,6,119,drop,"(O)768",1
62005,6,119,drop,"(O)769",1
62005,6,119,drop,"(O)80",2
62005,6,119,drop,"(O)93",2
62005,6,119,geode,"(O)378",3
62005,6,119,geode,"(O)384",3
62005,6,119,geode,"(O)540",1
62005,6,119,geode,"(O)547",1
62005,6,119,geode,"(O)554",1
62005,6,119,loose,"(O)80",2
62005,6,119,loose,"(O)93",2
62005,6,119,monster,"Shadow Brute",1
62005,6,119,monster,"Sludge",1
62005,6,119,monster,"Squid Kid",1
62005,6,119,node,"Copper node",1
62005,6,119,node,"Gold node",4
62005,6,119,node,"Ruby node",1
62005,6,119,stone,"",84
62005,0,121,drop,"(O)243",1
62005,0,121,drop,"(O)380",2
62005,0,121,drop,"(O)382",3
62005,0,121,drop,"(O)384",4
62005,0,121,drop,"(O)390",27
62005,0,121,drop,"(O)428",2
62005,0,121,drop,"(O)768",6
62005,0,121,monster,"Mummy",6
62005,0,121,stone,"",60
62005,0,122,container,"",2
62005,0,122,drop,"(O)157",1
62005,0,122,drop,"(O)378",3
62005,0,122,drop,"(O)382",3
62005,0,122,drop,"(O)384",8
62005,0,122,drop,"(O)390",19
62005,0,122,drop,"(O)684",3
62005,0,122,drop,"(O)749",1
62005,0,122,drop,"(O)766",10
62005,0,122,drop,"(O)92",1
62005,0,122,drop,"(O)93",3
62005,0,122,geode,"(O)330",1
62005,0,122,loose,"(O)93",3
62005,0,122,monster,"Big Slime",4
62005,0,122,monster,"Bug",3
62005,0,122,monster,"Sludge",2
62005,0,122,node,"Copper node",1
62005,0,122,node,"Gold node",3
62005,0,122,stone,"",37
62005,0,123,drop,"(O)378",1
62005,0,123,drop,"(O)380",1
62005,0,123,drop,"(O)382",3
62005,0,123,drop,"(O)384",2
62005,0,123,drop,"(O)390",41
62005,0,123,drop,"(O)749",2
62005,0,123,drop,"(O)768",3
62005,0,123,drop,"(O)80",1
62005,0,123,geode,"(O)386",1
62005,0,123,geode,"(O)82",1
62005,0,123,loose,"(O)80",1
62005,0,123,monster,"Mummy",2
62005,0,123,node,"Copper node",1
62005,0,123,stone,"",71
62005,0,124,drop,"(O)378",1
62005,0,124,drop,"(O)380",1
62005,0,124,drop,"(O)390",30
62005,0,124,drop,"(O)66",1
62005,0,124,drop,"(O)684",1
62005,0,124,drop,"(O)749",1
62005,0,124,drop,"(O)766",1
62005,0,124,drop,"(O)769",1
62005,0,124,geode,"(O)569",1
62005,0,124,monster,"Big Slime",1
62005,0,124,monster,"Bug",2
62005,0,124,monster,"Serpent",1
62005,0,124,node,"Amethyst node",1
62005,0,124,node,"Copper node",1
62005,0,124,node,"Iron node",1
62005,0,124,stone,"",52
62005,0,125,container,"",4
62005,0,125,drop,"(O)380",2
62005,0,125,drop,"(O)382",9
62005,0,125,drop,"(O)384",2
62005,0,125,drop,"(O)390",66
62005,0,125,drop,"(O)428",2
62005,0,125,drop,"(O)749",2
62005,0,125,drop,"(O)768",3
62005,0,125,drop,"(O)78",1
62005,0,125,geode,"(O)330",1
62005,0,125,geode,"(O)380",3
62005,0,125,monster,"Mummy",3
62005,0,125,stone,"",101
62005,0,126,drop,"(O)378",5
62005,0,126,drop,"(O)380",1
62005,0,126,drop,"(O)382",8
62005,0,126,drop,"(O)384",4
62005,0,126,drop,"(O)390",53
62005,0,126,drop,"(O)62",1
62005,0,126,drop,"(O)68",1
62005,0,126,drop,"(O)749",3
62005,0,126,drop,"(O)768",6
62005,0,126,drop,"(O)80",1
62005,0,126,geode,"(O)378",5
62005,0,126,geode,"(O)544",1
62005,0,126,geode,"(O)84",1
62005,0,126,loose,"(O)80",1
62005,0,126,monster,"Carbon Ghost",1
62005,0,126,monster,"Mummy",5
62005,0,126,node,"Aquamarine node",1
62005,0,126,node,"Copper node",3
62005,0,126,node,"Topaz node",1
62005,0,126,stone,"",83
62005,0,127,drop,"(O)378",5
62005,0,127,drop,"(O)380",2
62005,0,127,drop,"(O)382",14
62005,0,127,drop,"(O)384",4
62005,0,127,drop,"(O)386",1
62005,0,127,drop,"(O)390",67
62005,0,127,drop,"(O)749",2
62005,0,127,drop,"(O)766",1
62005,0,127,drop,"(O)769",1
62005,0,127,geode,"(O)380",10
62005,0,127,geode,"(O)573",1
62005,0,127,monster,"Big Slime",1
62005,0,127,monster,"Serpent",1
62005,0,127,node,"Copper node",2
62005,0,127,node,"Iron node",1
62005,0,127,stone,"",115
62005,0,128,drop,"(O)386",1
62005,0,128,drop,"(O)766",7
62005,0,128,drop,"(O)92",1
62005,0,128,monster,"Big Slime",3
62005,0,128,monster,"Sludge",3
62005,0,129,drop,"(O)378",4
62005,0,129,drop,"(O)380",2
62005,0,129,drop,"(O)382",5
62005,0,129,drop,"(O)384",11
62005,0,129,drop,"(O)386",2
62005,0,129,drop,"(O)390",68
62005,0,129,drop,"(O)684",1
62005,0,129,drop,"(O)749",2
62005,0,129,drop,"(O)766",3
62005,0,129,drop,"(O)80",1
62005,0,129,drop,"(O)82",1
62005,0,129,drop,"(O)92",1
62005,0,129,drop,"(O)93",1
62005,0,129,geode,"(O)564",1
62005,0,129,geode,"(O)574",1
62005,0,129,loose,"(O)80",1
62005,0,129,loose,"(O)82",1
62005,0,129,loose,"(O)93",1
62005,0,129,monster,"Big Slime",1
62005,0,129,monster,"Bug",2
62005,0,129,monster,"Sludge",1
62005,0,129,node,"Copper node",2
62005,0,129,node,"Gold node",5
62005,0,129,node,"Iron node",1
62005,0,129,node,"Mystic stone",1
62005,0,129,stone,"",114
62005,0,130,drop,"(O)338",1
62005,0,130,drop,"(O)380",1
62005,0,130,drop,"(O)382",3
62005,0,130,drop,"(O)384",1
62005,0,130,drop,"(O)390",44
62005,0,130,drop,"(O)749",1
62005,0,130,drop,"(O)768",2
62005,0,130,drop,"(O)80",1
62005,0,130,geode,"(O)84",1
62005,0,130,loose,"(O)80",1
62005,0,130,monster,"Carbon Ghost",1
62005,0,130,monster,"Mummy",1
62005,0,130,stone,"",77
62005,0,131,drop,"(O)287",1
62005,0,131,drop,"(O)380",2
62005,0,131,drop,"(O)382",4
62005,0,131,drop,"(O)384",3
62005,0,131,drop,"(O)390",34
62005,0,131,drop,"(O)749",2
62005,0,131,drop,"(O)766",6
62005,0,131,drop,"(O)769",1
62005,0,131,drop,"(O)80",1
62005,0,131,geode,"(O)551",1
62005,0,131,geode,"(O)562",1
62005,0,131,loose,"(O)80",1
62005,0,131,monster,"Big Slime",2
62005,0,131,monster,"Serpent",1
62005,0,131,monster,"Sludge",1
62005,0,131,node,"Iron node",1
62005,0,131,stone,"",67
62005,0,132,drop,"(O)157",1
62005,0,132,drop,"(O)378",2
62005,0,132,drop,"(O)384",2
62005,0,132,drop,"(O)390",39
62005,0,132,drop,"(O)749",4
62005,0,132,drop,"(O)766",4
62005,0,132,drop,"(O)769",1
62005,0,132,drop,"(O)82",1
62005,0,132,drop,"(O)92",1
62005,0,132,geode,"(O)390",5
62005,0,132,geode,"(O)545",1
62005,0,132,geode,"(O)552",1
62005,0,132,geode,"(O)86",1
62005,0,132,loose,"(O)82",1
62005,0,132,monster,"Big Slime",1
62005,0,132,monster,"Serpent",1
62005,0,132,monster,"Sludge",1
62005,0,132,node,"Copper node",1
62005,0,132,stone,"",65
62005,0,133,drop,"(O)378",1
62005,0,133,drop,"(O)380",7
62005,0,133,drop,"(O)382",7
62005,0,133,drop,"(O)384",4
62005,0,133,drop,"(O)390",53
62005,0,133,drop,"(O)428",1
62005,0,133,drop,"(O)66",2
62005,0,133,drop,"(O)749",6
62005,0,133,drop,"(O)768",6
62005,0,133,drop,"(O)80",1
62005,0,133,geode,"(O)330",1
62005,0,133,geode,"(O)380",3
62005,0,133,geode,"(O)386",1
62005,0,133,geode,"(O)560",1
62005,0,133,geode,"(O)568",1
62005,0,133,geode,"(O)572",1
62005,0,133,loose,"(O)80",1
62005,0,133,monster,"Mummy",5
62005,0,133,node,"Amethyst node",2
62005,0,133,node,"Copper node",1
62005,0,133,node,"Iron node",4
62005,0,133,stone,"",92
62005,0,134,container,"",2
62005,0,134,drop,"(O)378",1
62005,0,134,drop,"(O)382",5
62005,0,134,drop,"(O)384",8
62005,0,134,drop,"(O)390",28
62005,0,134,drop,"(O)684",1
62005,0,134,drop,"(O)749",1
62005,0,134,drop,"(O)766",7
62005,0,134,drop,"(O)769",2
62005,0,134,drop,"(O)80",1
62005,0,134,drop,"(O)92",1
62005,0,134,drop,"(O)93",1
62005,0,134,geode,"(O)378",5
62005,0,134,loose,"(O)80",1
62005,0,134,loose,"(O)93",1
62005,0,134,monster,"Big Slime",2
62005,0,134,monster,"Bug",1
62005,0,134,monster,"Serpent",2
62005,0,134,monster,"Sludge",1
62005,0,134,node,"Gold node",1
62005,0,134,stone,"",48
62005,0,135,drop,"(O)382",4
62005,0,135,drop,"(O)384",2
62005,0,135,drop,"(O)390",22
62005,0,135,drop,"(O)60",1
62005,0,135,drop,"(O)749",2
62005,0,135,drop,"(O)766",3
62005,0,135,drop,"(O)769",1
62005,0,135,geode,"(O)538",1
62005,0,135,geode,"(O)542",1
62005,0,135,monster,"Big Slime",1
62005,0,135,monster,"Serpent",1
62005,0,135,monster,"Sludge",1
62005,0,135,node,"Emerald node",1
62005,0,135,stone,"",46
62005,0,136,drop,"(O)380",2
62005,0,136,drop,"(O)382",5
62005,0,136,drop,"(O)384",1
62005,0,136,drop,"(O)390",37
62005,0,136,drop,"(O)420",1
62005,0,136,drop,"(O)684",1
62005,0,136,drop,"(O)80",1
62005,0,136,loose,"(O)420",1
62005,0,136,loose,"(O)80",1
62005,0,136,monster,"Bug",1
62005,0,136,monster,"Serpent",1
62005,0,136,node,"Iron node",1
62005,0,136,stone,"",61
62005,0,137,container,"",1
62005,0,137,drop,"(O)226",2
62005,0,137,drop,"(O)378",11
62005,0,137,drop,"(O)380",2
62005,0,137,drop,"(O)382",4
62005,0,137,drop,"(O)384",2
62005,0,137,drop,"(O)390",35
62005,0,137,drop,"(O)68",1
62005,0,137,drop,"(O)749",5
62005,0,137,drop,"(O)766",6
62005,0,137,drop,"(O)769",3
62005,0,137,drop,"(O)881",2
62005,0,137,geode,"(O)330",1
62005,0,137,geode,"(O)378",10
62005,0,137,geode,"(O)551",1
62005,0,137,geode,"(O)557",1
62005,0,137,geode,"(O)82",1
62005,0,137,monster,"Big Slime",2
62005,0,137,monster,"Serpent",2
62005,0,137,node,"Copper node",4
62005,0,137,node,"Iron node",1
62005,0,137,node,"Topaz node",1
62005,0,137,stone,"",85
62005,0,138,drop,"(O)378",2
62005,0,138,drop,"(O)380",4
62005,0,138,drop,"(O)382",2
62005,0,138,drop,"(O)384",15
62005,0,138,drop,"(O)390",22
62005,0,138,drop,"(O)80",1
62005,0,138,drop,"(O)93",1
62005,0,138,loose,"(O)80",1
62005,0,138,loose,"(O)93",1
62005,0,138,node,"Copper node",1
62005,0,138,node,"Gold node",8
62005,0,138,node,"Iron node",2
62005,0,138,stone,"",48
62005,0,139,container,"",1
62005,0,139,drop,"(O)378",3
62005,0,139,drop,"(O)380",1
62005,0,139,drop,"(O)382",5
62005,0,139,drop,"(O)384",5
62005,0,139,drop,"(O)390",49
62005,0,139,drop,"(O)60",1
62005,0,139,drop,"(O)64",1
62005,0,139,drop,"(O)68",1
62005,0,139,drop,"(O)749",2
62005,0,139,drop,"(O)766",2
62005,0,139,drop,"(O)80",2
62005,0,139,drop,"(O)881",5
62005,0,139,geode,"(O)570",1
62005,0,139,geode,"(O)572",1
62005,0,139,loose,"(O)80",2
62005,0,139,monster,"Big Slime",1
62005,0,139,node,"Copper node",2
62005,0,139,node,"Emerald node",1
62005,0,139,node,"Iron node",1
62005,0,139,node,"Ruby node",1
62005,0,139,node,"Topaz node",1
62005,0,139,stone,"",93
62005,0,140,drop,"(O)378",1
62005,0,140,drop,"(O)382",1
62005,0,140,drop,"(O)384",1
62005,0,140,drop,"(O)390",10
62005,0,140,drop,"(O)767",4
62005,0,140,monster,"Lava Bat",2
62005,0,140,node,"Copper node",1
62005,0,140,stone,"",16
62005,0,141,drop,"(O)287",1
62005,0,141,drop,"(O)378",1
62005,0,141,drop,"(O)382",3
62005,0,141,drop,"(O)384",9
62005,0,141,drop,"(O)390",22
62005,0,141,drop,"(O)62",1
62005,0,141,drop,"(O)766",5
62005,0,141,drop,"(O)769",1
62005,0,141,drop,"(O)93",1
62005,0,141,loose,"(O)93",1
62005,0,141,monster,"Big Slime",2
62005,0,141,monster,"Serpent",1
62005,0,141,node,"Aquamarine node",1
62005,0,141,node,"Gold node",3
62005,0,141,stone,"",37
62005,0,142,container,"",17
62005,0,142,drop,"(O)380",9
62005,0,142,drop,"(O)382",2
62005,0,142,drop,"(O)384",7
62005,0,142,drop,"(O)390",54
62005,0,142,drop,"(O)749",1
62005,0,142,drop,"(O)769",1
62005,0,142,drop,"(O)78",1
62005,0,142,drop,"(O)881",3
62005,0,142,geode,"(O)382",3
62005,0,142,monster,"Serpent",1
62005,0,142,node,"Iron node",1
62005,0,142,stone,"",88
62005,0,143,drop,"(O)378",2
62005,0,143,drop,"(O)382",7
62005,0,143,drop,"(O)384",2
62005,0,143,drop,"(O)390",33
62005,0,143,drop,"(O)749",2
62005,0,143,geode,"(O)123",1
62005,0,143,geode,"(O)390",3
62005,0,143,node,"Copper node",1
62005,0,143,node,"Gold node",1
62005,0,143,stone,"",55
62005,0,144,drop,"(O)380",2
62005,0,144,drop,"(O)382",5
62005,0,144,drop,"(O)384",4
62005,0,144,drop,"(O)390",36
62005,0,144,drop,"(O)64",1
62005,0,144,drop,"(O)684",4
62005,0,144,drop,"(O)749",1
62005,0,144,geode,"(O)555",1
62005,0,144,monster,"Bug",6
62005,0,144,node,"Gold node",1
62005,0,144,node,"Iron node",1
62005,0,144,node,"Ruby node",1
62005,0,144,stone,"",63
62005,0,145,container,"",10
62005,0,145,drop,"(O)380",6
62005,0,145,drop,"(O)382",3
62005,0,145,drop,"(O)384",5
62005,0,145,drop,"(O)390",39
62005,0,145,drop,"(O)580",2
62005,0,145,drop,"(O)684",1
62005,0,145,drop,"(O)709",2
62005,0,145,drop,"(O)749",1
62005,0,145,drop,"(O)766",4
62005,0,145,geode,"(O)390",10
62005,0,145,monster,"Big Slime",1
62005,0,145,monster,"Bug",2
62005,0,145,monster,"Pepper Rex",2
62005,0,145,monster,"Sludge",1
62005,0,145,node,"Gold node",1
62005,0,145,node,"Iron node",1
62005,0,145,stone,"",60
62005,0,146,drop,"(O)378",1
62005,0,146,drop,"(O)380",4
62005,0,146,drop,"(O)382",2
62005,0,146,drop,"(O)384",4
62005,0,146,drop,"(O)390",24
62005,0,146,drop,"(O)68",1
62005,0,146,node,"Iron node",2
62005,0,146,node,"Topaz node",1
62005,0,146,stone,"",44
62005,0,147,drop,"(O)378",3
62005,0,147,drop,"(O)380",3
62005,0,147,drop,"(O)384",2
62005,0,147,drop,"(O)390",22
62005,0,147,drop,"(O)749",2
62005,0,147,drop,"(O)768",4
62005,0,147,geode,"(O)390",5
62005,0,147,geode,"(O)545",1
62005,0,147,monster,"Mummy",4
62005,0,147,node,"Copper node",1
62005,0,147,node,"Iron node",1
62005,0,147,stone,"",42
62005,0,148,drop,"(O)378",3
62005,0,148,drop,"(O)380",2
62005,0,148,drop,"(O)382",2
62005,0,148,drop,"(O)384",7
62005,0,148,drop,"(O)386",2
62005,0,148,drop,"(O)390",31
62005,0,148,drop,"(O)66",1
62005,0,148,drop,"(O)749",2
62005,0,148,drop,"(O)766",2
62005,0,148,drop,"(O)769",1
62005,0,148,drop,"(O)80",1
62005,0,148,geode,"(O)386",1
62005,0,148,geode,"(O)542",1
62005,0,148,loose,"(O)80",1
62005,0,148,monster,"Big Slime",1
62005,0,148,monster,"Bug",1
62005,0,148,monster,"Iridium Crab",1
62005,0,148,monster,"Serpent",1
62005,0,148,node,"Amethyst node",1
62005,0,148,node,"Copper node",1
62005,0,148,node,"Gold node",1
62005,0,148,node,"Iron node",1
62005,0,148,stone,"",60
62005,0,149,container,"",3
62005,0,149,drop,"(O)378",8
62005,0,149,drop,"(O)380",5
62005,0,149,drop,"(O)382",7
62005,0,149,drop,"(O)384",3
62005,0,149,drop,"(O)386",2
62005,0,149,drop,"(O)390",44
62005,0,149,drop,"(O)732",1
62005,0,149,drop,"(O)749",3
62005,0,149,geode,"(O)380",4
62005,0,149,geode,"(O)382",1
62005,0,149,monster,"Bug",1
62005,0,149,monster,"Iridium Crab",1
62005,0,149,node,"Copper node",2
62005,0,149,node,"Iron node",2
62005,0,149,stone,"",81
62005,0,150,container,"",3
62005,0,150,drop,"(O)378",12
62005,0,150,drop,"(O)380",10
62005,0,150,drop,"(O)382",15
62005,0,150,drop,"(O)384",10
62005,0,150,drop,"(O)386",7
62005,0,150,drop,"(O)390",79
62005,0,150,drop,"(O)66",1
62005,0,150,drop,"(O)684",2
62005,0,150,drop,"(O)70",1
62005,0,150,drop,"(O)749",2
62005,0,150,drop,"(O)769",2
62005,0,150,drop,"(O)78",2
62005,0,150,drop,"(O)80",1
62005,0,150,drop,"(O)82",1
62005,0,150,drop,"(O)881",3
62005,0,150,geode,"(O)548",1
62005,0,150,geode,"(O)568",1
62005,0,150,loose,"(O)80",1
62005,0,150,loose,"(O)82",1
62005,0,150,monster,"Bug",2
62005,0,150,monster,"Serpent",2
62005,0,150,node,"Copper node",4
62005,0,150,node,"Gem node (mixed)",1
62005,0,150,node,"Gold node",1
62005,0,150,node,"Iridium node",3
62005,0,150,node,"Iron node",3
62005,0,150,node,"Jade node",1
62005,0,150,stone,"",146
62005,0,151,container,"",1
62005,0,151,drop,"(O)243",1
62005,0,151,drop,"(O)378",12
62005,0,151,drop,"(O)380",1
62005,0,151,drop,"(O)382",2
62005,0,151,drop,"(O)384",2
62005,0,151,drop,"(O)386",1
62005,0,151,drop,"(O)390",30
62005,0,151,drop,"(O)60",1
62005,0,151,drop,"(O)66",1
62005,0,151,drop,"(O)749",1
62005,0,151,drop,"(O)768",2
62005,0,151,geode,"(O)386",2
62005,0,151,monster,"Mummy",2
62005,0,151,node,"Amethyst node",1
62005,0,151,node,"Copper node",5
62005,0,151,node,"Emerald node",1
62005,0,151,node,"Iridium node",1
62005,0,151,node,"Iron node",1
62005,0,151,stone,"",56
62005,0,152,container,"",2
62005,0,152,drop,"(O)380",5
62005,0,152,drop,"(O)382",4
62005,0,152,drop,"(O)384",2
62005,0,152,drop,"(O)386",1
62005,0,152,drop,"(O)390",30
62005,0,152,drop,"(O)537",2
62005,0,152,drop,"(O)749",2
62005,0,152,drop,"(O)80",1
62005,0,152,drop,"(O)82",1
62005,0,152,geode,"(O)384",3
62005,0,152,geode,"(O)386",1
62005,0,152,geode,"(O)390",3
62005,0,152,geode,"(O)82",1
62005,0,152,loose,"(O)80",1
62005,0,152,loose,"(O)82",1
62005,0,152,node,"Iridium node",1
62005,0,152,node,"Iron node",3
62005,0,152,stone,"",71
62005,0,153,container,"",2
62005,0,153,drop,"(O)378",2
62005,0,153,drop,"(O)380",7
62005,0,153,drop,"(O)382",4
62005,0,153,drop,"(O)384",4
62005,0,153,drop,"(O)390",54
62005,0,153,drop,"(O)749",2
62005,0,153,drop,"(O)768",1
62005,0,153,drop,"(O)93",1
62005,0,153,geode,"(O)539",1
62005,0,153,geode,"(O)560",1
62005,0,153,loose,"(O)93",1
62005,0,153,monster,"Mummy",1
62005,0,153,node,"Copper node",1
62005,0,153,node,"Gold node",1
62005,0,153,node,"Iron node",3
62005,0,153,stone,"",86
62005,0,154,drop,"(O)378",3
62005,0,154,drop,"(O)380",10
62005,0,154,drop,"(O)382",2
62005,0,154,drop,"(O)384",7
62005,0,154,drop,"(O)386",3
62005,0,154,drop,"(O)390",43
62005,0,154,drop,"(O)66",1
62005,0,154,drop,"(O)684",2
62005,0,154,drop,"(O)749",1
62005,0,154,drop,"(O)766",11
62005,0,154,drop,"(O)769",6
62005,0,154,drop,"(O)92",1
62005,0,154,drop,"(O)93",2
62005,0,154,geode,"(O)575",1
62005,0,154,loose,"(O)93",2
62005,0,154,monster,"Big Slime",3
62005,0,154,monster,"Bug",2
62005,0,154,monster,"Serpent",5
62005,0,154,monster,"Sludge",3
62005,0,154,node,"Amethyst node",1
62005,0,154,node,"Copper node",1
62005,0,154,node,"Gold node",3
62005,0,154,node,"Iridium node",1
62005,0,154,node,"Iron node",4
62005,0,154,stone,"",81
62005,0,155,drop,"(O)378",1
62005,0,155,drop,"(O)380",3
62005,0,155,drop,"(O)382",6
62005,0,155,drop,"(O)384",2
62005,0,155,drop,"(O)386",3
62005,0,155,drop,"(O)390",53
62005,0,155,drop,"(O)428",1
62005,0,155,drop,"(O)749",1
62005,0,155,drop,"(O)768",4
62005,0,155,geode,"(O)386",2
62005,0,155,monster,"Mummy",4
62005,0,155,node,"Copper node",1
62005,0,155,node,"Iridium node",1
62005,0,155,node,"Iron node",2
62005,0,155,stone,"",96
62005,0,156,container,"",5
62005,0,156,drop,"(O)287",1
62005,0,156,drop,"(O)378",10
62005,0,156,drop,"(O)382",2
62005,0,156,drop,"(O)384",10
62005,0,156,drop,"(O)388",5
62005,0,156,drop,"(O)390",22
62005,0,156,drop,"(O)60",1
62005,0,156,drop,"(O)66",1
62005,0,156,drop,"(O)749",2
62005,0,156,drop,"(O)766",5
62005,0,156,drop,"(O)769",1
62005,0,156,drop,"(O)80",1
62005,0,156,drop,"(O)92",1
62005,0,156,geode,"(O)548",1
62005,0,156,geode,"(O)570",1
62005,0,156,loose,"(O)80",1
62005,0,156,monster,"Big Slime",2
62005,0,156,monster,"Serpent",1
62005,0,156,monster,"Sludge",1
62005,0,156,node,"Amethyst node",1
62005,0,156,node,"Copper node",4
62005,0,156,node,"Gold node",4
62005,0,156,stone,"",45
62005,0,157,container,"",2
62005,0,157,drop,"(O)380",6
62005,0,157,drop,"(O)382",2
62005,0,157,drop,"(O)384",4
62005,0,157,drop,"(O)386",3
62005,0,157,drop,"(O)390",34
62005,0,157,drop,"(O)74",1
62005,0,157,drop,"(O)80",1
62005,0,157,drop,"(O)82",1
62005,0,157,drop,"(O)86",1
62005,0,157,drop,"(O)881",5
62005,0,157,loose,"(O)80",1
62005,0,157,loose,"(O)82",1
62005,0,157,loose,"(O)86",1
62005,0,157,node,"Gold node",2
62005,0,157,node,"Iridium node",1
62005,0,157,node,"Iron node",1
62005,0,157,stone,"",47
62005,0,158,container,"",3
62005,0,158,drop,"(O)378",6
62005,0,158,drop,"(O)380",4
62005,0,158,drop,"(O)382",5
62005,0,158,drop,"(O)384",3
62005,0,158,drop,"(O)390",26
62005,0,158,drop,"(O)64",1
62005,0,158,drop,"(O)749",1
62005,0,158,drop,"(O)768",2
62005,0,158,geode,"(O)378",5
62005,0,158,monster,"Mummy",1
62005,0,158,node,"Copper node",2
62005,0,158,node,"Iron node",2
62005,0,158,stone,"",46
62005,0,159,container,"",1
62005,0,159,drop,"(O)157",1
62005,0,159,drop,"(O)378",5
62005,0,159,drop,"(O)380",2
62005,0,159,drop,"(O)382",3
62005,0,159,drop,"(O)384",12
62005,0,159,drop,"(O)390",19
62005,0,159,drop,"(O)64",1
62005,0,159,drop,"(O)684",2
62005,0,159,drop,"(O)70",1
62005,0,159,drop,"(O)749",1
62005,0,159,drop,"(O)769",1
62005,0,159,drop,"(O)80",1
62005,0,159,drop,"(O)93",2
62005,0,159,geode,"(O)560",1
62005,0,159,loose,"(O)80",1
62005,0,159,loose,"(O)93",2
62005,0,159,monster,"Bug",2
62005,0,159,monster,"Serpent",1
62005,0,159,node,"Copper node",2
62005,0,159,node,"Gold node",4
62005,0,159,node,"Iron node",1
62005,0,159,node,"Jade node",1
62005,0,159,node,"Ruby node",1
62005,0,159,stone,"",56
62005,0,160,container,"",1
62005,0,160,drop,"(O)378",5
62005,0,160,drop,"(O)380",7
62005,0,160,drop,"(O)382",1
62005,0,160,drop,"(O)384",1
62005,0,160,drop,"(O)390",46
62005,0,160,drop,"(O)749",1
62005,0,160,drop,"(O)767",16
62005,0,160,geode,"(O)386",3
62005,0,160,monster,"Lava Bat",9
62005,0,160,node,"Copper node",3
62005,0,160,node,"Iron node",3
62005,0,160,stone,"",78
62005,1,121,container,"",10
62005,1,121,drop,"(O)382",4
62005,1,121,drop,"(O)384",9
62005,1,121,drop,"(O)388",5
62005,1,121,drop,"(O)390",29
62005,1,121,drop,"(O)64",1
62005,1,121,drop,"(O)684",1
62005,1,121,drop,"(O)749",2
62005,1,121,drop,"(O)766",11
62005,1,121,drop,"(O)769",1
62005,1,121,drop,"(O)881",2
62005,1,121,drop,"(O)93",2
62005,1,121,geode,"(O)330",1
62005,1,121,geode,"(O)378",20
62005,1,121,loose,"(O)93",2
62005,1,121,monster,"Big Slime",5
62005,1,121,monster,"Bug",1
62005,1,121,monster,"Serpent",1
62005,1,121,node,"Gold node",6
62005,1,121,stone,"",58
62005,1,122,container,"",3
62005,1,122,drop,"(O)380",5
62005,1,122,drop,"(O)382",1
62005,1,122,drop,"(O)384",11
62005,1,122,drop,"(O)390",40
62005,1,122,drop,"(O)749",4
62005,1,122,drop,"(O)78",1
62005,1,122,drop,"(O)93",1
62005,1,122,geode,"(O)378",8
62005,1,122,geode,"(O)575",1
62005,1,122,geode,"(O)577",1
62005,1,122,loose,"(O)93",1
62005,1,122,node,"Gold node",4
62005,1,122,stone,"",65
62005,1,123,container,"",5
62005,1,123,drop,"(O)380",1
62005,1,123,drop,"(O)382",6
62005,1,123,drop,"(O)384",2
62005,1,123,drop,"(O)390",29
62005,1,123,drop,"(O)68",1
62005,1,123,drop,"(O)684",3
62005,1,123,drop,"(O)749",3
62005,1,123,drop,"(O)766",5
62005,1,123,drop,"(O)80",1
62005,1,123,drop,"(O)93",5
62005,1,123,geode,"(O)563",1
62005,1,123,geode,"(O)564",1
62005,1,123,geode,"(O)567",1
62005,1,123,loose,"(O)80",1
62005,1,123,loose,"(O)93",5
62005,1,123,monster,"Big Slime",2
62005,1,123,monster,"Bug",3
62005,1,123,node,"Iron node",1
62005,1,123,node,"Topaz node",1
62005,1,123,stone,"",58
62005,1,124,container,"",2
62005,1,124,drop,"(O)338",1
62005,1,124,drop,"(O)382",4
62005,1,124,drop,"(O)384",2
62005,1,124,drop,"(O)386",1
62005,1,124,drop,"(O)390",41
62005,1,124,drop,"(O)428",3
62005,1,124,drop,"(O)749",4
62005,1,124,drop,"(O)768",9
62005,1,124,drop,"(O)CarrotSeeds",3
62005,1,124,geode,"(O)121",1
62005,1,124,geode,"(O)330",1
62005,1,124,geode,"(O)390",3
62005,1,124,geode,"(O)570",1
62005,1,124,monster,"Carbon Ghost",2
62005,1,124,monster,"Mummy",9
62005,1,124,stone,"",61
62005,1,125,drop,"(O)226",1
62005,1,125,drop,"(O)380",2
62005,1,125,drop,"(O)382",7
62005,1,125,drop,"(O)384",5
62005,1,125,drop,"(O)390",47
62005,1,125,drop,"(O)769",1
62005,1,125,drop,"(O)874",1
62005,1,125,drop,"(S)1231",1
62005,1,125,monster,"Bug",1
62005,1,125,monster,"Serpent",1
62005,1,125,node,"Gold node",1
62005,1,125,node,"Iron node",1
62005,1,125,stone,"",75
62005,1,126,drop,"(O)380",2
62005,1,126,drop,"(O)382",2
62005,1,126,drop,"(O)384",1
62005,1,126,drop,"(O)390",22
62005,1,126,drop,"(O)60",1
62005,1,126,drop,"(O)64",1
62005,1,126,drop,"(O)684",1
62005,1,126,drop,"(O)749",1
62005,1,126,drop,"(O)766",3
62005,1,126,geode,"(O)330",1
62005,1,126,monster,"Big Slime",1
62005,1,126,monster,"Bug",2
62005,1,126,node,"Gem node (mixed)",1
62005,1,126,node,"Ruby node",1
62005,1,126,stone,"",38
62005,1,127,drop,"(O)221",1
62005,1,127,drop,"(O)378",2
62005,1,127,drop,"(O)380",2
62005,1,127,drop,"(O)382",5
62005,1,127,drop,"(O)384",6
62005,1,127,drop,"(O)390",25
62005,1,127,drop,"(O)60",1
62005,1,127,drop,"(O)62",1
62005,1,127,drop,"(O)66",1
62005,1,127,drop,"(O)684",2
62005,1,127,drop,"(O)749",2
62005,1,127,drop,"(O)766",5
62005,1,127,drop,"(O)93",3
62005,1,127,geode,"(O)390",5
62005,1,127,geode,"(O)567",1
62005,1,127,loose,"(O)93",3
62005,1,127,monster,"Big Slime",2
62005,1,127,monster,"Bug",3
62005,1,127,monster,"Sludge",1
62005,1,127,node,"Amethyst node",1
62005,1,127,node,"Copper node",1
62005,1,127,node,"Emerald node",1
62005,1,127,node,"Gem node (mixed)",1
62005,1,127,node,"Gold node",4
62005,1,127,node,"Iron node",2
62005,1,127,stone,"",57
62005,1,128,container,"",1
62005,1,128,drop,"(O)378",3
62005,1,128,drop,"(O)382",8
62005,1,128,drop,"(O)384",1
62005,1,128,drop,"(O)390",28
62005,1,128,drop,"(O)66",1
62005,1,128,drop,"(O)749",1
62005,1,128,drop,"(O)768",2
62005,1,128,drop,"(O)93",4
62005,1,128,geode,"(O)541",1
62005,1,128,loose,"(O)93",4
62005,1,128,monster,"Mummy",1
62005,1,128,node,"Amethyst node",1
62005,1,128,stone,"",55
62005,1,129,drop,"(O)378",1
62005,1,129,drop,"(O)382",8
62005,1,129,drop,"(O)384",5
62005,1,129,drop,"(O)390",49
62005,1,129,drop,"(O)684",2
62005,1,129,drop,"(O)749",1
62005,1,129,drop,"(O)766",11
62005,1,129,drop,"(O)769",1
62005,1,129,drop,"(O)80",1
62005,1,129,drop,"(O)874",1
62005,1,129,geode,"(O)390",3
62005,1,129,loose,"(O)80",1
62005,1,129,monster,"Big Slime",4
62005,1,129,monster,"Bug",2
62005,1,129,monster,"Serpent",1
62005,1,129,stone,"",88
62005,1,130,drop,"(O)157",1
62005,1,130,drop,"(O)378",1
62005,1,130,drop,"(O)380",6
62005,1,130,drop,"(O)382",6
62005,1,130,drop,"(O)386",1
62005,1,130,drop,"(O)390",29
62005,1,130,drop,"(O)684",4
62005,1,130,drop,"(O)749",1
62005,1,130,drop,"(O)766",5
62005,1,130,drop,"(O)769",1
62005,1,130,drop,"(O)80",1
62005,1,130,drop,"(O)874",1
62005,1,130,drop,"(O)92",1
62005,1,130,geode,"(O)543",1
62005,1,130,loose,"(O)80",1
62005,1,130,monster,"Big Slime",1
62005,1,130,monster,"Bug",6
62005,1,130,monster,"Serpent",1
62005,1,130,monster,"Sludge",2
62005,1,130,node,"Copper node",1
62005,1,130,node,"Iron node",3
62005,1,130,stone,"",51
62005,1,131,container,"",5
62005,1,131,drop,"(O)380",1
62005,1,131,drop,"(O)382",5
62005,1,131,drop,"(O)384",4
62005,1,131,drop,"(O)390",22
62005,1,131,drop,"(O)60",1
62005,1,131,drop,"(O)688",1
62005,1,131,drop,"(O)749",2
62005,1,131,drop,"(O)80",1
62005,1,131,geode,"(O)390",5
62005,1,131,geode,"(O)563",1
62005,1,131,loose,"(O)80",1
62005,1,131,node,"Iron node",1
62005,1,131,stone,"",37
62005,1,132,container,"",4
62005,1,132,drop,"(O)157",1
62005,1,132,drop,"(O)380",1
62005,1,132,drop,"(O)382",1
62005,1,132,drop,"(O)390",9
62005,1,132,drop,"(O)420",1
62005,1,132,drop,"(O)766",3
62005,1,132,drop,"(O)78",2
62005,1,132,drop,"(O)80",1
62005,1,132,loose,"(O)420",1
62005,1,132,loose,"(O)80",1
62005,1,132,monster,"Big Slime",1
62005,1,132,monster,"Bug",2
62005,1,132,stone,"",21
62005,1,133,container,"",2
62005,1,133,drop,"(O)243",1
62005,1,133,drop,"(O)338",1
62005,1,133,drop,"(O)378",1
62005,1,133,drop,"(O)380",2
62005,1,133,drop,"(O)382",2
62005,1,133,drop,"(O)384",1
62005,1,133,drop,"(O)388",2
62005,1,133,drop,"(O)390",33
62005,1,133,drop,"(O)62",1
62005,1,133,drop,"(O)749",4
62005,1,133,drop,"(O)768",4
62005,1,133,geode,"(O)330",1
62005,1,133,geode,"(O)378",10
62005,1,133,geode,"(O)540",1
62005,1,133,geode,"(O)545",1
62005,1,133,monster,"Carbon Ghost",2
62005,1,133,monster,"Mummy",4
62005,1,133,node,"Aquamarine node",1
62005,1,133,node,"Iron node",1
62005,1,133,stone,"",48
62005,1,134,drop,"(O)378",3
62005,1,134,drop,"(O)382",6
62005,1,134,drop,"(O)384",5
62005,1,134,drop,"(O)390",22
62005,1,134,drop,"(O)749",1
62005,1,134,drop,"(O)93",7
62005,1,134,geode,"(O)330",1
62005,1,134,loose,"(O)93",7
62005,1,134,monster,"Bug",1
62005,1,134,monster,"Sludge",1
62005,1,134,node,"Copper node",1
62005,1,134,node,"Gold node",1
62005,1,134,stone,"",46
62005,1,135,drop,"(O)378",1
62005,1,135,drop,"(O)380",3
62005,1,135,drop,"(O)382",8
62005,1,135,drop,"(O)384",3
62005,1,135,drop,"(O)386",1
62005,1,135,drop,"(O)390",52
62005,1,135,drop,"(O)749",5
62005,1,135,drop,"(O)768",4
62005,1,135,drop,"(O)80",1
62005,1,135,geode,"(O)378",5
62005,1,135,geode,"(O)380",5
62005,1,135,geode,"(O)390",5
62005,1,135,geode,"(O)558",1
62005,1,135,geode,"(O)84",1
62005,1,135,loose,"(O)80",1
62005,1,135,monster,"Carbon Ghost",3
62005,1,135,monster,"Mummy",3
62005,1,135,node,"Copper node",1
62005,1,135,stone,"",89
62005,1,136,drop,"(O)378",1
62005,1,136,drop,"(O)380",5
62005,1,136,drop,"(O)382",7
62005,1,136,drop,"(O)384",1
62005,1,136,drop,"(O)390",41
62005,1,136,drop,"(O)420",1
62005,1,136,drop,"(O)749",2
62005,1,136,drop,"(O)768",1
62005,1,136,geode,"(O)123",1
62005,1,136,geode,"(O)542",1
62005,1,136,loose,"(O)420",1
62005,1,136,monster,"Mummy",1
62005,1,136,node,"Iron node",1
62005,1,136,stone,"",72
62005,1,137,drop,"(O)157",1
62005,1,137,drop,"(O)378",1
62005,1,137,drop,"(O)380",5
62005,1,137,drop,"(O)382",3
62005,1,137,drop,"(O)390",12
62005,1,137,drop,"(O)684",3
62005,1,137,drop,"(O)749",2
62005,1,137,drop,"(O)766",4
62005,1,137,drop,"(O)93",1
62005,1,137,geode,"(O)384",1
62005,1,137,geode,"(O)568",1
62005,1,137,loose,"(O)93",1
62005,1,137,monster,"Big Slime",1
62005,1,137,monster,"Bug",3
62005,1,137,monster,"Sludge",1
62005,1,137,node,"Iron node",1
62005,1,137,stone,"",26
62005,1,138,container,"",2
62005,1,138,drop,"(O)378",2
62005,1,138,drop,"(O)380",3
62005,1,138,drop,"(O)382",11
62005,1,138,drop,"(O)384",4
62005,1,138,drop,"(O)386",1
62005,1,138,drop,"(O)390",81
62005,1,138,drop,"(O)66",1
62005,1,138,drop,"(O)684",1
62005,1,138,drop,"(O)749",3
62005,1,138,drop,"(O)766",11
62005,1,138,geode,"(O)380",5
62005,1,138,geode,"(O)384",3
62005,1,138,geode,"(O)390",1
62005,1,138,monster,"Big Slime",4
62005,1,138,monster,"Bug",1
62005,1,138,monster,"Sludge",1
62005,1,138,node,"Amethyst node",1
62005,1,138,node,"Copper node",1
62005,1,138,node,"Iron node",1
62005,1,138,stone,"",137
62005,1,139,drop,"(O)378",6
62005,1,139,drop,"(O)380",1
62005,1,139,drop,"(O)382",3
62005,1,139,drop,"(O)384",4
62005,1,139,drop,"(O)390",29
62005,1,139,drop,"(O)422",1
62005,1,139,drop,"(O)766",2
62005,1,139,drop,"(O)769",1
62005,1,139,drop,"(O)80",1
62005,1,139,loose,"(O)422",1
62005,1,139,loose,"(O)80",1
62005,1,139,monster,"Big Slime",1
62005,1,139,monster,"Serpent",1
62005,1,139,node,"Copper node",2
62005,1,139,node,"Gold node",1
62005,1,139,stone,"",61
62005,1,140,container,"",12
62005,1,140,drop,"(O)378",6
62005,1,140,drop,"(O)380",9
62005,1,140,drop,"(O)382",7
62005,1,140,drop,"(O)384",4
62005,1,140,drop,"(O)388",6
62005,1,140,drop,"(O)390",54
62005,1,140,drop,"(O)709",3
62005,1,140,drop,"(O)72",1
62005,1,140,drop,"(O)767",3
62005,1,140,drop,"(O)80",1
62005,1,140,drop,"(O)881",4
62005,1,140,drop,"(O)Book_Void",1
62005,1,140,loose,"(O)80",1
62005,1,140,monster,"Lava Bat",2
62005,1,140,node,"Copper node",2
62005,1,140,node,"Diamond node",1
62005,1,140,node,"Iron node",2
62005,1,140,stone,"",107
62005,1,141,drop,"(O)378",3
62005,1,141,drop,"(O)382",3
62005,1,141,drop,"(O)384",3
62005,1,141,drop,"(O)390",28
62005,1,141,drop,"(O)422",1
62005,1,141,drop,"(O)68",1
62005,1,141,drop,"(O)749",3
62005,1,141,drop,"(O)769",1
62005,1,141,geode,"(O)380",3
62005,1,141,geode,"(O)572",1
62005,1,141,geode,"(O)82",1
62005,1,141,loose,"(O)422",1
62005,1,141,monster,"Serpent",1
62005,1,141,node,"Copper node",1
62005,1,141,node,"Topaz node",1
62005,1,141,stone,"",51
62005,1,142,drop,"(O)378",1
62005,1,142,drop,"(O)380",2
62005,1,142,drop,"(O)382",5
62005,1,142,drop,"(O)384",2
62005,1,142,drop,"(O)390",42
62005,1,142,drop,"(O)768",3
62005,1,142,monster,"Mummy",3
62005,1,142,node,"Iron node",1
62005,1,142,stone,"",66
62005,1,143,drop,"(O)378",3
62005,1,143,drop,"(O)380",3
62005,1,143,drop,"(O)382",6
62005,1,143,drop,"(O)384",1
62005,1,143,drop,"(O)390",41
62005,1,143,drop,"(O)62",1
62005,1,143,drop,"(O)684",2
62005,1,143,drop,"(O)749",2
62005,1,143,drop,"(O)766",18
62005,1,143,drop,"(O)769",3
62005,1,143,geode,"(O)380",1
62005,1,143,geode,"(O)566",1
62005,1,143,monster,"Big Slime",7
62005,1,143,monster,"Bug",2
62005,1,143,monster,"Serpent",2
62005,1,143,monster,"Sludge",1
62005,1,143,node,"Aquamarine node",1
62005,1,143,node,"Copper node",2
62005,1,143,node,"Iron node",1
62005,1,143,stone,"",82
62005,1,144,drop,"(O)380",6
62005,1,144,drop,"(O)382",6
62005,1,144,drop,"(O)390",55
62005,1,144,drop,"(O)684",2
62005,1,144,drop,"(O)749",1
62005,1,144,drop,"(O)86",1
62005,1,144,drop,"(O)874",1
62005,1,144,drop,"(O)93",2
62005,1,144,geode,"(O)380",3
62005,1,144,loose,"(O)86",1
62005,1,144,loose,"(O)93",2
62005,1,144,monster,"Bug",3
62005,1,144,node,"Iron node",2
62005,1,144,stone,"",86
62005,1,145,container,"",1
62005,1,145,drop,"(O)287",1
62005,1,145,drop,"(O)378",4
62005,1,145,drop,"(O)382",2
62005,1,145,drop,"(O)384",3
62005,1,145,drop,"(O)390",33
62005,1,145,drop,"(O)537",2
62005,1,145,drop,"(O)62",1
62005,1,145,drop,"(O)684",2
62005,1,145,drop,"(O)749",1
62005,1,145,drop,"(O)766",3
62005,1,145,drop,"(O)769",3
62005,1,145,geode,"(O)539",1
62005,1,145,geode,"(O)553",1
62005,1,145,geode,"(O)562",1
62005,1,145,monster,"Big Slime",1
62005,1,145,monster,"Bug",2
62005,1,145,monster,"Serpent",3
62005,1,145,node,"Aquamarine node",1
62005,1,145,node,"Copper node",2
62005,1,145,stone,"",60
62005,1,146,drop,"(O)378",3
62005,1,146,drop,"(O)380",18
62005,1,146,drop,"(O)382",3
62005,1,146,drop,"(O)384",2
62005,1,146,drop,"(O)390",45
62005,1,146,drop,"(O)749",2
62005,1,146,drop,"(O)768",1
62005,1,146,geode,"(O)122",1
62005,1,146,geode,"(O)378",10
62005,1,146,monster,"Mummy",1
62005,1,146,node,"Copper node",1
62005,1,146,node,"Iron node",8
62005,1,146,stone,"",87
62005,1,147,container,"",3
62005,1,147,drop,"(O)378",2
62005,1,147,drop,"(O)380",3
62005,1,147,drop,"(O)382",4
62005,1,147,drop,"(O)384",1
62005,1,147,drop,"(O)390",38
62005,1,147,drop,"(O)60",1
62005,1,147,drop,"(O)66",1
62005,1,147,drop,"(O)684",1
62005,1,147,drop,"(O)72",1
62005,1,147,drop,"(O)749",1
62005,1,147,drop,"(O)766",6
62005,1,147,drop,"(O)881",4
62005,1,147,drop,"(O)92",2
62005,1,147,drop,"(O)CarrotSeeds",2
62005,1,147,geode,"(O)552",1
62005,1,147,monster,"Big Slime",2
62005,1,147,monster,"Bug",1
62005,1,147,monster,"Sludge",2
62005,1,147,node,"Amethyst node",1
62005,1,147,node,"Copper node",1
62005,1,147,node,"Diamond node",1
62005,1,147,node,"Emerald node",1
62005,1,147,node,"Iron node",1
62005,1,147,stone,"",69
62005,1,148,drop,"(O)378",5
62005,1,148,drop,"(O)380",3
62005,1,148,drop,"(O)382",4
62005,1,148,drop,"(O)384",2
62005,1,148,drop,"(O)386",4
62005,1,148,drop,"(O)390",40
62005,1,148,drop,"(O)70",1
62005,1,148,drop,"(O)769",2
62005,1,148,drop,"(O)93",1
62005,1,148,loose,"(O)93",1
62005,1,148,monster,"Serpent",1
62005,1,148,node,"Copper node",2
62005,1,148,node,"Gold node",1
62005,1,148,node,"Iridium node",2
62005,1,148,node,"Iron node",2
62005,1,148,node,"Jade node",1
62005,1,148,stone,"",68
62005,1,149,container,"",1
62005,1,149,drop,"(O)380",2
62005,1,149,drop,"(O)382",5
62005,1,149,drop,"(O)384",7
62005,1,149,drop,"(O)390",23
62005,1,149,node,"Gold node",2
62005,1,149,node,"Iron node",1
62005,1,149,stone,"",38
62005,1,150,drop,"(O)378",5
62005,1,150,drop,"(O)380",2
62005,1,150,drop,"(O)382",4
62005,1,150,drop,"(O)390",40
62005,1,150,drop,"(O)70",1
62005,1,150,drop,"(O)732",1
62005,1,150,drop,"(O)766",1
62005,1,150,drop,"(O)82",1
62005,1,150,drop,"(O)86",1
62005,1,150,drop,"(O)92",2
62005,1,150,loose,"(O)82",1
62005,1,150,loose,"(O)86",1
62005,1,150,monster,"Bug",2
62005,1,150,monster,"Iridium Crab",1
62005,1,150,monster,"Sludge",2
62005,1,150,node,"Copper node",3
62005,1,150,node,"Iron node",1
62005,1,150,node,"Jade node",1
62005,1,150,stone,"",81
62005,1,151,container,"",7
62005,1,151,drop,"(O)157",1
62005,1,151,drop,"(O)378",3
62005,1,151,drop,"(O)380",15
62005,1,151,drop,"(O)382",12
62005,1,151,drop,"(O)384",6
62005,1,151,drop,"(O)386",2
62005,1,151,drop,"(O)390",80
62005,1,151,drop,"(O)584",1
62005,1,151,drop,"(O)68",1
62005,1,151,drop,"(O)684",1
62005,1,151,drop,"(O)688",2
62005,1,151,drop,"(O)709",1
62005,1,151,drop,"(O)749",2
62005,1,151,drop,"(O)766",5
62005,1,151,drop,"(O)80",1
62005,1,151,drop,"(O)92",1
62005,1,151,geode,"(O)380",1
62005,1,151,geode,"(O)554",1
62005,1,151,loose,"(O)80",1
62005,1,151,monster,"Big Slime",2
62005,1,151,monster,"Bug",1
62005,1,151,monster,"Pepper Rex",1
62005,1,151,monster,"Sludge",1
62005,1,151,node,"Copper node",3
62005,1,151,node,"Iridium node",2
62005,1,151,node,"Iron node",7
62005,1,151,node,"Topaz node",1
62005,1,151,stone,"",125
62005,1,152,container,"",1
62005,1,152,drop,"(O)226",1
62005,1,152,drop,"(O)378",5
62005,1,152,drop,"(O)380",7
62005,1,152,drop,"(O)382",13
62005,1,152,drop,"(O)384",3
62005,1,152,drop,"(O)386",1
62005,1,152,drop,"(O)390",109
62005,1,152,drop,"(O)62",1
62005,1,152,drop,"(O)684",1
62005,1,152,drop,"(O)72",1
62005,1,152,drop,"(O)749",3
62005,1,152,drop,"(O)769",1
62005,1,152,drop,"(O)80",2
62005,1,152,geode,"(O)330",1
62005,1,152,geode,"(O)380",4
62005,1,152,loose,"(O)80",2
62005,1,152,monster,"Bug",1
62005,1,152,monster,"Serpent",1
62005,1,152,node,"Aquamarine node",1
62005,1,152,node,"Copper node",2
62005,1,152,node,"Diamond node",1
62005,1,152,node,"Iridium node",1
62005,1,152,node,"Iron node",3
62005,1,152,stone,"",180
62005,1,153,container,"",1
62005,1,153,drop,"(O)378",2
62005,1,153,drop,"(O)380",2
62005,1,153,drop,"(O)382",5
62005,1,153,drop,"(O)384",1
62005,1,153,drop,"(O)386",2
62005,1,153,drop,"(O)390",10
62005,1,153,drop,"(O)766",4
62005,1,153,drop,"(O)769",1
62005,1,153,monster,"Big Slime",1
62005,1,153,monster,"Iridium Crab",1
62005,1,153,monster,"Serpent",1
62005,1,153,monster,"Sludge",1
62005,1,153,node,"Iron node",1
62005,1,153,stone,"",23
62005,1,154,drop,"(O)378",1
62005,1,154,drop,"(O)380",5
62005,1,154,drop,"(O)382",3
62005,1,154,drop,"(O)384",4
62005,1,154,drop,"(O)386",1
62005,1,154,drop,"(O)390",17
62005,1,154,drop,"(O)420",1
62005,1,154,drop,"(O)684",3
62005,1,154,drop,"(O)732",1
62005,1,154,drop,"(O)766",1
62005,1,154,drop,"(O)769",1
62005,1,154,drop,"(O)80",1
62005,1,154,drop,"(O)874",1
62005,1,154,drop,"(O)92",1
62005,1,154,drop,"(O)93",2
62005,1,154,loose,"(O)420",1
62005,1,154,loose,"(O)80",1
62005,1,154,loose,"(O)93",2
62005,1,154,monster,"Bug",4
62005,1,154,monster,"Iridium Crab",1
62005,1,154,monster,"Serpent",1
62005,1,154,monster,"Sludge",1
62005,1,154,node,"Copper node",1
62005,1,154,node,"Gold node",2
62005,1,154,node,"Iron node",2
62005,1,154,stone,"",35
62005,1,155,drop,"(O)378",14
62005,1,155,drop,"(O)380",16
62005,1,155,drop,"(O)382",13
62005,1,155,drop,"(O)384",12
62005,1,155,drop,"(O)386",5
62005,1,155,drop,"(O)390",103
62005,1,155,drop,"(O)60",1
62005,1,155,drop,"(O)64",1
62005,1,155,drop,"(O)684",1
62005,1,155,drop,"(O)749",6
62005,1,155,drop,"(O)766",1
62005,1,155,drop,"(O)84",1
62005,1,155,geode,"(O)378",5
62005,1,155,geode,"(O)390",1
62005,1,155,geode,"(O)545",1
62005,1,155,geode,"(O)561",1
62005,1,155,geode,"(O)568",1
62005,1,155,geode,"(O)578",1
62005,1,155,loose,"(O)84",1
62005,1,155,monster,"Bug",1
62005,1,155,monster,"Sludge",1
62005,1,155,node,"Copper node",7
62005,1,155,node,"Emerald node",1
62005,1,155,node,"Gold node",2
62005,1,155,node,"Iridium node",2
62005,1,155,node,"Iron node",6
62005,1,155,node,"Ruby node",1
62005,1,155,stone,"",202
62005,1,156,drop,"(O)287",1
62005,1,156,drop,"(O)378",9
62005,1,156,drop,"(O)380",8
62005,1,156,drop,"(O)382",8
62005,1,156,drop,"(O)384",6
62005,1,156,drop,"(O)386",3
62005,1,156,drop,"(O)390",77
62005,1,156,drop,"(O)60",1
62005,1,156,drop,"(O)68",1
62005,1,156,drop,"(O)684",1
62005,1,156,drop,"(O)732",1
62005,1,156,drop,"(O)749",5
62005,1,156,drop,"(O)766",11
62005,1,156,drop,"(O)769",1
62005,1,156,drop,"(O)92",1
62005,1,156,geode,"(O)378",3
62005,1,156,geode,"(O)554",1
62005,1,156,geode,"(O)566",1
62005,1,156,geode,"(O)570",1
62005,1,156,geode,"(O)572",1
62005,1,156,monster,"Big Slime",4
62005,1,156,monster,"Bug",1
62005,1,156,monster,"Iridium Crab",1
62005,1,156,monster,"Serpent",1
62005,1,156,monster,"Sludge",1
62005,1,156,node,"Copper node",3
62005,1,156,node,"Emerald node",1
62005,1,156,node,"Iron node",3
62005,1,156,node,"Topaz node",1
62005,1,156,stone,"",149
62005,1,157,drop,"(O)378",3
62005,1,157,drop,"(O)380",4
62005,1,157,drop,"(O)384",1
62005,1,157,drop,"(O)386",2
62005,1,157,drop,"(O)390",23
62005,1,157,drop,"(O)583",1
62005,1,157,drop,"(O)684",4
62005,1,157,drop,"(O)732",1
62005,1,157,drop,"(O)766",5
62005,1,157,drop,"(O)769",3
62005,1,157,drop,"(O)80",1
62005,1,157,drop,"(O)93",1
62005,1,157,loose,"(O)80",1
62005,1,157,loose,"(O)93",1
62005,1,157,monster,"Big Slime",1
62005,1,157,monster,"Bug",4
62005,1,157,monster,"Iridium Crab",1
62005,1,157,monster,"Pepper Rex",1
62005,1,157,monster,"Serpent",2
62005,1,157,monster,"Sludge",2
62005,1,157,node,"Copper node",2
62005,1,157,node,"Iron node",2
62005,1,157,stone,"",44
62005,1,158,drop,"(O)107",1
62005,1,158,drop,"(O)259",1
62005,1,158,drop,"(O)384",8
62005,1,158,drop,"(O)386",6
62005,1,158,drop,"(O)390",1
62005,1,158,drop,"(O)580",3
62005,1,158,drop,"(O)583",3
62005,1,158,drop,"(O)584",3
62005,1,158,drop,"(O)768",1
62005,1,158,drop,"(O)93",4
62005,1,158,loose,"(O)107",1
62005,1,158,loose,"(O)259",1
62005,1,158,loose,"(O)93",4
62005,1,158,monster,"Iridium Bat",4
62005,1,158,monster,"Pepper Rex",9
62005,1,158,node,"Gold node",5
62005,1,158,stone,"",6
62005,1,159,container,"",2
62005,1,159,drop,"(O)378",2
62005,1,159,drop,"(O)380",3
62005,1,159,drop,"(O)382",1
62005,1,159,drop,"(O)384",3
62005,1,159,drop,"(O)390",11
62005,1,159,drop,"(O)684",1
62005,1,159,drop,"(O)766",1
62005,1,159,drop,"(O)78",2
62005,1,159,monster,"Big Slime",1
62005,1,159,monster,"Bug",1
62005,1,159,node,"Copper node",1
62005,1,159,node,"Gold node",1
62005,1,159,node,"Iron node",2
62005,1,159,stone,"",26
62005,1,160,drop,"(O)378",6
62005,1,160,drop,"(O)380",7
62005,1,160,drop,"(O)382",3
62005,1,160,drop,"(O)384",3
62005,1,160,drop,"(O)386",4
62005,1,160,drop,"(O)390",20
62005,1,160,drop,"(O)684",3
62005,1,160,drop,"(O)767",19
62005,1,160,drop,"(O)80",1
62005,1,160,drop,"(O)82",1
62005,1,160,loose,"(O)80",1
62005,1,160,loose,"(O)82",1
62005,1,160,monster,"Bug",3
62005,1,160,monster,"Lava Bat",12
62005,1,160,node,"Copper node",2
62005,1,160,node,"Iridium node",2
62005,1,160,node,"Iron node",3
62005,1,160,stone,"",48
62005,2,121,drop,"(O)382",1
62005,2,121,drop,"(O)390",21
62005,2,121,drop,"(O)80",1
62005,2,121,drop,"(O)84",1
62005,2,121,drop,"(O)92",1
62005,2,121,loose,"(O)80",1
62005,2,121,loose,"(O)84",1
62005,2,121,monster,"Sludge",1
62005,2,121,stone,"",24
62005,2,122,container,"",2
62005,2,122,drop,"(O)378",4
62005,2,122,drop,"(O)380",5
62005,2,122,drop,"(O)382",8
62005,2,122,drop,"(O)384",4
62005,2,122,drop,"(O)390",79
62005,2,122,drop,"(O)62",1
62005,2,122,drop,"(O)64",1
62005,2,122,drop,"(O)66",1
62005,2,122,drop,"(O)684",1
62005,2,122,drop,"(O)688",1
62005,2,122,drop,"(O)749",4
62005,2,122,drop,"(O)80",2
62005,2,122,geode,"(O)330",1
62005,2,122,geode,"(O)539",1
62005,2,122,geode,"(O)549",1
62005,2,122,geode,"(O)563",1
62005,2,122,loose,"(O)80",2
62005,2,122,monster,"Bug",1
62005,2,122,node,"Amethyst node",1
62005,2,122,node,"Aquamarine node",1
62005,2,122,node,"Copper node",2
62005,2,122,node,"Iron node",1
62005,2,122,node,"Ruby node",1
62005,2,122,stone,"",130
62005,2,123,container,"",2
62005,2,123,drop,"(O)378",2
62005,2,123,drop,"(O)380",5
62005,2,123,drop,"(O)382",1
62005,2,123,drop,"(O)384",8
62005,2,123,drop,"(O)390",17
62005,2,123,drop,"(O)749",1
62005,2,123,drop,"(O)766",1
62005,2,123,drop,"(O)92",1
62005,2,123,geode,"(O)380",5
62005,2,123,monster,"Sludge",1
62005,2,123,node,"Copper node",1
62005,2,123,node,"Gold node",3
62005,2,123,node,"Iron node",1
62005,2,123,stone,"",31
62005,2,124,drop,"(O)378",2
62005,2,124,drop,"(O)382",3
62005,2,124,drop,"(O)384",5
62005,2,124,drop,"(O)390",22
62005,2,124,drop,"(O)766",5
62005,2,124,drop,"(O)80",1
62005,2,124,loose,"(O)80",1
62005,2,124,monster,"Big Slime",2
62005,2,124,node,"Copper node",1
62005,2,124,node,"Gold node",2
62005,2,124,stone,"",52
62005,2,125,container,"",13
62005,2,125,drop,"(O)378",4
62005,2,125,drop,"(O)380",1
62005,2,125,drop,"(O)382",11
62005,2,125,drop,"(O)384",7
62005,2,125,drop,"(O)390",80
62005,2,125,drop,"(O)68",1
62005,2,125,drop,"(O)684",2
62005,2,125,drop,"(O)70",3
62005,2,125,drop,"(O)749",3
62005,2,125,drop,"(O)766",7
62005,2,125,drop,"(O)769",2
62005,2,125,drop,"(O)78",2
62005,2,125,drop,"(O)80",2
62005,2,125,drop,"(O)92",1
62005,2,125,geode,"(O)541",1
62005,2,125,geode,"(O)82",2
62005,2,125,loose,"(O)80",2
62005,2,125,monster,"Big Slime",3
62005,2,125,monster,"Bug",3
62005,2,125,monster,"Serpent",2
62005,2,125,monster,"Sludge",1
62005,2,125,node,"Iron node",1
62005,2,125,node,"Jade node",3
62005,2,125,node,"Topaz node",1
62005,2,125,stone,"",128
62005,2,126,container,"",3
62005,2,126,drop,"(O)380",3
62005,2,126,drop,"(O)382",4
62005,2,126,drop,"(O)384",4
62005,2,126,drop,"(O)390",31
62005,2,126,drop,"(O)766",3
62005,2,126,drop,"(O)93",1
62005,2,126,loose,"(O)93",1
62005,2,126,monster,"Big Slime",1
62005,2,126,node,"Iron node",1
62005,2,126,stone,"",56
62005,2,127,container,"",4
62005,2,127,drop,"(O)378",4
62005,2,127,drop,"(O)380",4
62005,2,127,drop,"(O)382",7
62005,2,127,drop,"(O)384",4
62005,2,127,drop,"(O)388",4
62005,2,127,drop,"(O)390",62
62005,2,127,drop,"(O)537",2
62005,2,127,drop,"(O)60",1
62005,2,127,drop,"(O)62",1
62005,2,127,drop,"(O)66",1
62005,2,127,drop,"(O)749",4
62005,2,127,drop,"(O)766",2
62005,2,127,drop,"(O)93",1
62005,2,127,geode,"(O)378",1
62005,2,127,geode,"(O)380",2
62005,2,127,geode,"(O)382",3
62005,2,127,geode,"(O)390",5
62005,2,127,geode,"(O)568",1
62005,2,127,loose,"(O)93",1
62005,2,127,monster,"Big Slime",1
62005,2,127,node,"Aquamarine node",1
62005,2,127,node,"Copper node",2
62005,2,127,node,"Gem node (mixed)",1
62005,2,127,node,"Gold node",1
62005,2,127,node,"Iron node",1
62005,2,127,stone,"",106
62005,2,128,container,"",3
62005,2,128,drop,"(O)243",1
62005,2,128,drop,"(O)378",3
62005,2,128,drop,"(O)380",5
62005,2,128,drop,"(O)382",3
62005,2,128,drop,"(O)384",7
62005,2,128,drop,"(O)390",36
62005,2,128,drop,"(O)428",1
62005,2,128,drop,"(O)64",1
62005,2,128,drop,"(O)749",3
62005,2,128,drop,"(O)768",3
62005,2,128,drop,"(O)80",2
62005,2,128,geode,"(O)386",2
62005,2,128,geode,"(O)390",3
62005,2,128,geode,"(O)562",1
62005,2,128,loose,"(O)80",2
62005,2,128,monster,"Carbon Ghost",1
62005,2,128,monster,"Mummy",3
62005,2,128,node,"Copper node",2
62005,2,128,node,"Iron node",1
62005,2,128,node,"Ruby node",1
62005,2,128,stone,"",71
62005,2,129,drop,"(O)243",1
62005,2,129,drop,"(O)338",1
62005,2,129,drop,"(O)378",4
62005,2,129,drop,"(O)382",8
62005,2,129,drop,"(O)384",10
62005,2,129,drop,"(O)390",52
62005,2,129,drop,"(O)428",2
62005,2,129,drop,"(O)68",1
62005,2,129,drop,"(O)749",4
62005,2,129,drop,"(O)768",4
62005,2,129,drop,"(O)80",1
62005,2,129,geode,"(O)378",1
62005,2,129,geode,"(O)541",1
62005,2,129,geode,"(O)560",1
62005,2,129,geode,"(O)567",1
62005,2,129,loose,"(O)80",1
62005,2,129,monster,"Carbon Ghost",2
62005,2,129,monster,"Mummy",4
62005,2,129,node,"Copper node",2
62005,2,129,node,"Gold node",4
62005,2,129,node,"Topaz node",1
62005,2,129,stone,"",94
62005,2,130,drop,"(O)378",1
62005,2,130,drop,"(O)380",4
62005,2,130,drop,"(O)382",5
62005,2,130,drop,"(O)384",1
62005,2,130,drop,"(O)390",52
62005,2,130,drop,"(O)428",1
62005,2,130,drop,"(O)749",1
62005,2,130,drop,"(O)768",6
62005,2,130,geode,"(O)330",1
62005,2,130,monster,"Mummy",4
62005,2,130,node,"Iron node",2
62005,2,130,stone,"",88
62005,2,131,drop,"(O)287",1
62005,2,131,drop,"(O)382",5
62005,2,131,drop,"(O)384",1
62005,2,131,drop,"(O)390",31
62005,2,131,drop,"(O)749",4
62005,2,131,drop,"(O)769",1
62005,2,131,geode,"(O)390",8
62005,2,131,geode,"(O)569",1
62005,2,131,geode,"(O)573",1
62005,2,131,monster,"Serpent",1
62005,2,131,stone,"",57
62005,2,132,drop,"(O)380",1
62005,2,132,drop,"(O)382",2
62005,2,132,drop,"(O)384",5
62005,2,132,drop,"(O)390",35
62005,2,132,drop,"(O)72",1
62005,2,132,drop,"(O)749",4
62005,2,132,drop,"(O)766",4
62005,2,132,drop,"(O)80",1
62005,2,132,drop,"(O)92",1
62005,2,132,geode,"(O)541",1
62005,2,132,geode,"(O)567",1
62005,2,132,geode,"(O)568",1
62005,2,132,geode,"(O)569",1
62005,2,132,loose,"(O)80",1
62005,2,132,monster,"Big Slime",1
62005,2,132,monster,"Sludge",2
62005,2,132,node,"Gold node",2
62005,2,132,node,"Iron node",1
62005,2,132,stone,"",63
62005,2,133,container,"",2
62005,2,133,drop,"(O)382",5
62005,2,133,drop,"(O)384",8
62005,2,133,drop,"(O)390",35
62005,2,133,drop,"(O)422",1
62005,2,133,drop,"(O)684",1
62005,2,133,drop,"(O)766",3
62005,2,133,drop,"(O)769",3
62005,2,133,loose,"(O)422",1
62005,2,133,monster,"Big Slime",2
62005,2,133,monster,"Bug",1
62005,2,133,monster,"Serpent",3
62005,2,133,node,"Gold node",2
62005,2,133,stone,"",58
62005,2,134,drop,"(O)380",2
62005,2,134,drop,"(O)382",3
62005,2,134,drop,"(O)384",6
62005,2,134,drop,"(O)390",21
62005,2,134,drop,"(O)684",2
62005,2,134,drop,"(O)766",2
62005,2,134,drop,"(O)86",1
62005,2,134,drop,"(O)93",3
62005,2,134,loose,"(O)86",1
62005,2,134,loose,"(O)93",3
62005,2,134,monster,"Big Slime",1
62005,2,134,monster,"Bug",3
62005,2,134,node,"Gold node",2
62005,2,134,node,"Iron node",1
62005,2,134,stone,"",36
62005,2,135,drop,"(O)380",3
62005,2,135,drop,"(O)382",2
62005,2,135,drop,"(O)390",25
62005,2,135,drop,"(O)749",1
62005,2,135,geode,"(O)576",1
62005,2,135,node,"Iron node",1
62005,2,135,stone,"",46
62005,2,136,drop,"(O)380",3
62005,2,136,drop,"(O)382",2
62005,2,136,drop,"(O)384",3
62005,2,136,drop,"(O)390",16
62005,2,136,drop,"(O)68",1
62005,2,136,drop,"(O)684",1
62005,2,136,drop,"(O)93",1
62005,2,136,loose,"(O)93",1
62005,2,136,monster,"Bug",1
62005,2,136,node,"Gold node",1
62005,2,136,node,"Iron node",1
62005,2,136,node,"Topaz node",1
62005,2,136,stone,"",25
62005,2,137,drop,"(O)380",3
62005,2,137,drop,"(O)382",3
62005,2,137,drop,"(O)384",5
62005,2,137,drop,"(O)390",34
62005,2,137,drop,"(O)684",1
62005,2,137,drop,"(O)749",4
62005,2,137,drop,"(O)80",1
62005,2,137,geode,"(O)380",1
62005,2,137,geode,"(O)384",3
62005,2,137,geode,"(O)567",1
62005,2,137,geode,"(O)570",1
62005,2,137,loose,"(O)80",1
62005,2,137,monster,"Bug",2
62005,2,137,node,"Gold node",1
62005,2,137,node,"Iron node",1
62005,2,137,stone,"",68
62005,2,138,drop,"(O)287",1
62005,2,138,drop,"(O)378",8
62005,2,138,drop,"(O)380",8
62005,2,138,drop,"(O)382",13
62005,2,138,drop,"(O)384",4
62005,2,138,drop,"(O)390",89
62005,2,138,drop,"(O)72",1
62005,2,138,drop,"(O)749",5
62005,2,138,drop,"(O)766",4
62005,2,138,drop,"(O)769",1
62005,2,138,geode,"(O)123",1
62005,2,138,geode,"(O)390",6
62005,2,138,geode,"(O)549",1
62005,2,138,geode,"(O)576",1
62005,2,138,monster,"Big Slime",1
62005,2,138,monster,"Serpent",1
62005,2,138,monster,"Sludge",1
62005,2,138,node,"Copper node",4
62005,2,138,node,"Diamond node",1
62005,2,138,node,"Gold node",1
62005,2,138,node,"Iron node",4
62005,2,138,stone,"",147
62005,2,139,container,"",3
62005,2,139,drop,"(O)378",2
62005,2,139,drop,"(O)380",2
62005,2,139,drop,"(O)382",8
62005,2,139,drop,"(O)384",8
62005,2,139,drop,"(O)386",3
62005,2,139,drop,"(O)388",4
62005,2,139,drop,"(O)390",45
62005,2,139,drop,"(O)62",1
62005,2,139,drop,"(O)749",3
62005,2,139,drop,"(O)766",3
62005,2,139,geode,"(O)378",1
62005,2,139,geode,"(O)544",1
62005,2,139,geode,"(O)550",1
62005,2,139,monster,"Big Slime",1
62005,2,139,node,"Aquamarine node",1
62005,2,139,node,"Copper node",1
62005,2,139,node,"Mystic stone",1
62005,2,139,stone,"",75
62005,2,140,drop,"(O)380",1
62005,2,140,drop,"(O)382",7
62005,2,140,drop,"(O)384",5
62005,2,140,drop,"(O)390",63
62005,2,140,drop,"(O)64",1
62005,2,140,drop,"(O)684",1
62005,2,140,drop,"(O)749",1
62005,2,140,drop,"(O)766",1
62005,2,140,drop,"(O)767",4
62005,2,140,drop,"(O)86",1
62005,2,140,drop,"(O)874",1
62005,2,140,drop,"(O)98",1
62005,2,140,geode,"(O)384",1
62005,2,140,loose,"(O)86",1
62005,2,140,monster,"Bug",1
62005,2,140,monster,"Lava Bat",2
62005,2,140,monster,"Sludge",1
62005,2,140,node,"Ruby node",1
62005,2,140,stone,"",99
62005,2,141,container,"",3
62005,2,141,drop,"(O)378",1
62005,2,141,drop,"(O)382",3
62005,2,141,drop,"(O)384",5
62005,2,141,drop,"(O)388",4
62005,2,141,drop,"(O)390",27
62005,2,141,drop,"(O)428",3
62005,2,141,drop,"(O)749",3
62005,2,141,drop,"(O)768",4
62005,2,141,drop,"(O)80",2
62005,2,141,geode,"(O)382",10
62005,2,141,geode,"(O)384",3
62005,2,141,geode,"(O)538",1
62005,2,141,loose,"(O)80",2
62005,2,141,monster,"Carbon Ghost",3
62005,2,141,monster,"Mummy",4
62005,2,141,node,"Gold node",1
62005,2,141,stone,"",47
62005,2,142,drop,"(O)287",1
62005,2,142,drop,"(O)378",6
62005,2,142,drop,"(O)380",3
62005,2,142,drop,"(O)382",5
62005,2,142,drop,"(O)384",5
62005,2,142,drop,"(O)386",1
62005,2,142,drop,"(O)390",37
62005,2,142,drop,"(O)60",1
62005,2,142,drop,"(O)684",1
62005,2,142,drop,"(O)749",2
62005,2,142,drop,"(O)766",4
62005,2,142,drop,"(O)769",1
62005,2,142,drop,"(O)93",1
62005,2,142,geode,"(O)390",3
62005,2,142,geode,"(O)568",1
62005,2,142,loose,"(O)93",1
62005,2,142,monster,"Big Slime",2
62005,2,142,monster,"Bug",1
62005,2,142,monster,"Serpent",1
62005,2,142,node,"Copper node",4
62005,2,142,node,"Emerald node",1
62005,2,142,node,"Gold node",1
62005,2,142,node,"Iridium node",1
62005,2,142,node,"Iron node",2
62005,2,142,stone,"",82
62005,2,143,drop,"(O)259",1
62005,2,143,drop,"(O)384",2
62005,2,143,drop,"(O)390",2
62005,2,143,drop,"(O)580",1
62005,2,143,drop,"(O)583",1
62005,2,143,drop,"(O)584",1
62005,2,143,drop,"(O)684",3
62005,2,143,drop,"(O)93",1
62005,2,143,loose,"(O)259",1
62005,2,143,loose,"(O)93",1
62005,2,143,monster,"Fly",3
62005,2,143,monster,"Pepper Rex",3
62005,2,143,node,"Gold node",1
62005,2,143,stone,"",2
62005,2,144,drop,"(O)378",1
62005,2,144,drop,"(O)380",8
62005,2,144,drop,"(O)382",4
62005,2,144,drop,"(O)384",1
62005,2,144,drop,"(O)390",39
62005,2,144,drop,"(O)749",4
62005,2,144,drop,"(O)768",1
62005,2,144,drop,"(O)93",2
62005,2,144,geode,"(O)541",1
62005,2,144,geode,"(O)548",1
62005,2,144,geode,"(O)569",1
62005,2,144,geode,"(O)86",1
62005,2,144,loose,"(O)93",2
62005,2,144,monster,"Carbon Ghost",2
62005,2,144,monster,"Mummy",1
62005,2,144,node,"Copper node",1
62005,2,144,node,"Iron node",4
62005,2,144,stone,"",86
62005,2,145,drop,"(O)382",5
62005,2,145,drop,"(O)386",2
62005,2,145,drop,"(O)390",28
62005,2,145,drop,"(O)422",1
62005,2,145,drop,"(O)684",1
62005,2,145,drop,"(O)749",2
62005,2,145,drop,"(O)766",4
62005,2,145,drop,"(O)769",2
62005,2,145,drop,"(O)84",1
62005,2,145,drop,"(O)92",2
62005,2,145,geode,"(O)82",2
62005,2,145,loose,"(O)422",1
62005,2,145,loose,"(O)84",1
62005,2,145,monster,"Big Slime",1
62005,2,145,monster,"Bug",2
62005,2,145,monster,"Serpent",1
62005,2,145,monster,"Sludge",2
62005,2,145,stone,"",42
62005,2,146,container,"",4
62005,2,146,drop,"(O)378",2
62005,2,146,drop,"(O)382",6
62005,2,146,drop,"(O)384",6
62005,2,146,drop,"(O)390",33
62005,2,146,drop,"(O)766",6
62005,2,146,drop,"(O)78",2
62005,2,146,monster,"Big Slime",2
62005,2,146,node,"Copper node",1
62005,2,146,stone,"",60
62005,2,147,drop,"(O)382",2
62005,2,147,drop,"(O)384",2
62005,2,147,drop,"(O)390",27
62005,2,147,drop,"(O)64",1
62005,2,147,drop,"(O)684",1
62005,2,147,drop,"(O)749",2
62005,2,147,drop,"(O)766",2
62005,2,147,geode,"(O)386",3
62005,2,147,geode,"(O)84",1
62005,2,147,monster,"Big Slime",1
62005,2,147,monster,"Bug",3
62005,2,147,node,"Ruby node",1
62005,2,147,stone,"",45
62005,2,148,drop,"(O)378",8
62005,2,148,drop,"(O)380",2
62005,2,148,drop,"(O)382",10
62005,2,148,drop,"(O)384",7
62005,2,148,drop,"(O)386",2
62005,2,148,drop,"(O)390",73
62005,2,148,drop,"(O)580",1
62005,2,148,drop,"(O)584",1
62005,2,148,drop,"(O)684",2
62005,2,148,drop,"(O)732",1
62005,2,148,drop,"(O)749",2
62005,2,148,drop,"(O)766",8
62005,2,148,drop,"(O)769",4
62005,2,148,geode,"(O)549",1
62005,2,148,geode,"(O)571",1
62005,2,148,monster,"Big Slime",3
62005,2,148,monster,"Bug",2
62005,2,148,monster,"Iridium Crab",1
62005,2,148,monster,"Pepper Rex",2
62005,2,148,monster,"Serpent",3
62005,2,148,node,"Copper node",4
62005,2,148,stone,"",129
62005,2,149,drop,"(O)380",5
62005,2,149,drop,"(O)382",2
62005,2,149,drop,"(O)384",4
62005,2,149,drop,"(O)390",13
62005,2,149,drop,"(O)82",1
62005,2,149,loose,"(O)82",1
62005,2,149,node,"Gold node",2
62005,2,149,node,"Iron node",2
62005,2,149,stone,"",27
62005,2,150,container,"",3
62005,2,150,drop,"(O)378",4
62005,2,150,drop,"(O)380",2
62005,2,150,drop,"(O)382",4
62005,2,150,drop,"(O)384",2
62005,2,150,drop,"(O)390",26
62005,2,150,drop,"(O)537",2
62005,2,150,drop,"(O)60",2
62005,2,150,drop,"(O)749",2
62005,2,150,drop,"(O)768",2
62005,2,150,drop,"(O)78",1
62005,2,150,geode,"(O)390",5
62005,2,150,geode,"(O)540",1
62005,2,150,geode,"(O)562",1
62005,2,150,geode,"(O)575",1
62005,2,150,monster,"Mummy",1
62005,2,150,node,"Copper node",2
62005,2,150,node,"Emerald node",1
62005,2,150,node,"Iron node",2
62005,2,150,stone,"",50
62005,2,151,drop,"(O)378",5
62005,2,151,drop,"(O)382",4
62005,2,151,drop,"(O)384",7
62005,2,151,drop,"(O)386",3
62005,2,151,drop,"(O)390",50
62005,2,151,drop,"(O)584",1
62005,2,151,drop,"(O)684",2
62005,2,151,drop,"(O)749",5
62005,2,151,drop,"(O)766",3
62005,2,151,drop,"(O)80",1
62005,2,151,geode,"(O)390",6
62005,2,151,geode,"(O)82",1
62005,2,151,geode,"(O)84",2
62005,2,151,loose,"(O)80",1
62005,2,151,monster,"Big Slime",1
62005,2,151,monster,"Bug",3
62005,2,151,monster,"Pepper Rex",1
62005,2,151,monster,"Sludge",1
62005,2,151,node,"Copper node",2
62005,2,151,node,"Gold node",1
62005,2,151,node,"Iridium node",1
62005,2,151,stone,"",90
62005,2,152,drop,"(O)378",5
62005,2,152,drop,"(O)380",2
62005,2,152,drop,"(O)382",8
62005,2,152,drop,"(O)384",4
62005,2,152,drop,"(O)386",1
62005,2,152,drop,"(O)390",40
62005,2,152,drop,"(O)428",1
62005,2,152,drop,"(O)66",1
62005,2,152,drop,"(O)72",1
62005,2,152,drop,"(O)749",2
62005,2,152,drop,"(O)768",2
62005,2,152,drop,"(O)80",1
62005,2,152,geode,"(O)544",1
62005,2,152,geode,"(O)551",1
62005,2,152,loose,"(O)80",1
62005,2,152,monster,"Mummy",2
62005,2,152,node,"Amethyst node",1
62005,2,152,node,"Copper node",2
62005,2,152,node,"Diamond node",1
62005,2,152,node,"Iridium node",1
62005,2,152,node,"Iron node",1
62005,2,152,stone,"",71
62005,2,153,container,"",3
62005,2,153,drop,"(O)378",3
62005,2,153,drop,"(O)380",5
62005,2,153,drop,"(O)382",2
62005,2,153,drop,"(O)384",3
62005,2,153,drop,"(O)386",2
62005,2,153,drop,"(O)390",25
62005,2,153,drop,"(O)62",1
62005,2,153,drop,"(O)66",1
62005,2,153,drop,"(O)684",1
62005,2,153,drop,"(O)709",1
62005,2,153,drop,"(O)72",1
62005,2,153,drop,"(O)766",5
62005,2,153,drop,"(O)769",1
62005,2,153,drop,"(O)78",2
62005,2,153,drop,"(O)92",1
62005,2,153,monster,"Big Slime",2
62005,2,153,monster,"Bug",1
62005,2,153,monster,"Serpent",1
62005,2,153,monster,"Sludge",2
62005,2,153,node,"Amethyst node",1
62005,2,153,node,"Aquamarine node",1
62005,2,153,node,"Copper node",1
62005,2,153,node,"Gold node",1
62005,2,153,node,"Iron node",2
62005,2,153,stone,"",38
62005,2,154,drop,"(O)378",6
62005,2,154,drop,"(O)380",1
62005,2,154,drop,"(O)382",4
62005,2,154,drop,"(O)384",3
62005,2,154,drop,"(O)386",4
62005,2,154,drop,"(O)390",58
62005,2,154,drop,"(O)62",1
62005,2,154,drop,"(O)684",2
62005,2,154,drop,"(O)749",1
62005,2,154,drop,"(O)766",3
62005,2,154,drop,"(O)80",1
62005,2,154,drop,"(O)92",1
62005,2,154,geode,"(O)566",1
62005,2,154,loose,"(O)80",1
62005,2,154,monster,"Big Slime",1
62005,2,154,monster,"Bug",2
62005,2,154,monster,"Iridium Crab",2
62005,2,154,monster,"Sludge",1
62005,2,154,node,"Aquamarine node",1
62005,2,154,node,"Copper node",2
62005,2,154,node,"Gold node",1
62005,2,154,node,"Iridium node",1
62005,2,154,stone,"",96
62005,2,155,drop,"(O)378",3
62005,2,155,drop,"(O)380",3
62005,2,155,drop,"(O)382",7
62005,2,155,drop,"(O)384",1
62005,2,155,drop,"(O)386",1
62005,2,155,drop,"(O)390",50
62005,2,155,drop,"(O)749",2
62005,2,155,drop,"(O)768",1
62005,2,155,drop,"(O)82",1
62005,2,155,geode,"(O)390",3
62005,2,155,geode,"(O)562",1
62005,2,155,loose,"(O)82",1
62005,2,155,monster,"Mummy",1
62005,2,155,node,"Copper node",2
62005,2,155,node,"Iridium node",1
62005,2,155,node,"Iron node",3
62005,2,155,stone,"",92
62005,2,156,drop,"(O)378",2
62005,2,156,drop,"(O)382",2
62005,2,156,drop,"(O)386",2
62005,2,156,drop,"(O)390",22
62005,2,156,drop,"(O)428",1
62005,2,156,drop,"(O)66",1
62005,2,156,drop,"(O)768",6
62005,2,156,drop,"(O)80",1
62005,2,156,loose,"(O)80",1
62005,2,156,monster,"Mummy",6
62005,2,156,node,"Amethyst node",1
62005,2,156,node,"Copper node",1
62005,2,156,node,"Iridium node",1
62005,2,156,stone,"",38
62005,2,157,container,"",3
62005,2,157,drop,"(O)378",9
62005,2,157,drop,"(O)380",6
62005,2,157,drop,"(O)382",9
62005,2,157,drop,"(O)384",7
62005,2,157,drop,"(O)386",9
62005,2,157,drop,"(O)390",41
62005,2,157,drop,"(O)60",1
62005,2,157,drop,"(O)64",1
62005,2,157,drop,"(O)74",1
62005,2,157,drop,"(O)749",3
62005,2,157,drop,"(O)766",9
62005,2,157,drop,"(O)78",2
62005,2,157,drop,"(O)80",1
62005,2,157,drop,"(O)92",1
62005,2,157,drop,"(O)93",2
62005,2,157,geode,"(O)386",3
62005,2,157,geode,"(O)560",1
62005,2,157,geode,"(O)576",1
62005,2,157,loose,"(O)80",1
62005,2,157,loose,"(O)93",2
62005,2,157,monster,"Big Slime",3
62005,2,157,monster,"Iridium Crab",2
62005,2,157,monster,"Sludge",3
62005,2,157,node,"Copper node",4
62005,2,157,node,"Emerald node",1
62005,2,157,node,"Gold node",2
62005,2,157,node,"Iridium node",1
62005,2,157,node,"Iron node",2
62005,2,157,node,"Ruby node",1
62005,2,157,stone,"",81
62005,2,158,container,"",1
62005,2,158,drop,"(O)380",6
62005,2,158,drop,"(O)382",2
62005,2,158,drop,"(O)384",2
62005,2,158,drop,"(O)390",20
62005,2,158,drop,"(O)684",1
62005,2,158,drop,"(O)749",1
62005,2,158,drop,"(O)766",4
62005,2,158,drop,"(O)86",1
62005,2,158,geode,"(O)390",5
62005,2,158,loose,"(O)86",1
62005,2,158,monster,"Big Slime",1
62005,2,158,monster,"Bug",1
62005,2,158,monster,"Sludge",1
62005,2,158,node,"Iron node",2
62005,2,158,stone,"",39
62005,2,159,container,"",2
62005,2,159,drop,"(O)287",1
62005,2,159,drop,"(O)378",7
62005,2,159,drop,"(O)380",9
62005,2,159,drop,"(O)382",2
62005,2,159,drop,"(O)384",8
62005,2,159,drop,"(O)386",2
62005,2,159,drop,"(O)390",42
62005,2,159,drop,"(O)66",1
62005,2,159,drop,"(O)72",1
62005,2,159,drop,"(O)749",4
62005,2,159,drop,"(O)766",1
62005,2,159,drop,"(O)769",3
62005,2,159,drop,"(O)80",1
62005,2,159,drop,"(O)92",1
62005,2,159,drop,"(O)93",3
62005,2,159,geode,"(O)382",5
62005,2,159,geode,"(O)384",10
62005,2,159,geode,"(O)545",1
62005,2,159,geode,"(O)568",1
62005,2,159,loose,"(O)80",1
62005,2,159,loose,"(O)93",3
62005,2,159,monster,"Serpent",3
62005,2,159,monster,"Sludge",1
62005,2,159,node,"Amethyst node",1
62005,2,159,node,"Copper node",2
62005,2,159,node,"Diamond node",1
62005,2,159,node,"Gold node",3
62005,2,159,node,"Iridium node",1
62005,2,159,node,"Iron node",4
62005,2,159,stone,"",78
62005,2,160,drop,"(O)378",4
62005,2,160,drop,"(O)380",2
62005,2,160,drop,"(O)382",2
62005,2,160,drop,"(O)384",3
62005,2,160,drop,"(O)386",2
62005,2,160,drop,"(O)390",15
62005,2,160,drop,"(O)749",3
62005,2,160,geode,"(O)382",3
62005,2,160,geode,"(O)386",1
62005,2,160,geode,"(O)570",1
62005,2,160,node,"Copper node",3
62005,2,160,node,"Iridium node",1
62005,2,160,stone,"",40
62005,3,121,drop,"(O)157",1
62005,3,121,drop,"(O)386",1
62005,3,121,drop,"(O)766",8
62005,3,121,drop,"(O)92",3
62005,3,121,monster,"Big Slime",1
62005,3,121,monster,"Sludge",8
62005,3,122,container,"",4
62005,3,122,drop,"(O)378",6
62005,3,122,drop,"(O)382",9
62005,3,122,drop,"(O)384",4
62005,3,122,drop,"(O)388",1
62005,3,122,drop,"(O)390",53
62005,3,122,drop,"(O)60",1
62005,3,122,drop,"(O)62",1
62005,3,122,drop,"(O)64",1
62005,3,122,drop,"(O)684",1
62005,3,122,drop,"(O)749",3
62005,3,122,drop,"(O)766",6
62005,3,122,drop,"(O)769",1
62005,3,122,geode,"(O)330",1
62005,3,122,geode,"(O)384",3
62005,3,122,geode,"(O)390",3
62005,3,122,monster,"Big Slime",3
62005,3,122,monster,"Bug",2
62005,3,122,monster,"Serpent",1
62005,3,122,node,"Aquamarine node",1
62005,3,122,node,"Copper node",1
62005,3,122,node,"Emerald node",1
62005,3,122,node,"Ruby node",1
62005,3,122,stone,"",96
62005,3,123,drop,"(O)378",1
62005,3,123,drop,"(O)380",1
62005,3,123,drop,"(O)382",6
62005,3,123,drop,"(O)384",3
62005,3,123,drop,"(O)390",71
62005,3,123,drop,"(O)422",1
62005,3,123,drop,"(O)749",2
62005,3,123,drop,"(O)766",6
62005,3,123,drop,"(O)769",2
62005,3,123,drop,"(O)80",1
62005,3,123,geode,"(O)330",1
62005,3,123,geode,"(O)543",1
62005,3,123,loose,"(O)422",1
62005,3,123,loose,"(O)80",1
62005,3,123,monster,"Big Slime",3
62005,3,123,monster,"Serpent",1
62005,3,123,node,"Copper node",1
62005,3,123,stone,"",112
62005,3,124,container,"",16
62005,3,124,drop,"(O)380",2
62005,3,124,drop,"(O)382",9
62005,3,124,drop,"(O)384",3
62005,3,124,drop,"(O)388",1
62005,3,124,drop,"(O)390",36
62005,3,124,drop,"(O)749",3
62005,3,124,drop,"(O)766",10
62005,3,124,drop,"(O)769",2
62005,3,124,drop,"(O)78",1
62005,3,124,drop,"(O)80",1
62005,3,124,drop,"(O)881",8
62005,3,124,drop,"(O)92",2
62005,3,124,geode,"(O)390",3
62005,3,124,geode,"(O)545",1
62005,3,124,geode,"(O)546",1
62005,3,124,loose,"(O)80",1
62005,3,124,monster,"Big Slime",4
62005,3,124,monster,"Serpent",2
62005,3,124,monster,"Sludge",2
62005,3,124,node,"Iron node",1
62005,3,124,stone,"",55
62005,3,125,drop,"(O)380",3
62005,3,125,drop,"(O)382",8
62005,3,125,drop,"(O)384",1
62005,3,125,drop,"(O)390",24
62005,3,125,drop,"(O)66",1
62005,3,125,node,"Amethyst node",1
62005,3,125,node,"Iron node",1
62005,3,125,stone,"",38
62005,3,126,drop,"(O)378",2
62005,3,126,drop,"(O)380",1
62005,3,126,drop,"(O)382",3
62005,3,126,drop,"(O)384",3
62005,3,126,drop,"(O)390",45
62005,3,126,drop,"(O)428",1
62005,3,126,drop,"(O)68",2
62005,3,126,drop,"(O)749",1
62005,3,126,drop,"(O)768",4
62005,3,126,geode,"(O)574",1
62005,3,126,monster,"Carbon Ghost",1
62005,3,126,monster,"Mummy",2
62005,3,126,node,"Copper node",1
62005,3,126,node,"Iron node",1
62005,3,126,node,"Topaz node",2
62005,3,126,stone,"",81
62005,3,127,drop,"(O)378",1
62005,3,127,drop,"(O)380",2
62005,3,127,drop,"(O)382",5
62005,3,127,drop,"(O)384",3
62005,3,127,drop,"(O)390",39
62005,3,127,drop,"(O)428",1
62005,3,127,drop,"(O)60",1
62005,3,127,drop,"(O)62",1
62005,3,127,drop,"(O)72",1
62005,3,127,drop,"(O)749",3
62005,3,127,drop,"(O)768",2
62005,3,127,geode,"(O)123",1
62005,3,127,geode,"(O)378",1
62005,3,127,geode,"(O)560",1
62005,3,127,monster,"Carbon Ghost",1
62005,3,127,monster,"Mummy",2
62005,3,127,node,"Aquamarine node",1
62005,3,127,node,"Diamond node",1
62005,3,127,node,"Emerald node",1
62005,3,127,stone,"",81
62005,3,128,container,"",3
62005,3,128,drop,"(O)378",5
62005,3,128,drop,"(O)382",1
62005,3,128,drop,"(O)384",1
62005,3,128,drop,"(O)390",30
62005,3,128,drop,"(O)428",1
62005,3,128,drop,"(O)66",1
62005,3,128,drop,"(O)749",2
62005,3,128,drop,"(O)768",3
62005,3,128,geode,"(O)390",5
62005,3,128,geode,"(O)561",1
62005,3,128,monster,"Mummy",3
62005,3,128,node,"Amethyst node",1
62005,3,128,stone,"",41
62005,3,129,container,"",2
62005,3,129,drop,"(O)380",5
62005,3,129,drop,"(O)382",3
62005,3,129,drop,"(O)384",1
62005,3,129,drop,"(O)386",1
62005,3,129,drop,"(O)390",23
62005,3,129,drop,"(O)684",1
62005,3,129,drop,"(O)749",1
62005,3,129,drop,"(O)881",5
62005,3,129,drop,"(O)93",1
62005,3,129,geode,"(O)82",1
62005,3,129,loose,"(O)93",1
62005,3,129,monster,"Bug",1
62005,3,129,node,"Iridium node",1
62005,3,129,node,"Iron node",1
62005,3,129,stone,"",46
62005,3,130,drop,"(O)378",3
62005,3,130,drop,"(O)380",2
62005,3,130,drop,"(O)382",2
62005,3,130,drop,"(O)384",3
62005,3,130,drop,"(O)390",30
62005,3,130,drop,"(O)749",2
62005,3,130,drop,"(O)80",1
62005,3,130,geode,"(O)121",1
62005,3,130,geode,"(O)378",10
62005,3,130,loose,"(O)80",1
62005,3,130,node,"Copper node",2
62005,3,130,node,"Iron node",1
62005,3,130,stone,"",46
62005,3,131,container,"",2
62005,3,131,drop,"(O)380",2
62005,3,131,drop,"(O)382",10
62005,3,131,drop,"(O)384",4
62005,3,131,drop,"(O)390",57
62005,3,131,drop,"(O)72",1
62005,3,131,drop,"(O)749",1
62005,3,131,drop,"(O)766",3
62005,3,131,drop,"(O)881",2
62005,3,131,geode,"(O)384",5
62005,3,131,monster,"Big Slime",2
62005,3,131,monster,"Bug",1
62005,3,131,node,"Diamond node",1
62005,3,131,node,"Iron node",1
62005,3,131,stone,"",101
62005,3,132,drop,"(O)287",1
62005,3,132,drop,"(O)378",3
62005,3,132,drop,"(O)382",4
62005,3,132,drop,"(O)384",19
62005,3,132,drop,"(O)390",27
62005,3,132,drop,"(O)684",1
62005,3,132,drop,"(O)769",2
62005,3,132,drop,"(O)80",1
62005,3,132,loose,"(O)80",1
62005,3,132,monster,"Bug",1
62005,3,132,monster,"Serpent",2
62005,3,132,node,"Copper node",1
62005,3,132,node,"Gold node",8
62005,3,132,stone,"",46
62005,3,133,container,"",1
62005,3,133,drop,"(O)378",1
62005,3,133,drop,"(O)382",8
62005,3,133,drop,"(O)384",10
62005,3,133,drop,"(O)386",2
62005,3,133,drop,"(O)390",27
62005,3,133,drop,"(O)684",3
62005,3,133,drop,"(O)766",5
62005,3,133,drop,"(O)93",4
62005,3,133,loose,"(O)93",4
62005,3,133,monster,"Big Slime",2
62005,3,133,monster,"Bug",4
62005,3,133,monster,"Sludge",1
62005,3,133,node,"Copper node",1
62005,3,133,node,"Gold node",3
62005,3,133,node,"Iridium node",1
62005,3,133,stone,"",59
62005,3,134,container,"",16
62005,3,134,drop,"(O)378",3
62005,3,134,drop,"(O)382",4
62005,3,134,drop,"(O)384",5
62005,3,134,drop,"(O)390",55
62005,3,134,drop,"(O)537",3
62005,3,134,drop,"(O)749",1
62005,3,134,drop,"(O)78",1
62005,3,134,drop,"(O)80",1
62005,3,134,drop,"(O)881",7
62005,3,134,drop,"(O)CarrotSeeds",2
62005,3,134,geode,"(O)540",1
62005,3,134,geode,"(O)558",1
62005,3,134,geode,"(O)562",1
62005,3,134,geode,"(O)82",1
62005,3,134,loose,"(O)80",1
62005,3,134,stone,"",94
62005,3,135,drop,"(O)287",1
62005,3,135,drop,"(O)378",3
62005,3,135,drop,"(O)380",1
62005,3,135,drop,"(O)382",3
62005,3,135,drop,"(O)384",1
62005,3,135,drop,"(O)390",19
62005,3,135,drop,"(O)684",1
62005,3,135,drop,"(O)749",1
62005,3,135,drop,"(O)766",2
62005,3,135,drop,"(O)769",2
62005,3,135,geode,"(O)330",1
62005,3,135,monster,"Big Slime",1
62005,3,135,monster,"Bug",1
62005,3,135,monster,"Serpent",2
62005,3,135,node,"Copper node",1
62005,3,135,node,"Iron node",1
62005,3,135,stone,"",39
62005,3,136,drop,"(O)378",1
62005,3,136,drop,"(O)382",5
62005,3,136,drop,"(O)384",2
62005,3,136,drop,"(O)390",80
62005,3,136,drop,"(O)60",1
62005,3,136,drop,"(O)66",1
62005,3,136,drop,"(O)749",3
62005,3,136,drop,"(O)766",2
62005,3,136,drop,"(O)92",2
62005,3,136,geode,"(O)543",1
62005,3,136,geode,"(O)555",1
62005,3,136,geode,"(O)560",1
62005,3,136,monster,"Sludge",2
62005,3,136,node,"Amethyst node",1
62005,3,136,node,"Copper node",1
62005,3,136,node,"Emerald node",1
62005,3,136,stone,"",123
62005,3,137,drop,"(O)378",5
62005,3,137,drop,"(O)380",1
62005,3,137,drop,"(O)382",6
62005,3,137,drop,"(O)384",3
62005,3,137,drop,"(O)390",53
62005,3,137,drop,"(O)749",5
62005,3,137,drop,"(O)768",2
62005,3,137,drop,"(O)80",1
62005,3,137,geode,"(O)330",1
62005,3,137,geode,"(O)380",20
62005,3,137,geode,"(O)384",1
62005,3,137,geode,"(O)543",1
62005,3,137,geode,"(O)570",1
62005,3,137,loose,"(O)80",1
62005,3,137,monster,"Carbon Ghost",1
62005,3,137,monster,"Mummy",2
62005,3,137,node,"Copper node",2
62005,3,137,stone,"",97
62005,3,138,drop,"(O)378",2
62005,3,138,drop,"(O)380",7
62005,3,138,drop,"(O)382",8
62005,3,138,drop,"(O)384",6
62005,3,138,drop,"(O)390",62
62005,3,138,drop,"(O)684",3
62005,3,138,drop,"(O)749",1
62005,3,138,drop,"(O)766",5
62005,3,138,drop,"(O)769",2
62005,3,138,geode,"(O)565",1
62005,3,138,monster,"Big Slime",2
62005,3,138,monster,"Bug",3
62005,3,138,monster,"Serpent",1
62005,3,138,node,"Copper node",1
62005,3,138,node,"Iron node",3
62005,3,138,stone,"",112
62005,3,139,container,"",14
62005,3,139,drop,"(O)378",6
62005,3,139,drop,"(O)380",5
62005,3,139,drop,"(O)382",9
62005,3,139,drop,"(O)384",4
62005,3,139,drop,"(O)388",1
62005,3,139,drop,"(O)390",50
62005,3,139,drop,"(O)60",1
62005,3,139,drop,"(O)66",1
62005,3,139,drop,"(O)749",3
62005,3,139,drop,"(O)78",2
62005,3,139,drop,"(O)881",3
62005,3,139,geode,"(O)380",1
62005,3,139,geode,"(O)555",1
62005,3,139,geode,"(O)567",1
62005,3,139,node,"Amethyst node",1
62005,3,139,node,"Copper node",2
62005,3,139,node,"Gold node",2
62005,3,139,node,"Iron node",2
62005,3,139,stone,"",72
62005,3,140,container,"",1
62005,3,140,drop,"(O)378",12
62005,3,140,drop,"(O)380",7
62005,3,140,drop,"(O)382",7
62005,3,140,drop,"(O)384",1
62005,3,140,drop,"(O)390",31
62005,3,140,drop,"(O)749",3
62005,3,140,drop,"(O)766",3
62005,3,140,drop,"(O)767",10
62005,3,140,drop,"(O)80",1
62005,3,140,drop,"(O)881",4
62005,3,140,geode,"(O)380",3
62005,3,140,geode,"(O)550",1
62005,3,140,geode,"(O)557",1
62005,3,140,loose,"(O)80",1
62005,3,140,monster,"Big Slime",1
62005,3,140,monster,"Lava Bat",8
62005,3,140,node,"Copper node",5
62005,3,140,node,"Iron node",3
62005,3,140,stone,"",72
62005,3,141,drop,"(O)157",2
62005,3,141,drop,"(O)378",5
62005,3,141,drop,"(O)380",3
62005,3,141,drop,"(O)382",5
62005,3,141,drop,"(O)384",7
62005,3,141,drop,"(O)390",25
62005,3,141,drop,"(O)684",3
62005,3,141,drop,"(O)749",2
62005,3,141,drop,"(O)766",6
62005,3,141,drop,"(O)769",1
62005,3,141,drop,"(O)92",3
62005,3,141,geode,"(O)545",1
62005,3,141,geode,"(O)559",1
62005,3,141,monster,"Big Slime",1
62005,3,141,monster,"Bug",3
62005,3,141,monster,"Serpent",1
62005,3,141,monster,"Sludge",4
62005,3,141,node,"Copper node",2
62005,3,141,node,"Gold node",3
62005,3,141,node,"Iron node",1
62005,3,141,stone,"",60
62005,3,142,drop,"(O)378",8
62005,3,142,drop,"(O)380",1
62005,3,142,drop,"(O)382",5
62005,3,142,drop,"(O)384",5
62005,3,142,drop,"(O)390",41
62005,3,142,drop,"(O)422",1
62005,3,142,drop,"(O)60",1
62005,3,142,drop,"(O)66",1
62005,3,142,loose,"(O)422",1
62005,3,142,node,"Amethyst node",1
62005,3,142,node,"Copper node",4
62005,3,142,node,"Emerald node",1
62005,3,142,node,"Gold node",1
62005,3,142,stone,"",83
62005,3,143,drop,"(O)378",3
62005,3,143,drop,"(O)380",6
62005,3,143,drop,"(O)382",3
62005,3,143,drop,"(O)384",9
62005,3,143,drop,"(O)390",44
62005,3,143,drop,"(O)422",1
62005,3,143,drop,"(O)749",2
62005,3,143,drop,"(O)766",2
62005,3,143,drop,"(O)80",1
62005,3,143,geode,"(O)330",1
62005,3,143,geode,"(O)571",1
62005,3,143,loose,"(O)422",1
62005,3,143,loose,"(O)80",1
62005,3,143,monster,"Big Slime",1
62005,3,143,monster,"Sludge",1
62005,3,143,node,"Copper node",2
62005,3,143,node,"Gold node",3
62005,3,143,node,"Iron node",2
62005,3,143,stone,"",103
62005,3,144,container,"",12
62005,3,144,drop,"(O)378",8
62005,3,144,drop,"(O)380",9
62005,3,144,drop,"(O)382",7
62005,3,144,drop,"(O)384",2
62005,3,144,drop,"(O)388",8
62005,3,144,drop,"(O)390",44
62005,3,144,drop,"(O)537",3
62005,3,144,drop,"(O)684",5
62005,3,144,drop,"(O)688",1
62005,3,144,drop,"(O)749",4
62005,3,144,geode,"(O)330",1
62005,3,144,geode,"(O)378",5
62005,3,144,geode,"(O)380",5
62005,3,144,geode,"(O)390",5
62005,3,144,geode,"(O)544",1
62005,3,144,geode,"(O)570",1
62005,3,144,geode,"(O)82",1
62005,3,144,monster,"Bug",7
62005,3,144,node,"Copper node",4
62005,3,144,node,"Iron node",1
62005,3,144,stone,"",67
62005,3,145,container,"",3
62005,3,145,drop,"(O)378",1
62005,3,145,drop,"(O)380",3
62005,3,145,drop,"(O)382",8
62005,3,145,drop,"(O)384",1
62005,3,145,drop,"(O)386",2
62005,3,145,drop,"(O)390",36
62005,3,145,drop,"(O)428",2
62005,3,145,drop,"(O)749",6
62005,3,145,drop,"(O)768",2
62005,3,145,drop,"(O)80",1
62005,3,145,geode,"(O)384",3
62005,3,145,geode,"(O)390",3
62005,3,145,geode,"(O)549",1
62005,3,145,geode,"(O)565",1
62005,3,145,geode,"(O)575",2
62005,3,145,loose,"(O)80",1
62005,3,145,monster,"Carbon Ghost",3
62005,3,145,monster,"Mummy",2
62005,3,145,node,"Gold node",1
62005,3,145,node,"Iridium node",1
62005,3,145,node,"Iron node",2
62005,3,145,stone,"",62
62005,3,146,drop,"(O)378",2
62005,3,146,drop,"(O)380",2
62005,3,146,drop,"(O)382",4
62005,3,146,drop,"(O)384",2
62005,3,146,drop,"(O)390",41
62005,3,146,drop,"(O)62",1
62005,3,146,drop,"(O)68",1
62005,3,146,drop,"(O)684",2
62005,3,146,drop,"(O)749",1
62005,3,146,drop,"(O)766",3
62005,3,146,drop,"(O)769",1
62005,3,146,geode,"(O)578",1
62005,3,146,monster,"Big Slime",1
62005,3,146,monster,"Bug",2
62005,3,146,monster,"Serpent",1
62005,3,146,node,"Aquamarine node",1
62005,3,146,node,"Copper node",1
62005,3,146,node,"Iron node",1
62005,3,146,node,"Topaz node",1
62005,3,146,stone,"",65
62005,3,147,drop,"(O)157",1
62005,3,147,drop,"(O)226",1
62005,3,147,drop,"(O)378",2
62005,3,147,drop,"(O)380",2
62005,3,147,drop,"(O)382",2
62005,3,147,drop,"(O)386",1
62005,3,147,drop,"(O)390",15
62005,3,147,drop,"(O)684",3
62005,3,147,drop,"(O)732",1
62005,3,147,drop,"(O)766",2
62005,3,147,drop,"(O)769",2
62005,3,147,drop,"(O)80",1
62005,3,147,loose,"(O)80",1
62005,3,147,monster,"Bug",3
62005,3,147,monster,"Iridium Crab",1
62005,3,147,monster,"Serpent",2
62005,3,147,monster,"Sludge",2
62005,3,147,node,"Copper node",1
62005,3,147,node,"Iron node",1
62005,3,147,stone,"",29
62005,3,148,drop,"(O)378",7
62005,3,148,drop,"(O)380",3
62005,3,148,drop,"(O)382",4
62005,3,148,drop,"(O)384",1
62005,3,148,drop,"(O)390",35
62005,3,148,drop,"(O)66",1
62005,3,148,drop,"(O)68",1
62005,3,148,drop,"(O)80",2
62005,3,148,loose,"(O)80",2
62005,3,148,node,"Amethyst node",1
62005,3,148,node,"Copper node",4
62005,3,148,node,"Iron node",1
62005,3,148,node,"Topaz node",1
62005,3,148,stone,"",67
62005,3,149,container,"",3
62005,3,149,drop,"(O)157",1
62005,3,149,drop,"(O)378",1
62005,3,149,drop,"(O)380",5
62005,3,149,drop,"(O)382",5
62005,3,149,drop,"(O)384",2
62005,3,149,drop,"(O)386",1
62005,3,149,drop,"(O)390",60
62005,3,149,drop,"(O)537",2
62005,3,149,drop,"(O)684",1
62005,3,149,drop,"(O)749",2
62005,3,149,drop,"(O)766",2
62005,3,149,drop,"(O)80",1
62005,3,149,drop,"(O)881",5
62005,3,149,drop,"(O)92",3
62005,3,149,geode,"(O)390",3
62005,3,149,geode,"(O)543",1
62005,3,149,geode,"(O)557",1
62005,3,149,geode,"(O)565",1
62005,3,149,loose,"(O)80",1
62005,3,149,monster,"Bug",1
62005,3,149,monster,"Sludge",4
62005,3,149,node,"Gold node",1
62005,3,149,node,"Iron node",2
62005,3,149,stone,"",99
62005,3,150,container,"",3
62005,3,150,drop,"(O)378",6
62005,3,150,drop,"(O)380",7
62005,3,150,drop,"(O)382",10
62005,3,150,drop,"(O)384",5
62005,3,150,drop,"(O)386",1
62005,3,150,drop,"(O)390",45
62005,3,150,drop,"(O)684",2
62005,3,150,drop,"(O)749",1
62005,3,150,drop,"(O)78",2
62005,3,150,drop,"(O)80",1
62005,3,150,geode,"(O)386",3
62005,3,150,loose,"(O)80",1
62005,3,150,monster,"Bug",2
62005,3,150,monster,"Iridium Crab",1
62005,3,150,node,"Copper node",3
62005,3,150,node,"Gold node",2
62005,3,150,node,"Iron node",1
62005,3,150,stone,"",93
62005,3,151,drop,"(O)378",3
62005,3,151,drop,"(O)382",4
62005,3,151,drop,"(O)384",6
62005,3,151,drop,"(O)390",28
62005,3,151,drop,"(O)766",2
62005,3,151,drop,"(O)769",1
62005,3,151,drop,"(O)80",1
62005,3,151,drop,"(O)82",1
62005,3,151,loose,"(O)80",1
62005,3,151,loose,"(O)82",1
62005,3,151,monster,"Big Slime",1
62005,3,151,monster,"Serpent",1
62005,3,151,node,"Copper node",2
62005,3,151,node,"Gold node",3
62005,3,151,stone,"",48
62005,3,152,container,"",1
62005,3,152,drop,"(O)378",8
62005,3,152,drop,"(O)380",14
62005,3,152,drop,"(O)382",2
62005,3,152,drop,"(O)384",4
62005,3,152,drop,"(O)390",30
62005,3,152,drop,"(O)64",1
62005,3,152,drop,"(O)749",4
62005,3,152,drop,"(O)768",2
62005,3,152,drop,"(O)93",2
62005,3,152,drop,"(O)SkillBook_2",1
62005,3,152,geode,"(O)382",1
62005,3,152,geode,"(O)390",3
62005,3,152,geode,"(O)568",1
62005,3,152,geode,"(O)576",1
62005,3,152,loose,"(O)93",2
62005,3,152,monster,"Carbon Ghost",1
62005,3,152,monster,"Mummy",1
62005,3,152,node,"Copper node",4
62005,3,152,node,"Gold node",1
62005,3,152,node,"Iron node",7
62005,3,152,stone,"",77
62005,3,153,drop,"(O)287",1
62005,3,153,drop,"(O)378",14
62005,3,153,drop,"(O)380",13
62005,3,153,drop,"(O)382",10
62005,3,153,drop,"(O)384",8
62005,3,153,drop,"(O)386",4
62005,3,153,drop,"(O)390",56
62005,3,153,drop,"(O)68",1
62005,3,153,drop,"(O)684",2
62005,3,153,drop,"(O)749",6
62005,3,153,drop,"(O)766",1
62005,3,153,drop,"(O)769",2
62005,3,153,drop,"(O)80",1
62005,3,153,drop,"(O)92",1
62005,3,153,geode,"(O)380",5
62005,3,153,geode,"(O)386",6
62005,3,153,geode,"(O)390",13
62005,3,153,geode,"(O)543",1
62005,3,153,geode,"(O)559",1
62005,3,153,loose,"(O)80",1
62005,3,153,monster,"Bug",2
62005,3,153,monster,"Serpent",2
62005,3,153,monster,"Sludge",1
62005,3,153,node,"Copper node",5
62005,3,153,node,"Iridium node",1
62005,3,153,node,"Iron node",5
62005,3,153,node,"Topaz node",1
62005,3,153,stone,"",113
62005,3,154,drop,"(O)287",1
62005,3,154,drop,"(O)378",1
62005,3,154,drop,"(O)380",4
62005,3,154,drop,"(O)382",3
62005,3,154,drop,"(O)384",6
62005,3,154,drop,"(O)390",44
62005,3,154,drop,"(O)684",1
62005,3,154,drop,"(O)749",1
62005,3,154,drop,"(O)769",3
62005,3,154,drop,"(O)80",1
62005,3,154,geode,"(O)82",1
62005,3,154,loose,"(O)80",1
62005,3,154,monster,"Bug",1
62005,3,154,monster,"Serpent",3
62005,3,154,node,"Copper node",1
62005,3,154,node,"Gold node",1
62005,3,154,node,"Iron node",2
62005,3,154,stone,"",75
62005,3,155,drop,"(O)287",1
62005,3,155,drop,"(O)378",3
62005,3,155,drop,"(O)380",9
62005,3,155,drop,"(O)382",9
62005,3,155,drop,"(O)384",2
62005,3,155,drop,"(O)390",46
62005,3,155,drop,"(O)420",1
62005,3,155,drop,"(O)68",1
62005,3,155,drop,"(O)684",3
62005,3,155,drop,"(O)769",3
62005,3,155,loose,"(O)420",1
62005,3,155,monster,"Bug",3
62005,3,155,monster,"Serpent",2
62005,3,155,node,"Copper node",1
62005,3,155,node,"Iron node",5
62005,3,155,node,"Topaz node",1
62005,3,155,stone,"",100
62005,3,156,drop,"(O)378",5
62005,3,156,drop,"(O)380",5
62005,3,156,drop,"(O)382",4
62005,3,156,drop,"(O)384",7
62005,3,156,drop,"(O)386",7
62005,3,156,drop,"(O)390",59
62005,3,156,drop,"(O)62",1
62005,3,156,drop,"(O)749",2
62005,3,156,geode,"(O)548",1
62005,3,156,geode,"(O)571",1
62005,3,156,node,"Aquamarine node",1
62005,3,156,node,"Copper node",2
62005,3,156,node,"Gold node",2
62005,3,156,node,"Iridium node",3
62005,3,156,node,"Iron node",2
62005,3,156,stone,"",112
62005,3,157,drop,"(O)226",1
62005,3,157,drop,"(O)380",1
62005,3,157,drop,"(O)382",7
62005,3,157,drop,"(O)384",2
62005,3,157,drop,"(O)390",29
62005,3,157,drop,"(O)68",1
62005,3,157,drop,"(O)684",3
62005,3,157,drop,"(O)749",1
62005,3,157,drop,"(O)766",8
62005,3,157,drop,"(O)769",2
62005,3,157,drop,"(O)874",2
62005,3,157,geode,"(O)378",1
62005,3,157,monster,"Big Slime",4
62005,3,157,monster,"Bug",4
62005,3,157,monster,"Serpent",1
62005,3,157,node,"Iron node",1
62005,3,157,node,"Topaz node",1
62005,3,157,stone,"",60
62005,3,158,container,"",3
62005,3,158,drop,"(O)380",7
62005,3,158,drop,"(O)382",1
62005,3,158,drop,"(O)386",3
62005,3,158,drop,"(O)390",10
62005,3,158,drop,"(O)749",1
62005,3,158,drop,"(O)881",5
62005,3,158,geode,"(O)558",1
62005,3,158,node,"Iridium node",1
62005,3,158,node,"Iron node",2
62005,3,158,stone,"",30
62005,3,159,drop,"(O)157",1
62005,3,159,drop,"(O)378",4
62005,3,159,drop,"(O)380",2
62005,3,159,drop,"(O)382",2
62005,3,159,drop,"(O)386",3
62005,3,159,drop,"(O)390",19
62005,3,159,drop,"(O)584",1
62005,3,159,drop,"(O)64",1
62005,3,159,drop,"(O)68",1
62005,3,159,drop,"(O)684",2
62005,3,159,drop,"(O)749",3
62005,3,159,drop,"(O)766",3
62005,3,159,drop,"(O)769",1
62005,3,159,drop,"(O)80",1
62005,3,159,drop,"(O)92",1
62005,3,159,geode,"(O)330",1
62005,3,159,geode,"(O)390",3
62005,3,159,geode,"(O)567",1
62005,3,159,loose,"(O)80",1
62005,3,159,monster,"Big Slime",1
62005,3,159,monster,"Bug",2
62005,3,159,monster,"Iridium Crab",1
62005,3,159,monster,"Pepper Rex",1
62005,3,159,monster,"Serpent",1
62005,3,159,monster,"Sludge",2
62005,3,159,node,"Copper node",2
62005,3,159,node,"Iridium node",1
62005,3,159,node,"Iron node",2
62005,3,159,node,"Ruby node",1
62005,3,159,node,"Topaz node",1
62005,3,159,stone,"",53
62005,3,160,drop,"(O)378",7
62005,3,160,drop,"(O)382",1
62005,3,160,drop,"(O)384",1
62005,3,160,drop,"(O)390",16
62005,3,160,drop,"(O)684",1
62005,3,160,drop,"(O)749",1
62005,3,160,drop,"(O)767",2
62005,3,160,geode,"(O)378",3
62005,3,160,monster,"Bug",1
62005,3,160,monster,"Lava Bat",1
62005,3,160,node,"Copper node",3
62005,3,160,stone,"",31
62005,4,121,drop,"(O)378",1
62005,4,121,drop,"(O)380",1
62005,4,121,drop,"(O)382",2
62005,4,121,drop,"(O)384",6
62005,4,121,drop,"(O)390",28
62005,4,121,drop,"(O)428",1
62005,4,121,drop,"(O)64",1
62005,4,121,drop,"(O)749",3
62005,4,121,drop,"(O)768",7
62005,4,121,drop,"(O)80",1
62005,4,121,geode,"(O)378",1
62005,4,121,geode,"(O)541",1
62005,4,121,geode,"(O)547",1
62005,4,121,loose,"(O)80",1
62005,4,121,monster,"Carbon Ghost",1
62005,4,121,monster,"Mummy",5
62005,4,121,node,"Copper node",1
62005,4,121,node,"Gold node",1
62005,4,121,node,"Ruby node",1
62005,4,121,stone,"",59
62005,4,122,drop,"(O)378",1
62005,4,122,drop,"(O)380",1
62005,4,122,drop,"(O)382",6
62005,4,122,drop,"(O)384",3
62005,4,122,drop,"(O)390",42
62005,4,122,drop,"(O)749",2
62005,4,122,drop,"(O)82",1
62005,4,122,geode,"(O)552",1
62005,4,122,geode,"(O)86",1
62005,4,122,loose,"(O)82",1
62005,4,122,node,"Iron node",1
62005,4,122,stone,"",85
62005,4,123,container,"",1
62005,4,123,drop,"(O)226",1
62005,4,123,drop,"(O)378",1
62005,4,123,drop,"(O)380",4
62005,4,123,drop,"(O)382",11
62005,4,123,drop,"(O)384",3
62005,4,123,drop,"(O)390",63
62005,4,123,drop,"(O)684",2
62005,4,123,drop,"(O)749",2
62005,4,123,drop,"(O)766",3
62005,4,123,drop,"(O)769",1
62005,4,123,drop,"(O)80",2
62005,4,123,drop,"(O)86",1
62005,4,123,drop,"(O)874",1
62005,4,123,geode,"(O)380",3
62005,4,123,geode,"(O)545",1
62005,4,123,loose,"(O)80",2
62005,4,123,loose,"(O)86",1
62005,4,123,monster,"Big Slime",1
62005,4,123,monster,"Bug",3
62005,4,123,monster,"Serpent",1
62005,4,123,monster,"Sludge",1
62005,4,123,node,"Copper node",1
62005,4,123,node,"Iron node",3
62005,4,123,stone,"",105
62005,4,124,drop,"(O)157",2
62005,4,124,drop,"(O)766",1
62005,4,124,drop,"(O)80",2
62005,4,124,drop,"(O)92",2
62005,4,124,loose,"(O)80",2
62005,4,124,monster,"Sludge",5
62005,4,125,drop,"(O)378",3
62005,4,125,drop,"(O)382",3
62005,4,125,drop,"(O)384",2
62005,4,125,drop,"(O)390",66
62005,4,125,drop,"(O)62",1
62005,4,125,drop,"(O)749",1
62005,4,125,geode,"(O)556",1
62005,4,125,node,"Aquamarine node",1
62005,4,125,node,"Copper node",2
62005,4,125,stone,"",106
62005,4,126,drop,"(O)380",4
62005,4,126,drop,"(O)382",3
62005,4,126,drop,"(O)384",1
62005,4,126,drop,"(O)390",38
62005,4,126,drop,"(O)766",9
62005,4,126,drop,"(O)769",2
62005,4,126,monster,"Big Slime",4
62005,4,126,monster,"Serpent",1
62005,4,126,node,"Iron node",2
62005,4,126,stone,"",65
62005,4,127,drop,"(O)380",2
62005,4,127,drop,"(O)382",2
62005,4,127,drop,"(O)384",8
62005,4,127,drop,"(O)390",30
62005,4,127,drop,"(O)64",1
62005,4,127,drop,"(O)93",2
62005,4,127,loose,"(O)93",2
62005,4,127,node,"Gold node",4
62005,4,127,node,"Iron node",1
62005,4,127,node,"Ruby node",1
62005,4,127,stone,"",59
62005,4,128,container,"",1
62005,4,128,drop,"(O)382",2
62005,4,128,drop,"(O)390",12
62005,4,128,drop,"(O)428",1
62005,4,128,drop,"(O)749",3
62005,4,128,drop,"(O)768",6
62005,4,128,drop,"(O)78",2
62005,4,128,drop,"(O)80",1
62005,4,128,geode,"(O)378",3
62005,4,128,geode,"(O)380",5
62005,4,128,geode,"(O)390",3
62005,4,128,loose,"(O)80",1
62005,4,128,monster,"Carbon Ghost",1
62005,4,128,monster,"Mummy",5
62005,4,128,stone,"",32
62005,4,129,container,"",3
62005,4,129,drop,"(O)380",1
62005,4,129,drop,"(O)382",2
62005,4,129,drop,"(O)384",6
62005,4,129,drop,"(O)388",5
62005,4,129,drop,"(O)390",15
62005,4,129,drop,"(O)428",2
62005,4,129,drop,"(O)688",1
62005,4,129,drop,"(O)749",1
62005,4,129,drop,"(O)768",6
62005,4,129,drop,"(O)78",1
62005,4,129,drop,"(O)84",1
62005,4,129,drop,"(O)93",4
62005,4,129,geode,"(O)552",1
62005,4,129,loose,"(O)84",1
62005,4,129,loose,"(O)93",4
62005,4,129,monster,"Carbon Ghost",1
62005,4,129,monster,"Mummy",5
62005,4,129,node,"Gold node",3
62005,4,129,node,"Iron node",1
62005,4,129,stone,"",28
62005,4,130,drop,"(O)380",3
62005,4,130,drop,"(O)382",2
62005,4,130,drop,"(O)384",5
62005,4,130,drop,"(O)390",16
62005,4,130,drop,"(O)749",2
62005,4,130,geode,"(O)330",1
62005,4,130,geode,"(O)543",1
62005,4,130,node,"Gold node",1
62005,4,130,node,"Iron node",1
62005,4,130,stone,"",35
62005,4,131,container,"",3
62005,4,131,drop,"(O)380",2
62005,4,131,drop,"(O)382",5
62005,4,131,drop,"(O)384",3
62005,4,131,drop,"(O)388",5
62005,4,131,drop,"(O)390",57
62005,4,131,drop,"(O)60",1
62005,4,131,drop,"(O)684",1
62005,4,131,drop,"(O)749",5
62005,4,131,drop,"(O)766",1
62005,4,131,drop,"(O)92",1
62005,4,131,geode,"(O)121",1
62005,4,131,geode,"(O)378",3
62005,4,131,geode,"(O)390",3
62005,4,131,geode,"(O)571",1
62005,4,131,geode,"(O)86",1
62005,4,131,monster,"Bug",1
62005,4,131,monster,"Sludge",1
62005,4,131,node,"Iron node",1
62005,4,131,stone,"",79
62005,4,132,drop,"(O)380",2
62005,4,132,drop,"(O)382",2
62005,4,132,drop,"(O)384",25
62005,4,132,drop,"(O)390",14
62005,4,132,drop,"(O)66",1
62005,4,132,drop,"(O)72",1
62005,4,132,drop,"(O)749",2
62005,4,132,drop,"(O)769",1
62005,4,132,drop,"(O)93",2
62005,4,132,geode,"(O)390",5
62005,4,132,geode,"(O)550",1
62005,4,132,loose,"(O)93",2
62005,4,132,monster,"Serpent",1
62005,4,132,node,"Amethyst node",1
62005,4,132,node,"Diamond node",1
62005,4,132,node,"Gold node",9
62005,4,132,node,"Iron node",1
62005,4,132,stone,"",42
62005,4,133,drop,"(O)226",1
62005,4,133,drop,"(O)378",5
62005,4,133,drop,"(O)380",5
62005,4,133,drop,"(O)382",7
62005,4,133,drop,"(O)384",1
62005,4,133,drop,"(O)386",4
62005,4,133,drop,"(O)390",52
62005,4,133,drop,"(O)64",1
62005,4,133,drop,"(O)684",1
62005,4,133,drop,"(O)72",1
62005,4,133,drop,"(O)749",1
62005,4,133,drop,"(O)766",6
62005,4,133,drop,"(O)769",1
62005,4,133,drop,"(O)92",1
62005,4,133,geode,"(O)562",1
62005,4,133,monster,"Big Slime",2
62005,4,133,monster,"Bug",1
62005,4,133,monster,"Serpent",1
62005,4,133,monster,"Sludge",2
62005,4,133,node,"Copper node",2
62005,4,133,node,"Diamond node",1
62005,4,133,node,"Iron node",1
62005,4,133,node,"Ruby node",1
62005,4,133,stone,"",101
62005,4,134,drop,"(O)380",3
62005,4,134,drop,"(O)382",2
62005,4,134,drop,"(O)390",18
62005,4,134,drop,"(O)64",1
62005,4,134,drop,"(O)749",1
62005,4,134,drop,"(O)769",1
62005,4,134,geode,"(O)82",1
62005,4,134,monster,"Bug",1
62005,4,134,monster,"Serpent",1
62005,4,134,node,"Iron node",1
62005,4,134,node,"Ruby node",1
62005,4,134,stone,"",34
62005,4,135,drop,"(O)378",5
62005,4,135,drop,"(O)380",5
62005,4,135,drop,"(O)382",7
62005,4,135,drop,"(O)384",4
62005,4,135,drop,"(O)390",43
62005,4,135,drop,"(O)420",1
62005,4,135,drop,"(O)68",1
62005,4,135,drop,"(O)684",1
62005,4,135,drop,"(O)72",1
62005,4,135,drop,"(O)749",2
62005,4,135,drop,"(O)766",7
62005,4,135,drop,"(O)769",2
62005,4,135,drop,"(O)80",1
62005,4,135,geode,"(O)553",1
62005,4,135,geode,"(O)567",1
62005,4,135,loose,"(O)420",1
62005,4,135,loose,"(O)80",1
62005,4,135,monster,"Big Slime",3
62005,4,135,monster,"Bug",1
62005,4,135,monster,"Serpent",2
62005,4,135,node,"Copper node",3
62005,4,135,node,"Diamond node",1
62005,4,135,node,"Gold node",1
62005,4,135,node,"Iron node",2
62005,4,135,node,"Topaz node",1
62005,4,135,stone,"",93
62005,4,136,drop,"(O)378",1
62005,4,136,drop,"(O)384",3
62005,4,136,drop,"(O)390",13
62005,4,136,node,"Copper node",1
62005,4,136,node,"Gold node",1
62005,4,136,stone,"",18
62005,4,137,drop,"(O)380",4
62005,4,137,drop,"(O)382",4
62005,4,137,drop,"(O)386",1
62005,4,137,drop,"(O)390",17
62005,4,137,drop,"(O)62",1
62005,4,137,drop,"(O)684",1
62005,4,137,drop,"(O)749",1
62005,4,137,drop,"(O)769",2
62005,4,137,drop,"(O)874",1
62005,4,137,drop,"(O)93",2
62005,4,137,geode,"(O)544",1
62005,4,137,loose,"(O)93",2
62005,4,137,monster,"Bug",1
62005,4,137,monster,"Serpent",1
62005,4,137,node,"Aquamarine node",1
62005,4,137,stone,"",34
62005,4,138,drop,"(O)378",3
62005,4,138,drop,"(O)380",2
62005,4,138,drop,"(O)382",4
62005,4,138,drop,"(O)384",1
62005,4,138,drop,"(O)386",1
62005,4,138,drop,"(O)390",26
62005,4,138,drop,"(O)428",1
62005,4,138,drop,"(O)749",4
62005,4,138,drop,"(O)768",1
62005,4,138,drop,"(O)86",1
62005,4,138,geode,"(O)330",1
62005,4,138,geode,"(O)384",1
62005,4,138,geode,"(O)386",6
62005,4,138,geode,"(O)565",1
62005,4,138,loose,"(O)86",1
62005,4,138,monster,"Mummy",1
62005,4,138,node,"Copper node",1
62005,4,138,node,"Iron node",1
62005,4,138,stone,"",57
62005,4,139,drop,"(O)378",6
62005,4,139,drop,"(O)380",5
62005,4,139,drop,"(O)382",8
62005,4,139,drop,"(O)384",4
62005,4,139,drop,"(O)390",74
62005,4,139,drop,"(O)72",1
62005,4,139,drop,"(O)749",1
62005,4,139,drop,"(O)766",2
62005,4,139,drop,"(O)80",4
62005,4,139,drop,"(O)92",1
62005,4,139,geode,"(O)559",1
62005,4,139,loose,"(O)80",4
62005,4,139,monster,"Big Slime",1
62005,4,139,monster,"Sludge",1
62005,4,139,node,"Copper node",3
62005,4,139,node,"Diamond node",1
62005,4,139,node,"Iron node",2
62005,4,139,stone,"",131
62005,4,140,container,"",3
62005,4,140,drop,"(O)382",5
62005,4,140,drop,"(O)384",3
62005,4,140,drop,"(O)390",35
62005,4,140,drop,"(O)428",1
62005,4,140,drop,"(O)749",4
62005,4,140,drop,"(O)768",3
62005,4,140,drop,"(O)78",1
62005,4,140,drop,"(O)80",1
62005,4,140,drop,"(O)82",1
62005,4,140,drop,"(O)856",1
62005,4,140,geode,"(O)378",3
62005,4,140,geode,"(O)390",5
62005,4,140,geode,"(O)540",1
62005,4,140,geode,"(O)549",1
62005,4,140,loose,"(O)80",1
62005,4,140,loose,"(O)82",1
62005,4,140,monster,"Carbon Ghost",3
62005,4,140,monster,"Mummy",3
62005,4,140,stone,"",69
62005,4,141,drop,"(O)378",4
62005,4,141,drop,"(O)380",6
62005,4,141,drop,"(O)382",4
62005,4,141,drop,"(O)384",3
62005,4,141,drop,"(O)390",57
62005,4,141,drop,"(O)66",1
62005,4,141,drop,"(O)749",1
62005,4,141,drop,"(O)768",2
62005,4,141,drop,"(O)80",1
62005,4,141,geode,"(O)554",1
62005,4,141,loose,"(O)80",1
62005,4,141,monster,"Mummy",1
62005,4,141,node,"Amethyst node",1
62005,4,141,node,"Copper node",2
62005,4,141,node,"Gold node",1
62005,4,141,node,"Iron node",2
62005,4,141,stone,"",85
62005,4,142,container,"",2
62005,4,142,drop,"(O)378",1
62005,4,142,drop,"(O)382",6
62005,4,142,drop,"(O)384",3
62005,4,142,drop,"(O)390",25
62005,4,142,drop,"(O)422",1
62005,4,142,drop,"(O)60",1
62005,4,142,drop,"(O)768",4
62005,4,142,loose,"(O)422",1
62005,4,142,monster,"Mummy",3
62005,4,142,node,"Copper node",1
62005,4,142,node,"Emerald node",1
62005,4,142,stone,"",44
62005,4,143,drop,"(O)380",4
62005,4,143,drop,"(O)382",2
62005,4,143,drop,"(O)384",1
62005,4,143,drop,"(O)390",15
62005,4,143,drop,"(O)749",1
62005,4,143,drop,"(O)769",4
62005,4,143,drop,"(O)80",1
62005,4,143,geode,"(O)330",1
62005,4,143,loose,"(O)80",1
62005,4,143,monster,"Serpent",3
62005,4,143,node,"Iron node",1
62005,4,143,stone,"",30
62005,4,144,container,"",3
62005,4,144,drop,"(O)378",1
62005,4,144,drop,"(O)380",3
62005,4,144,drop,"(O)382",1
62005,4,144,drop,"(O)384",1
62005,4,144,drop,"(O)390",14
62005,4,144,drop,"(O)60",1
62005,4,144,drop,"(O)684",2
62005,4,144,drop,"(O)749",1
62005,4,144,drop,"(O)82",1
62005,4,144,drop,"(O)874",1
62005,4,144,geode,"(O)384",3
62005,4,144,loose,"(O)82",1
62005,4,144,monster,"Bug",3
62005,4,144,node,"Copper node",1
62005,4,144,node,"Iron node",1
62005,4,144,stone,"",30
62005,4,145,container,"",4
62005,4,145,drop,"(O)378",6
62005,4,145,drop,"(O)380",4
62005,4,145,drop,"(O)382",6
62005,4,145,drop,"(O)384",3
62005,4,145,drop,"(O)390",47
62005,4,145,drop,"(O)749",1
62005,4,145,drop,"(O)766",4
62005,4,145,drop,"(O)78",1
62005,4,145,drop,"(O)80",1
62005,4,145,drop,"(O)92",1
62005,4,145,geode,"(O)386",3
62005,4,145,loose,"(O)80",1
62005,4,145,monster,"Big Slime",1
62005,4,145,monster,"Bug",1
62005,4,145,monster,"Sludge",2
62005,4,145,node,"Copper node",3
62005,4,145,node,"Gold node",1
62005,4,145,node,"Iron node",1
62005,4,145,stone,"",89
62005,4,146,drop,"(O)378",2
62005,4,146,drop,"(O)380",2
62005,4,146,drop,"(O)382",5
62005,4,146,drop,"(O)384",15
62005,4,146,drop,"(O)390",13
62005,4,146,drop,"(O)72",1
62005,4,146,drop,"(O)766",2
62005,4,146,drop,"(O)80",1
62005,4,146,drop,"(O)93",3
62005,4,146,loose,"(O)80",1
62005,4,146,loose,"(O)93",3
62005,4,146,monster,"Big Slime",1
62005,4,146,node,"Copper node",1
62005,4,146,node,"Diamond node",1
62005,4,146,node,"Gold node",9
62005,4,146,node,"Iron node",1
62005,4,146,stone,"",35
62005,4,147,container,"",2
62005,4,147,drop,"(O)378",4
62005,4,147,drop,"(O)382",6
62005,4,147,drop,"(O)384",3
62005,4,147,drop,"(O)386",3
62005,4,147,drop,"(O)390",27
62005,4,147,drop,"(O)749",3
62005,4,147,drop,"(O)766",7
62005,4,147,drop,"(O)769",2
62005,4,147,drop,"(O)881",4
62005,4,147,drop,"(O)93",4
62005,4,147,geode,"(O)378",1
62005,4,147,geode,"(O)557",1
62005,4,147,geode,"(O)558",1
62005,4,147,loose,"(O)93",4
62005,4,147,monster,"Big Slime",3
62005,4,147,monster,"Iridium Crab",1
62005,4,147,monster,"Serpent",2
62005,4,147,node,"Copper node",3
62005,4,147,stone,"",54
62005,4,148,drop,"(O)378",2
62005,4,148,drop,"(O)380",3
62005,4,148,drop,"(O)382",3
62005,4,148,drop,"(O)384",3
62005,4,148,drop,"(O)390",20
62005,4,148,drop,"(O)428",1
62005,4,148,drop,"(O)749",3
62005,4,148,drop,"(O)768",4
62005,4,148,drop,"(O)80",1
62005,4,148,geode,"(O)390",1
62005,4,148,geode,"(O)559",1
62005,4,148,geode,"(O)84",1
62005,4,148,loose,"(O)80",1
62005,4,148,monster,"Carbon Ghost",1
62005,4,148,monster,"Mummy",4
62005,4,148,node,"Copper node",1
62005,4,148,node,"Iron node",1
62005,4,148,stone,"",50
62005,4,149,drop,"(O)226",1
62005,4,149,drop,"(O)378",4
62005,4,149,drop,"(O)380",7
62005,4,149,drop,"(O)382",5
62005,4,149,drop,"(O)384",4
62005,4,149,drop,"(O)390",50
62005,4,149,drop,"(O)749",1
62005,4,149,drop,"(O)766",3
62005,4,149,drop,"(O)769",2
62005,4,149,drop,"(O)80",1
62005,4,149,geode,"(O)390",5
62005,4,149,loose,"(O)80",1
62005,4,149,monster,"Big Slime",1
62005,4,149,monster,"Serpent",1
62005,4,149,monster,"Sludge",1
62005,4,149,node,"Copper node",2
62005,4,149,node,"Gold node",1
62005,4,149,node,"Iron node",2
62005,4,149,stone,"",85
62005,4,150,container,"",4
62005,4,150,drop,"(O)107",1
62005,4,150,drop,"(O)378",14
62005,4,150,drop,"(O)380",4
62005,4,150,drop,"(O)382",9
62005,4,150,drop,"(O)384",7
62005,4,150,drop,"(O)386",2
62005,4,150,drop,"(O)390",46
62005,4,150,drop,"(O)60",1
62005,4,150,drop,"(O)64",1
62005,4,150,drop,"(O)70",1
62005,4,150,drop,"(O)749",2
62005,4,150,drop,"(O)80",1
62005,4,150,geode,"(O)330",1
62005,4,150,geode,"(O)380",1
62005,4,150,loose,"(O)80",1
62005,4,150,monster,"Pepper Rex",1
62005,4,150,node,"Copper node",3
62005,4,150,node,"Emerald node",1
62005,4,150,node,"Iridium node",1
62005,4,150,node,"Iron node",1
62005,4,150,node,"Jade node",1
62005,4,150,stone,"",90
62005,4,151,container,"",2
62005,4,151,drop,"(O)378",4
62005,4,151,drop,"(O)380",4
62005,4,151,drop,"(O)382",6
62005,4,151,drop,"(O)384",6
62005,4,151,drop,"(O)390",36
62005,4,151,drop,"(O)749",1
62005,4,151,drop,"(O)768",2
62005,4,151,drop,"(O)82",1
62005,4,151,geode,"(O)390",3
62005,4,151,loose,"(O)82",1
62005,4,151,monster,"Carbon Ghost",1
62005,4,151,monster,"Mummy",1
62005,4,151,node,"Copper node",1
62005,4,151,node,"Gold node",1
62005,4,151,node,"Iron node",3
62005,4,151,stone,"",68
62005,4,152,container,"",1
62005,4,152,drop,"(O)380",2
62005,4,152,drop,"(O)382",7
62005,4,152,drop,"(O)384",3
62005,4,152,drop,"(O)390",27
62005,4,152,drop,"(O)749",1
62005,4,152,drop,"(O)82",1
62005,4,152,drop,"(O)93",3
62005,4,152,geode,"(O)74",1
62005,4,152,loose,"(O)82",1
62005,4,152,loose,"(O)93",3
62005,4,152,node,"Iron node",1
62005,4,152,stone,"",46
62005,4,153,container,"",10
62005,4,153,drop,"(O)378",3
62005,4,153,drop,"(O)380",7
62005,4,153,drop,"(O)382",3
62005,4,153,drop,"(O)384",4
62005,4,153,drop,"(O)386",3
62005,4,153,drop,"(O)390",46
62005,4,153,drop,"(O)422",1
62005,4,153,drop,"(O)537",1
62005,4,153,drop,"(O)709",2
62005,4,153,drop,"(O)732",1
62005,4,153,drop,"(O)749",3
62005,4,153,drop,"(O)766",6
62005,4,153,drop,"(O)78",1
62005,4,153,drop,"(O)881",2
62005,4,153,geode,"(O)121",1
62005,4,153,geode,"(O)384",10
62005,4,153,geode,"(O)547",1
62005,4,153,geode,"(O)86",1
62005,4,153,loose,"(O)422",1
62005,4,153,monster,"Big Slime",2
62005,4,153,monster,"Bug",1
62005,4,153,monster,"Iridium Crab",1
62005,4,153,monster,"Sludge",1
62005,4,153,node,"Copper node",1
62005,4,153,node,"Iron node",3
62005,4,153,stone,"",80
62005,4,154,drop,"(O)378",6
62005,4,154,drop,"(O)380",7
62005,4,154,drop,"(O)382",5
62005,4,154,drop,"(O)384",2
62005,4,154,drop,"(O)386",4
62005,4,154,drop,"(O)390",40
62005,4,154,drop,"(O)420",1
62005,4,154,drop,"(O)684",2
62005,4,154,drop,"(O)70",1
62005,4,154,drop,"(O)749",2
62005,4,154,drop,"(O)766",5
62005,4,154,drop,"(O)769",3
62005,4,154,drop,"(O)80",1
62005,4,154,drop,"(O)92",1
62005,4,154,geode,"(O)390",1
62005,4,154,geode,"(O)547",1
62005,4,154,loose,"(O)420",1
62005,4,154,loose,"(O)80",1
62005,4,154,monster,"Big Slime",2
62005,4,154,monster,"Bug",2
62005,4,154,monster,"Iridium Crab",1
62005,4,154,monster,"Serpent",2
62005,4,154,monster,"Sludge",1
62005,4,154,node,"Copper node",3
62005,4,154,node,"Gold node",1
62005,4,154,node,"Iridium node",1
62005,4,154,node,"Iron node",4
62005,4,154,node,"Jade node",1
62005,4,154,stone,"",83
62005,4,155,drop,"(O)378",11
62005,4,155,drop,"(O)380",10
62005,4,155,drop,"(O)382",4
62005,4,155,drop,"(O)384",3
62005,4,155,drop,"(O)390",50
62005,4,155,drop,"(O)749",1
62005,4,155,drop,"(O)80",1
62005,4,155,geode,"(O)330",1
62005,4,155,loose,"(O)80",1
62005,4,155,node,"Copper node",4
62005,4,155,node,"Gold node",1
62005,4,155,node,"Iron node",4
62005,4,155,stone,"",93
62005,4,156,drop,"(O)378",3
62005,4,156,drop,"(O)380",4
62005,4,156,drop,"(O)382",10
62005,4,156,drop,"(O)384",8
62005,4,156,drop,"(O)386",1
62005,4,156,drop,"(O)390",42
62005,4,156,drop,"(O)749",3
62005,4,156,drop,"(O)766",3
62005,4,156,drop,"(O)874",1
62005,4,156,geode,"(O)564",1
62005,4,156,geode,"(O)571",1
62005,4,156,geode,"(O)572",1
62005,4,156,monster,"Big Slime",1
62005,4,156,monster,"Bug",1
62005,4,156,monster,"Sludge",1
62005,4,156,node,"Copper node",1
62005,4,156,node,"Gold node",2
62005,4,156,node,"Iridium node",1
62005,4,156,node,"Iron node",2
62005,4,156,stone,"",99
62005,4,157,container,"",2
62005,4,157,drop,"(O)378",8
62005,4,157,drop,"(O)380",6
62005,4,157,drop,"(O)382",10
62005,4,157,drop,"(O)384",5
62005,4,157,drop,"(O)386",5
62005,4,157,drop,"(O)388",2
62005,4,157,drop,"(O)390",45
62005,4,157,drop,"(O)420",1
62005,4,157,drop,"(O)732",1
62005,4,157,drop,"(O)766",1
62005,4,157,drop,"(O)769",1
62005,4,157,loose,"(O)420",1
62005,4,157,monster,"Bug",1
62005,4,157,monster,"Iridium Crab",2
62005,4,157,monster,"Serpent",1
62005,4,157,monster,"Sludge",1
62005,4,157,node,"Copper node",3
62005,4,157,node,"Gold node",1
62005,4,157,node,"Iridium node",1
62005,4,157,node,"Iron node",4
62005,4,157,stone,"",90
62005,4,158,drop,"(O)378",1
62005,4,158,drop,"(O)380",3
62005,4,158,drop,"(O)382",5
62005,4,158,drop,"(O)384",1
62005,4,158,drop,"(O)386",3
62005,4,158,drop,"(O)390",19
62005,4,158,monster,"Iridium Crab",1
62005,4,158,node,"Copper node",1
62005,4,158,node,"Iron node",1
62005,4,158,stone,"",39
62005,4,159,container,"",10
62005,4,159,drop,"(O)378",8
62005,4,159,drop,"(O)380",2
62005,4,159,drop,"(O)382",8
62005,4,159,drop,"(O)384",6
62005,4,159,drop,"(O)388",6
62005,4,159,drop,"(O)390",39
62005,4,159,drop,"(O)684",1
62005,4,159,drop,"(O)749",2
62005,4,159,drop,"(O)766",15
62005,4,159,drop,"(O)769",2
62005,4,159,drop,"(O)881",2
62005,4,159,drop,"(O)92",1
62005,4,159,geode,"(O)543",1
62005,4,159,geode,"(O)571",1
62005,4,159,monster,"Big Slime",5
62005,4,159,monster,"Bug",1
62005,4,159,monster,"Serpent",2
62005,4,159,monster,"Sludge",2
62005,4,159,node,"Copper node",4
62005,4,159,node,"Gold node",1
62005,4,159,node,"Iron node",1
62005,4,159,stone,"",67
62005,4,160,container,"",3
62005,4,160,drop,"(O)378",3
62005,4,160,drop,"(O)380",6
62005,4,160,drop,"(O)382",6
62005,4,160,drop,"(O)384",3
62005,4,160,drop,"(O)386",3
62005,4,160,drop,"(O)390",44
62005,4,160,drop,"(O)428",1
62005,4,160,drop,"(O)60",1
62005,4,160,drop,"(O)68",1
62005,4,160,drop,"(O)749",1
62005,4,160,drop,"(O)768",8
62005,4,160,geode,"(O)390",5
62005,4,160,monster,"Mummy",6
62005,4,160,node,"Copper node",1
62005,4,160,node,"Iridium node",1
62005,4,160,node,"Iron node",2
62005,4,160,node,"Topaz node",1
62005,4,160,stone,"",78
62005,5,121,drop,"(O)766",2
62005,5,121,drop,"(O)92",2
62005,5,121,monster,"Sludge",3
62005,5,122,drop,"(O)380",3
62005,5,122,drop,"(O)382",8
62005,5,122,drop,"(O)384",4
62005,5,122,drop,"(O)390",47
62005,5,122,drop,"(O)749",2
62005,5,122,drop,"(O)768",2
62005,5,122,geode,"(O)121",1
62005,5,122,geode,"(O)564",1
62005,5,122,monster,"Mummy",2
62005,5,122,node,"Gold node",2
62005,5,122,node,"Iron node",1
62005,5,122,stone,"",78
62005,5,123,container,"",3
62005,5,123,drop,"(O)378",8
62005,5,123,drop,"(O)380",6
62005,5,123,drop,"(O)382",2
62005,5,123,drop,"(O)384",2
62005,5,123,drop,"(O)390",31
62005,5,123,drop,"(O)428",3
62005,5,123,drop,"(O)749",4
62005,5,123,drop,"(O)768",5
62005,5,123,drop,"(O)82",1
62005,5,123,drop,"(O)86",1
62005,5,123,geode,"(O)382",1
62005,5,123,geode,"(O)556",1
62005,5,123,geode,"(O)562",1
62005,5,123,geode,"(O)575",1
62005,5,123,loose,"(O)82",1
62005,5,123,loose,"(O)86",1
62005,5,123,monster,"Carbon Ghost",2
62005,5,123,monster,"Mummy",5
62005,5,123,node,"Copper node",1
62005,5,123,node,"Gold node",1
62005,5,123,node,"Iron node",1
62005,5,123,stone,"",51
62005,5,124,drop,"(O)380",3
62005,5,124,drop,"(O)382",6
62005,5,124,drop,"(O)384",3
62005,5,124,drop,"(O)390",38
62005,5,124,drop,"(O)749",2
62005,5,124,drop,"(O)768",1
62005,5,124,geode,"(O)538",1
62005,5,124,geode,"(O)575",1
62005,5,124,monster,"Mummy",1
62005,5,124,node,"Iron node",1
62005,5,124,stone,"",57
62005,5,125,drop,"(O)382",2
62005,5,125,drop,"(O)384",1
62005,5,125,drop,"(O)390",20
62005,5,125,drop,"(O)749",2
62005,5,125,drop,"(O)768",2
62005,5,125,drop,"(O)80",1
62005,5,125,geode,"(O)380",3
62005,5,125,geode,"(O)573",1
62005,5,125,loose,"(O)80",1
62005,5,125,monster,"Mummy",2
62005,5,125,stone,"",31
62005,5,126,drop,"(O)378",3
62005,5,126,drop,"(O)382",5
62005,5,126,drop,"(O)384",2
62005,5,126,drop,"(O)390",29
62005,5,126,drop,"(O)684",1
62005,5,126,drop,"(O)749",1
62005,5,126,drop,"(O)766",4
62005,5,126,drop,"(O)769",3
62005,5,126,geode,"(O)563",1
62005,5,126,monster,"Big Slime",2
62005,5,126,monster,"Bug",1
62005,5,126,monster,"Serpent",3
62005,5,126,node,"Copper node",1
62005,5,126,stone,"",45
62005,5,127,drop,"(O)380",1
62005,5,127,drop,"(O)382",3
62005,5,127,drop,"(O)384",7
62005,5,127,drop,"(O)390",20
62005,5,127,drop,"(O)684",1
62005,5,127,drop,"(O)749",2
62005,5,127,drop,"(O)766",4
62005,5,127,drop,"(O)80",1
62005,5,127,geode,"(O)541",1
62005,5,127,geode,"(O)578",1
62005,5,127,loose,"(O)80",1
62005,5,127,monster,"Big Slime",2
62005,5,127,monster,"Bug",1
62005,5,127,node,"Gold node",3
62005,5,127,stone,"",41
62005,5,128,container,"",1
62005,5,128,drop,"(O)378",7
62005,5,128,drop,"(O)380",4
62005,5,128,drop,"(O)382",10
62005,5,128,drop,"(O)384",8
62005,5,128,drop,"(O)390",52
62005,5,128,drop,"(O)66",1
62005,5,128,drop,"(O)684",9
62005,5,128,drop,"(O)80",1
62005,5,128,loose,"(O)80",1
62005,5,128,monster,"Bug",10
62005,5,128,node,"Amethyst node",1
62005,5,128,node,"Copper node",3
62005,5,128,node,"Iron node",1
62005,5,128,stone,"",107
62005,5,129,container,"",3
62005,5,129,drop,"(O)157",1
62005,5,129,drop,"(O)287",1
62005,5,129,drop,"(O)378",5
62005,5,129,drop,"(O)380",2
62005,5,129,drop,"(O)382",7
62005,5,129,drop,"(O)384",4
62005,5,129,drop,"(O)386",1
62005,5,129,drop,"(O)390",48
62005,5,129,drop,"(O)62",1
62005,5,129,drop,"(O)684",2
62005,5,129,drop,"(O)749",3
62005,5,129,drop,"(O)766",4
62005,5,129,drop,"(O)769",3
62005,5,129,drop,"(O)80",1
62005,5,129,drop,"(O)82",1
62005,5,129,drop,"(O)881",2
62005,5,129,drop,"(O)92",1
62005,5,129,geode,"(O)557",1
62005,5,129,geode,"(O)561",1
62005,5,129,geode,"(O)574",1
62005,5,129,loose,"(O)80",1
62005,5,129,loose,"(O)82",1
62005,5,129,monster,"Big Slime",1
62005,5,129,monster,"Bug",2
62005,5,129,monster,"Serpent",3
62005,5,129,monster,"Sludge",3
62005,5,129,node,"Aquamarine node",1
62005,5,129,node,"Copper node",2
62005,5,129,node,"Gold node",1
62005,5,129,stone,"",92
62005,5,130,container,"",2
62005,5,130,drop,"(O)382",4
62005,5,130,drop,"(O)384",1
62005,5,130,drop,"(O)390",38
62005,5,130,drop,"(O)66",1
62005,5,130,drop,"(O)684",1
62005,5,130,drop,"(O)766",3
62005,5,130,monster,"Big Slime",2
62005,5,130,monster,"Bug",1
62005,5,130,node,"Amethyst node",1
62005,5,130,stone,"",49
62005,5,131,drop,"(O)157",2
62005,5,131,drop,"(O)382",3
62005,5,131,drop,"(O)386",1
62005,5,131,drop,"(O)420",1
62005,5,131,drop,"(O)766",10
62005,5,131,drop,"(O)80",1
62005,5,131,drop,"(O)92",7
62005,5,131,loose,"(O)420",1
62005,5,131,loose,"(O)80",1
62005,5,131,monster,"Big Slime",1
62005,5,131,monster,"Sludge",11
62005,5,132,container,"",3
62005,5,132,drop,"(O)378",1
62005,5,132,drop,"(O)380",6
62005,5,132,drop,"(O)382",5
62005,5,132,drop,"(O)384",2
62005,5,132,drop,"(O)390",45
62005,5,132,drop,"(O)72",1
62005,5,132,drop,"(O)749",1
62005,5,132,drop,"(O)766",1
62005,5,132,drop,"(O)769",1
62005,5,132,drop,"(O)881",4
62005,5,132,drop,"(O)92",1
62005,5,132,geode,"(O)84",1
62005,5,132,monster,"Serpent",1
62005,5,132,monster,"Sludge",2
62005,5,132,node,"Diamond node",1
62005,5,132,node,"Iron node",2
62005,5,132,stone,"",77
62005,5,133,drop,"(O)380",2
62005,5,133,drop,"(O)382",2
62005,5,133,drop,"(O)384",2
62005,5,133,drop,"(O)390",22
62005,5,133,drop,"(O)428",1
62005,5,133,drop,"(O)749",1
62005,5,133,drop,"(O)768",5
62005,5,133,geode,"(O)390",1
62005,5,133,monster,"Mummy",5
62005,5,133,node,"Iron node",1
62005,5,133,stone,"",41
62005,5,134,container,"",1
62005,5,134,drop,"(O)382",6
62005,5,134,drop,"(O)384",6
62005,5,134,drop,"(O)386",1
62005,5,134,drop,"(O)390",26
62005,5,134,drop,"(O)72",1
62005,5,134,drop,"(O)766",1
62005,5,134,drop,"(O)93",3
62005,5,134,loose,"(O)93",3
62005,5,134,monster,"Sludge",1
62005,5,134,node,"Diamond node",1
62005,5,134,node,"Gold node",4
62005,5,134,stone,"",49
62005,5,135,drop,"(O)378",2
62005,5,135,drop,"(O)380",3
62005,5,135,drop,"(O)382",5
62005,5,135,drop,"(O)384",1
62005,5,135,drop,"(O)390",35
62005,5,135,drop,"(O)68",1
62005,5,135,drop,"(O)684",2
62005,5,135,drop,"(O)749",1
62005,5,135,drop,"(O)766",8
62005,5,135,drop,"(O)769",2
62005,5,135,drop,"(O)80",1
62005,5,135,geode,"(O)554",1
62005,5,135,loose,"(O)80",1
62005,5,135,monster,"Big Slime",3
62005,5,135,monster,"Bug",2
62005,5,135,monster,"Serpent",2
62005,5,135,node,"Copper node",1
62005,5,135,node,"Iron node",1
62005,5,135,node,"Topaz node",1
62005,5,135,stone,"",66
62005,5,136,container,"",1
62005,5,136,drop,"(O)378",3
62005,5,136,drop,"(O)380",3
62005,5,136,drop,"(O)382",7
62005,5,136,drop,"(O)384",2
62005,5,136,drop,"(O)390",35
62005,5,136,drop,"(O)428",1
62005,5,136,drop,"(O)62",1
62005,5,136,drop,"(O)688",1
62005,5,136,drop,"(O)749",4
62005,5,136,drop,"(O)768",4
62005,5,136,geode,"(O)386",1
62005,5,136,geode,"(O)390",10
62005,5,136,geode,"(O)549",1
62005,5,136,monster,"Carbon Ghost",1
62005,5,136,monster,"Mummy",4
62005,5,136,node,"Aquamarine node",1
62005,5,136,node,"Copper node",1
62005,5,136,node,"Iron node",1
62005,5,136,stone,"",71
62005,5,137,drop,"(O)378",6
62005,5,137,drop,"(O)380",4
62005,5,137,drop,"(O)382",1
62005,5,137,drop,"(O)384",5
62005,5,137,drop,"(O)390",40
62005,5,137,drop,"(O)66",1
62005,5,137,drop,"(O)72",1
62005,5,137,drop,"(O)749",1
62005,5,137,drop,"(O)80",1
62005,5,137,geode,"(O)556",1
62005,5,137,loose,"(O)80",1
62005,5,137,node,"Amethyst node",1
62005,5,137,node,"Copper node",3
62005,5,137,node,"Gem node (mixed)",1
62005,5,137,node,"Gold node",1
62005,5,137,node,"Iron node",1
62005,5,137,stone,"",86
62005,5,138,drop,"(O)378",6
62005,5,138,drop,"(O)380",1
62005,5,138,drop,"(O)382",1
62005,5,138,drop,"(O)384",2
62005,5,138,drop,"(O)390",22
62005,5,138,drop,"(O)749",3
62005,5,138,drop,"(O)80",1
62005,5,138,geode,"(O)390",3
62005,5,138,geode,"(O)572",1
62005,5,138,geode,"(O)82",1
62005,5,138,loose,"(O)80",1
62005,5,138,node,"Copper node",2
62005,5,138,node,"Iron node",1
62005,5,138,stone,"",50
62005,5,139,drop,"(O)378",1
62005,5,139,drop,"(O)382",4
62005,5,139,drop,"(O)390",18
62005,5,139,drop,"(O)749",1
62005,5,139,geode,"(O)386",1
62005,5,139,node,"Copper node",1
62005,5,139,stone,"",34
62005,5,140,drop,"(O)378",4
62005,5,140,drop,"(O)380",6
62005,5,140,drop,"(O)382",10
62005,5,140,drop,"(O)384",10
62005,5,140,drop,"(O)390",36
62005,5,140,drop,"(O)749",1
62005,5,140,drop,"(O)766",5
62005,5,140,drop,"(O)767",3
62005,5,140,drop,"(O)80",1
62005,5,140,geode,"(O)574",1
62005,5,140,loose,"(O)80",1
62005,5,140,monster,"Big Slime",2
62005,5,140,monster,"Lava Bat",3
62005,5,140,node,"Copper node",2
62005,5,140,node,"Gold node",2
62005,5,140,node,"Iron node",3
62005,5,140,stone,"",81
62005,5,141,container,"",15
62005,5,141,drop,"(O)378",4
62005,5,141,drop,"(O)380",8
62005,5,141,drop,"(O)382",8
62005,5,141,drop,"(O)384",4
62005,5,141,drop,"(O)388",4
62005,5,141,drop,"(O)390",53
62005,5,141,drop,"(O)688",1
62005,5,141,drop,"(O)709",2
62005,5,141,drop,"(O)749",3
62005,5,141,drop,"(O)766",2
62005,5,141,drop,"(O)769",4
62005,5,141,drop,"(O)78",2
62005,5,141,drop,"(O)80",1
62005,5,141,drop,"(O)82",1
62005,5,141,drop,"(O)881",5
62005,5,141,drop,"(O)92",1
62005,5,141,drop,"(O)CarrotSeeds",3
62005,5,141,geode,"(O)330",2
62005,5,141,geode,"(O)570",1
62005,5,141,loose,"(O)80",1
62005,5,141,loose,"(O)82",1
62005,5,141,monster,"Serpent",4
62005,5,141,monster,"Sludge",2
62005,5,141,node,"Copper node",2
62005,5,141,node,"Iron node",2
62005,5,141,stone,"",98
62005,5,142,drop,"(O)380",2
62005,5,142,drop,"(O)382",6
62005,5,142,drop,"(O)384",4
62005,5,142,drop,"(O)390",34
62005,5,142,drop,"(O)428",1
62005,5,142,drop,"(O)60",1
62005,5,142,drop,"(O)749",5
62005,5,142,drop,"(O)768",1
62005,5,142,geode,"(O)330",1
62005,5,142,geode,"(O)390",3
62005,5,142,geode,"(O)553",1
62005,5,142,geode,"(O)559",1
62005,5,142,geode,"(O)564",1
62005,5,142,monster,"Mummy",1
62005,5,142,node,"Gem node (mixed)",1
62005,5,142,stone,"",79
62005,5,143,container,"",1
62005,5,143,drop,"(O)287",1
62005,5,143,drop,"(O)378",10
62005,5,143,drop,"(O)380",1
62005,5,143,drop,"(O)382",2
62005,5,143,drop,"(O)384",5
62005,5,143,drop,"(O)386",3
62005,5,143,drop,"(O)390",32
62005,5,143,drop,"(O)684",1
62005,5,143,drop,"(O)749",1
62005,5,143,drop,"(O)766",3
62005,5,143,drop,"(O)769",1
62005,5,143,drop,"(O)80",2
62005,5,143,drop,"(O)874",1
62005,5,143,geode,"(O)390",5
62005,5,143,loose,"(O)80",2
62005,5,143,monster,"Big Slime",1
62005,5,143,monster,"Bug",1
62005,5,143,monster,"Serpent",1
62005,5,143,monster,"Sludge",1
62005,5,143,node,"Copper node",3
62005,5,143,node,"Iridium node",1
62005,5,143,stone,"",65
62005,5,144,container,"",2
62005,5,144,drop,"(O)378",5
62005,5,144,drop,"(O)380",5
62005,5,144,drop,"(O)382",4
62005,5,144,drop,"(O)384",2
62005,5,144,drop,"(O)390",42
62005,5,144,drop,"(O)64",1
62005,5,144,drop,"(O)66",1
62005,5,144,drop,"(O)749",3
62005,5,144,geode,"(O)384",3
62005,5,144,geode,"(O)555",1
62005,5,144,geode,"(O)569",1
62005,5,144,monster,"Carbon Ghost",1
62005,5,144,node,"Amethyst node",1
62005,5,144,node,"Copper node",3
62005,5,144,node,"Iron node",1
62005,5,144,node,"Ruby node",1
62005,5,144,stone,"",77
62005,5,145,drop,"(O)378",1
62005,5,145,drop,"(O)380",5
62005,5,145,drop,"(O)382",5
62005,5,145,drop,"(O)384",2
62005,5,145,drop,"(O)390",46
62005,5,145,drop,"(O)420",1
62005,5,145,drop,"(O)62",2
62005,5,145,drop,"(O)64",1
62005,5,145,drop,"(O)749",1
62005,5,145,geode,"(O)558",1
62005,5,145,loose,"(O)420",1
62005,5,145,monster,"Bug",1
62005,5,145,node,"Aquamarine node",2
62005,5,145,node,"Copper node",1
62005,5,145,node,"Iron node",3
62005,5,145,node,"Ruby node",1
62005,5,145,stone,"",81
62005,5,146,drop,"(O)107",2
62005,5,146,drop,"(O)259",2
62005,5,146,drop,"(O)386",3
62005,5,146,drop,"(O)583",3
62005,5,146,drop,"(O)584",3
62005,5,146,drop,"(O)684",1
62005,5,146,drop,"(O)768",1
62005,5,146,drop,"(O)93",1
62005,5,146,drop,"(S)1269",1
62005,5,146,loose,"(O)107",1
62005,5,146,loose,"(O)259",2
62005,5,146,loose,"(O)93",1
62005,5,146,monster,"Fly",1
62005,5,146,monster,"Iridium Bat",1
62005,5,146,monster,"Pepper Rex",7
62005,5,147,drop,"(O)378",3
62005,5,147,drop,"(O)380",1
62005,5,147,drop,"(O)382",7
62005,5,147,drop,"(O)384",3
62005,5,147,drop,"(O)386",1
62005,5,147,drop,"(O)390",48
62005,5,147,drop,"(O)66",2
62005,5,147,drop,"(O)732",1
62005,5,147,drop,"(O)749",1
62005,5,147,drop,"(O)766",2
62005,5,147,drop,"(O)769",1
62005,5,147,drop,"(O)80",1
62005,5,147,drop,"(S)1228",1
62005,5,147,geode,"(O)378",3
62005,5,147,loose,"(O)80",1
62005,5,147,monster,"Big Slime",1
62005,5,147,monster,"Bug",1
62005,5,147,monster,"Iridium Crab",1
62005,5,147,monster,"Serpent",1
62005,5,147,node,"Amethyst node",2
62005,5,147,node,"Copper node",1
62005,5,147,stone,"",90
62005,5,148,container,"",2
62005,5,148,drop,"(O)226",1
62005,5,148,drop,"(O)287",1
62005,5,148,drop,"(O)378",11
62005,5,148,drop,"(O)380",5
62005,5,148,drop,"(O)382",7
62005,5,148,drop,"(O)384",5
62005,5,148,drop,"(O)386",2
62005,5,148,drop,"(O)390",41
62005,5,148,drop,"(O)584",1
62005,5,148,drop,"(O)684",4
62005,5,148,drop,"(O)70",1
62005,5,148,drop,"(O)732",1
62005,5,148,drop,"(O)749",3
62005,5,148,drop,"(O)766",7
62005,5,148,drop,"(O)769",3
62005,5,148,drop,"(O)78",1
62005,5,148,geode,"(O)121",1
62005,5,148,geode,"(O)123",1
62005,5,148,geode,"(O)384",1
62005,5,148,monster,"Big Slime",4
62005,5,148,monster,"Bug",5
62005,5,148,monster,"Iridium Crab",2
62005,5,148,monster,"Pepper Rex",1
62005,5,148,monster,"Serpent",2
62005,5,148,monster,"Sludge",1
62005,5,148,node,"Copper node",5
62005,5,148,node,"Iron node",3
62005,5,148,node,"Jade node",1
62005,5,148,stone,"",97
62005,5,149,container,"",2
62005,5,149,drop,"(O)107",2
62005,5,149,drop,"(O)259",2
62005,5,149,drop,"(O)580",3
62005,5,149,drop,"(O)583",2
62005,5,149,drop,"(O)584",2
62005,5,149,drop,"(O)60",1
62005,5,149,loose,"(O)259",2
62005,5,149,monster,"Pepper Rex",9
62005,5,150,container,"",4
62005,5,150,drop,"(O)378",4
62005,5,150,drop,"(O)380",5
62005,5,150,drop,"(O)382",6
62005,5,150,drop,"(O)384",3
62005,5,150,drop,"(O)386",3
62005,5,150,drop,"(O)390",42
62005,5,150,drop,"(O)62",1
62005,5,150,drop,"(O)732",1
62005,5,150,drop,"(O)769",1
62005,5,150,drop,"(O)80",1
62005,5,150,loose,"(O)80",1
62005,5,150,monster,"Bug",1
62005,5,150,monster,"Iridium Crab",1
62005,5,150,monster,"Serpent",1
62005,5,150,node,"Aquamarine node",1
62005,5,150,node,"Copper node",2
62005,5,150,node,"Iron node",3
62005,5,150,stone,"",76
62005,5,151,drop,"(O)337",1
62005,5,151,drop,"(O)378",7
62005,5,151,drop,"(O)380",6
62005,5,151,drop,"(O)382",5
62005,5,151,drop,"(O)386",5
62005,5,151,drop,"(O)390",25
62005,5,151,drop,"(O)684",1
62005,5,151,drop,"(O)732",2
62005,5,151,drop,"(O)766",7
62005,5,151,drop,"(O)84",1
62005,5,151,drop,"(O)92",1
62005,5,151,loose,"(O)84",1
62005,5,151,monster,"Big Slime",2
62005,5,151,monster,"Bug",1
62005,5,151,monster,"Iridium Crab",3
62005,5,151,monster,"Sludge",3
62005,5,151,node,"Copper node",3
62005,5,151,node,"Iron node",3
62005,5,151,stone,"",48
62005,5,152,drop,"(O)378",1
62005,5,152,drop,"(O)380",3
62005,5,152,drop,"(O)382",2
62005,5,152,drop,"(O)384",1
62005,5,152,drop,"(O)386",5
62005,5,152,drop,"(O)390",24
62005,5,152,drop,"(O)72",1
62005,5,152,drop,"(O)749",1
62005,5,152,drop,"(O)768",4
62005,5,152,drop,"(O)80",1
62005,5,152,geode,"(O)384",1
62005,5,152,loose,"(O)80",1
62005,5,152,monster,"Mummy",2
62005,5,152,node,"Copper node",1
62005,5,152,node,"Diamond node",1
62005,5,152,node,"Iridium node",2
62005,5,152,node,"Iron node",1
62005,5,152,stone,"",64
62005,5,153,drop,"(O)382",1
62005,5,153,drop,"(O)386",3
62005,5,153,drop,"(O)390",17
62005,5,153,node,"Iridium node",1
62005,5,153,stone,"",31
62005,5,154,drop,"(O)378",2
62005,5,154,drop,"(O)380",4
62005,5,154,drop,"(O)382",4
62005,5,154,drop,"(O)384",2
62005,5,154,drop,"(O)390",51
62005,5,154,drop,"(O)749",5
62005,5,154,drop,"(O)768",1
62005,5,154,drop,"(O)80",2
62005,5,154,geode,"(O)384",3
62005,5,154,geode,"(O)390",3
62005,5,154,geode,"(O)574",1
62005,5,154,geode,"(O)576",1
62005,5,154,geode,"(O)82",1
62005,5,154,loose,"(O)80",2
62005,5,154,monster,"Carbon Ghost",1
62005,5,154,monster,"Mummy",1
62005,5,154,node,"Copper node",1
62005,5,154,node,"Gold node",1
62005,5,154,node,"Iron node",2
62005,5,154,stone,"",86
62005,5,155,container,"",14
62005,5,155,drop,"(O)226",1
62005,5,155,drop,"(O)378",7
62005,5,155,drop,"(O)380",1
62005,5,155,drop,"(O)382",3
62005,5,155,drop,"(O)384",3
62005,5,155,drop,"(O)386",4
62005,5,155,drop,"(O)388",8
62005,5,155,drop,"(O)390",39
62005,5,155,drop,"(O)684",1
62005,5,155,drop,"(O)74",1
62005,5,155,drop,"(O)749",5
62005,5,155,drop,"(O)769",1
62005,5,155,drop,"(O)78",2
62005,5,155,drop,"(O)874",1
62005,5,155,geode,"(O)380",5
62005,5,155,geode,"(O)555",1
62005,5,155,geode,"(O)563",1
62005,5,155,geode,"(O)564",1
62005,5,155,geode,"(O)566",1
62005,5,155,monster,"Bug",1
62005,5,155,monster,"Iridium Crab",1
62005,5,155,monster,"Serpent",1
62005,5,155,node,"Copper node",1
62005,5,155,node,"Iridium node",1
62005,5,155,node,"Iron node",1
62005,5,155,stone,"",59
62005,5,156,drop,"(O)243",1
62005,5,156,drop,"(O)378",6
62005,5,156,drop,"(O)380",1
62005,5,156,drop,"(O)382",4
62005,5,156,drop,"(O)384",2
62005,5,156,drop,"(O)390",15
62005,5,156,drop,"(O)420",1
62005,5,156,drop,"(O)749",1
62005,5,156,drop,"(O)768",2
62005,5,156,geode,"(O)86",1
62005,5,156,loose,"(O)420",1
62005,5,156,monster,"Mummy",1
62005,5,156,node,"Copper node",2
62005,5,156,node,"Gold node",1
62005,5,156,stone,"",34
62005,5,157,drop,"(O)378",3
62005,5,157,drop,"(O)380",5
62005,5,157,drop,"(O)386",2
62005,5,157,drop,"(O)390",23
62005,5,157,drop,"(O)68",1
62005,5,157,drop,"(O)684",1
62005,5,157,drop,"(O)749",1
62005,5,157,drop,"(O)766",2
62005,5,157,drop,"(O)769",1
62005,5,157,drop,"(O)874",1
62005,5,157,drop,"(O)92",2
62005,5,157,geode,"(O)545",1
62005,5,157,monster,"Bug",2
62005,5,157,monster,"Serpent",1
62005,5,157,monster,"Sludge",3
62005,5,157,node,"Copper node",1
62005,5,157,node,"Iron node",2
62005,5,157,node,"Topaz node",1
62005,5,157,stone,"",48
62005,5,158,container,"",3
62005,5,158,drop,"(O)378",5
62005,5,158,drop,"(O)380",17
62005,5,158,drop,"(O)382",3
62005,5,158,drop,"(O)384",1
62005,5,158,drop,"(O)386",1
62005,5,158,drop,"(O)390",41
62005,5,158,drop,"(O)66",1
62005,5,158,drop,"(O)749",4
62005,5,158,drop,"(O)768",1
62005,5,158,geode,"(O)330",1
62005,5,158,geode,"(O)548",1
62005,5,158,geode,"(O)555",1
62005,5,158,geode,"(O)568",1
62005,5,158,monster,"Mummy",1
62005,5,158,node,"Amethyst node",1
62005,5,158,node,"Copper node",2
62005,5,158,node,"Iron node",2
62005,5,158,stone,"",77
62005,5,159,drop,"(O)378",3
62005,5,159,drop,"(O)380",1
62005,5,159,drop,"(O)382",6
62005,5,159,drop,"(O)384",7
62005,5,159,drop,"(O)386",1
62005,5,159,drop,"(O)390",48
62005,5,159,drop,"(O)749",3
62005,5,159,drop,"(O)768",1
62005,5,159,geode,"(O)542",1
62005,5,159,geode,"(O)548",1
62005,5,159,geode,"(O)568",1
62005,5,159,monster,"Carbon Ghost",3
62005,5,159,monster,"Mummy",1
62005,5,159,node,"Copper node",3
62005,5,159,node,"Gold node",1
62005,5,159,node,"Iron node",1
62005,5,159,stone,"",95
62005,5,160,drop,"(O)380",6
62005,5,160,drop,"(O)382",4
62005,5,160,drop,"(O)384",1
62005,5,160,drop,"(O)390",25
62005,5,160,drop,"(O)767",12
62005,5,160,monster,"Lava Bat",7
62005,5,160,node,"Iron node",2
62005,5,160,stone,"",53
62005,6,121,container,"",1
62005,6,121,drop,"(O)378",6
62005,6,121,drop,"(O)380",2
62005,6,121,drop,"(O)382",10
62005,6,121,drop,"(O)384",11
62005,6,121,drop,"(O)390",79
62005,6,121,drop,"(O)60",1
62005,6,121,drop,"(O)68",1
62005,6,121,drop,"(O)684",1
62005,6,121,drop,"(O)749",3
62005,6,121,drop,"(O)766",6
62005,6,121,drop,"(O)80",1
62005,6,121,geode,"(O)390",5
62005,6,121,geode,"(O)567",1
62005,6,121,geode,"(O)571",1
62005,6,121,loose,"(O)80",1
62005,6,121,monster,"Big Slime",3
62005,6,121,monster,"Bug",2
62005,6,121,node,"Copper node",2
62005,6,121,node,"Gold node",3
62005,6,121,node,"Iron node",1
62005,6,121,node,"Topaz node",1
62005,6,121,stone,"",150
62005,6,122,drop,"(O)378",2
62005,6,122,drop,"(O)380",1
62005,6,122,drop,"(O)382",6
62005,6,122,drop,"(O)384",5
62005,6,122,drop,"(O)390",55
62005,6,122,drop,"(O)72",1
62005,6,122,drop,"(O)749",1
62005,6,122,drop,"(O)766",8
62005,6,122,geode,"(O)122",1
62005,6,122,monster,"Big Slime",3
62005,6,122,node,"Copper node",1
62005,6,122,node,"Diamond node",1
62005,6,122,stone,"",94
62005,6,123,container,"",1
62005,6,123,drop,"(O)378",1
62005,6,123,drop,"(O)384",2
62005,6,123,drop,"(O)390",26
62005,6,123,drop,"(O)684",1
62005,6,123,drop,"(O)749",1
62005,6,123,geode,"(O)390",3
62005,6,123,monster,"Bug",1
62005,6,123,stone,"",33
62005,6,124,container,"",2
62005,6,124,drop,"(O)378",1
62005,6,124,drop,"(O)380",8
62005,6,124,drop,"(O)382",10
62005,6,124,drop,"(O)384",12
62005,6,124,drop,"(O)390",86
62005,6,124,drop,"(O)420",1
62005,6,124,drop,"(O)60",2
62005,6,124,drop,"(O)684",2
62005,6,124,drop,"(O)749",4
62005,6,124,drop,"(O)766",13
62005,6,124,drop,"(O)769",3
62005,6,124,geode,"(O)549",1
62005,6,124,geode,"(O)562",1
62005,6,124,geode,"(O)576",1
62005,6,124,geode,"(O)86",1
62005,6,124,loose,"(O)420",1
62005,6,124,monster,"Big Slime",4
62005,6,124,monster,"Bug",2
62005,6,124,monster,"Serpent",3
62005,6,124,monster,"Sludge",3
62005,6,124,node,"Copper node",1
62005,6,124,node,"Emerald node",2
62005,6,124,node,"Iron node",3
62005,6,124,stone,"",166
62005,6,125,drop,"(O)378",6
62005,6,125,drop,"(O)380",1
62005,6,125,drop,"(O)382",5
62005,6,125,drop,"(O)384",3
62005,6,125,drop,"(O)390",31
62005,6,125,drop,"(O)749",1
62005,6,125,drop,"(O)768",1
62005,6,125,drop,"(O)84",1
62005,6,125,geode,"(O)386",2
62005,6,125,loose,"(O)84",1
62005,6,125,monster,"Mummy",1
62005,6,125,node,"Copper node",2
62005,6,125,stone,"",65
62005,6,126,drop,"(O)378",1
62005,6,126,drop,"(O)380",2
62005,6,126,drop,"(O)382",3
62005,6,126,drop,"(O)384",1
62005,6,126,drop,"(O)390",15
62005,6,126,drop,"(O)580",1
62005,6,126,drop,"(O)66",1
62005,6,126,drop,"(O)684",1
62005,6,126,drop,"(O)749",1
62005,6,126,drop,"(O)769",1
62005,6,126,drop,"(O)80",2
62005,6,126,geode,"(O)86",1
62005,6,126,loose,"(O)80",2
62005,6,126,monster,"Bug",1
62005,6,126,monster,"Pepper Rex",1
62005,6,126,monster,"Serpent",1
62005,6,126,node,"Amethyst node",1
62005,6,126,node,"Copper node",1
62005,6,126,node,"Iron node",1
62005,6,126,stone,"",35
62005,6,127,drop,"(O)378",4
62005,6,127,drop,"(O)380",6
62005,6,127,drop,"(O)382",3
62005,6,127,drop,"(O)384",5
62005,6,127,drop,"(O)386",1
62005,6,127,drop,"(O)390",26
62005,6,127,drop,"(O)768",1
62005,6,127,drop,"(O)93",1
62005,6,127,loose,"(O)93",1
62005,6,127,monster,"Mummy",1
62005,6,127,node,"Copper node",1
62005,6,127,node,"Gold node",2
62005,6,127,node,"Iron node",2
62005,6,127,stone,"",52
62005,6,128,container,"",3
62005,6,128,drop,"(O)378",5
62005,6,128,drop,"(O)380",1
62005,6,128,drop,"(O)382",7
62005,6,128,drop,"(O)384",5
62005,6,128,drop,"(O)390",44
62005,6,128,drop,"(O)68",1
62005,6,128,drop,"(O)749",2
62005,6,128,drop,"(O)768",3
62005,6,128,drop,"(O)78",2
62005,6,128,geode,"(O)330",1
62005,6,128,geode,"(O)564",1
62005,6,128,monster,"Carbon Ghost",1
62005,6,128,monster,"Mummy",3
62005,6,128,node,"Copper node",1
62005,6,128,node,"Iron node",1
62005,6,128,node,"Topaz node",1
62005,6,128,stone,"",67
62005,6,129,container,"",2
62005,6,129,drop,"(O)378",3
62005,6,129,drop,"(O)380",1
62005,6,129,drop,"(O)382",8
62005,6,129,drop,"(O)384",3
62005,6,129,drop,"(O)390",70
62005,6,129,drop,"(O)422",1
62005,6,129,drop,"(O)537",2
62005,6,129,drop,"(O)72",1
62005,6,129,drop,"(O)749",1
62005,6,129,drop,"(O)766",8
62005,6,129,drop,"(O)80",1
62005,6,129,geode,"(O)330",1
62005,6,129,geode,"(O)390",5
62005,6,129,geode,"(O)86",1
62005,6,129,loose,"(O)422",1
62005,6,129,loose,"(O)80",1
62005,6,129,monster,"Big Slime",4
62005,6,129,monster,"Bug",1
62005,6,129,node,"Copper node",2
62005,6,129,node,"Diamond node",1
62005,6,129,stone,"",122
62005,6,130,container,"",3
62005,6,130,drop,"(O)157",1
62005,6,130,drop,"(O)378",1
62005,6,130,drop,"(O)382",5
62005,6,130,drop,"(O)384",5
62005,6,130,drop,"(O)386",1
62005,6,130,drop,"(O)390",20
62005,6,130,drop,"(O)684",3
62005,6,130,drop,"(O)749",1
62005,6,130,drop,"(O)766",7
62005,6,130,drop,"(O)92",2
62005,6,130,geode,"(O)122",1
62005,6,130,monster,"Big Slime",3
62005,6,130,monster,"Bug",3
62005,6,130,monster,"Sludge",2
62005,6,130,node,"Copper node",1
62005,6,130,stone,"",26
62005,6,131,container,"",1
62005,6,131,drop,"(O)378",3
62005,6,131,drop,"(O)382",3
62005,6,131,drop,"(O)384",2
62005,6,131,drop,"(O)390",12
62005,6,131,drop,"(O)64",1
62005,6,131,drop,"(O)684",3
62005,6,131,drop,"(O)749",3
62005,6,131,drop,"(O)766",4
62005,6,131,drop,"(O)769",1
62005,6,131,geode,"(O)378",5
62005,6,131,geode,"(O)552",1
62005,6,131,geode,"(O)560",1
62005,6,131,monster,"Big Slime",2
62005,6,131,monster,"Bug",3
62005,6,131,monster,"Serpent",1
62005,6,131,monster,"Sludge",1
62005,6,131,node,"Copper node",1
62005,6,131,node,"Gold node",1
62005,6,131,stone,"",36
62005,6,132,container,"",5
62005,6,132,drop,"(O)226",1
62005,6,132,drop,"(O)378",5
62005,6,132,drop,"(O)380",3
62005,6,132,drop,"(O)382",7
62005,6,132,drop,"(O)384",4
62005,6,132,drop,"(O)390",34
62005,6,132,drop,"(O)684",1
62005,6,132,drop,"(O)749",2
62005,6,132,drop,"(O)766",5
62005,6,132,drop,"(O)881",3
62005,6,132,geode,"(O)569",1
62005,6,132,geode,"(O)571",1
62005,6,132,monster,"Big Slime",2
62005,6,132,monster,"Bug",1
62005,6,132,monster,"Serpent",1
62005,6,132,node,"Copper node",1
62005,6,132,node,"Iron node",1
62005,6,132,stone,"",63
62005,6,133,drop,"(O)380",4
62005,6,133,drop,"(O)382",4
62005,6,133,drop,"(O)384",1
62005,6,133,drop,"(O)390",28
62005,6,133,drop,"(O)64",1
62005,6,133,drop,"(O)766",1
62005,6,133,monster,"Big Slime",1
62005,6,133,node,"Iron node",2
62005,6,133,node,"Ruby node",1
62005,6,133,stone,"",44
62005,6,134,container,"",2
62005,6,134,drop,"(O)378",6
62005,6,134,drop,"(O)380",1
62005,6,134,drop,"(O)382",8
62005,6,134,drop,"(O)384",1
62005,6,134,drop,"(O)390",55
62005,6,134,drop,"(O)420",1
62005,6,134,drop,"(O)688",1
62005,6,134,drop,"(O)749",1
62005,6,134,drop,"(O)766",1
62005,6,134,drop,"(O)769",1
62005,6,134,drop,"(O)80",1
62005,6,134,geode,"(O)386",3
62005,6,134,loose,"(O)420",1
62005,6,134,loose,"(O)80",1
62005,6,134,monster,"Serpent",1
62005,6,134,monster,"Sludge",1
62005,6,134,node,"Copper node",2
62005,6,134,stone,"",90
62005,6,135,container,"",1
62005,6,135,drop,"(O)378",3
62005,6,135,drop,"(O)382",2
62005,6,135,drop,"(O)384",1
62005,6,135,drop,"(O)390",15
62005,6,135,drop,"(O)684",1
62005,6,135,drop,"(O)749",1
62005,6,135,drop,"(O)766",3
62005,6,135,geode,"(O)386",6
62005,6,135,monster,"Big Slime",1
62005,6,135,monster,"Bug",1
62005,6,135,node,"Copper node",1
62005,6,135,node,"Gold node",1
62005,6,135,stone,"",28
62005,6,136,drop,"(O)337",1
62005,6,136,drop,"(O)378",1
62005,6,136,drop,"(O)380",5
62005,6,136,drop,"(O)382",6
62005,6,136,drop,"(O)384",3
62005,6,136,drop,"(O)390",42
62005,6,136,drop,"(O)684",4
62005,6,136,drop,"(O)749",2
62005,6,136,drop,"(O)769",1
62005,6,136,drop,"(O)80",1
62005,6,136,drop,"(O)874",1
62005,6,136,drop,"(O)92",1
62005,6,136,geode,"(O)390",3
62005,6,136,geode,"(O)551",1
62005,6,136,loose,"(O)80",1
62005,6,136,monster,"Bug",4
62005,6,136,monster,"Serpent",1
62005,6,136,monster,"Sludge",1
62005,6,136,node,"Copper node",1
62005,6,136,node,"Gold node",1
62005,6,136,node,"Iron node",2
62005,6,136,stone,"",77
62005,6,137,drop,"(O)287",1
62005,6,137,drop,"(O)380",2
62005,6,137,drop,"(O)382",2
62005,6,137,drop,"(O)384",1
62005,6,137,drop,"(O)390",24
62005,6,137,drop,"(O)766",2
62005,6,137,drop,"(O)769",2
62005,6,137,drop,"(O)80",1
62005,6,137,loose,"(O)80",1
62005,6,137,monster,"Big Slime",1
62005,6,137,monster,"Serpent",2
62005,6,137,node,"Iron node",1
62005,6,137,stone,"",38
62005,6,138,container,"",1
62005,6,138,drop,"(O)380",1
62005,6,138,drop,"(O)382",4
62005,6,138,drop,"(O)384",2
62005,6,138,drop,"(O)386",1
62005,6,138,drop,"(O)390",24
62005,6,138,drop,"(O)684",1
62005,6,138,drop,"(O)72",1
62005,6,138,drop,"(O)766",1
62005,6,138,drop,"(O)769",2
62005,6,138,monster,"Bug",1
62005,6,138,monster,"Serpent",2
62005,6,138,monster,"Sludge",1
62005,6,138,node,"Diamond node",1
62005,6,138,stone,"",45
62005,6,139,container,"",1
62005,6,139,drop,"(O)380",2
62005,6,139,drop,"(O)382",5
62005,6,139,drop,"(O)384",16
62005,6,139,drop,"(O)390",20
62005,6,139,drop,"(O)64",1
62005,6,139,drop,"(O)749",2
62005,6,139,drop,"(O)768",1
62005,6,139,geode,"(O)382",3
62005,6,139,geode,"(O)549",1
62005,6,139,monster,"Mummy",1
62005,6,139,node,"Gold node",5
62005,6,139,node,"Iron node",1
62005,6,139,node,"Ruby node",1
62005,6,139,stone,"",47
62005,6,140,drop,"(O)287",1
62005,6,140,drop,"(O)380",3
62005,6,140,drop,"(O)382",7
62005,6,140,drop,"(O)384",5
62005,6,140,drop,"(O)390",49
62005,6,140,drop,"(O)749",2
62005,6,140,drop,"(O)767",11
62005,6,140,geode,"(O)378",3
62005,6,140,geode,"(O)554",1
62005,6,140,monster,"Lava Bat",8
62005,6,140,node,"Iron node",2
62005,6,140,stone,"",95
62005,6,141,container,"",4
62005,6,141,drop,"(O)378",1
62005,6,141,drop,"(O)380",1
62005,6,141,drop,"(O)382",4
62005,6,141,drop,"(O)384",1
62005,6,141,drop,"(O)390",24
62005,6,141,drop,"(O)64",1
62005,6,141,drop,"(O)684",2
62005,6,141,drop,"(O)688",1
62005,6,141,drop,"(O)709",1
62005,6,141,drop,"(O)766",3
62005,6,141,drop,"(O)769",3
62005,6,141,drop,"(O)874",1
62005,6,141,monster,"Big Slime",1
62005,6,141,monster,"Bug",3
62005,6,141,monster,"Serpent",3
62005,6,141,monster,"Sludge",1
62005,6,141,node,"Copper node",1
62005,6,141,node,"Iron node",1
62005,6,141,node,"Ruby node",1
62005,6,141,stone,"",49
62005,6,142,container,"",1
62005,6,142,drop,"(O)380",8
62005,6,142,drop,"(O)382",5
62005,6,142,drop,"(O)384",3
62005,6,142,drop,"(O)390",50
62005,6,142,drop,"(O)68",1
62005,6,142,drop,"(O)70",1
62005,6,142,drop,"(O)749",1
62005,6,142,drop,"(O)768",1
62005,6,142,drop,"(O)78",1
62005,6,142,drop,"(O)80",2
62005,6,142,geode,"(O)564",1
62005,6,142,loose,"(O)80",2
62005,6,142,monster,"Mummy",1
62005,6,142,node,"Gem node (mixed)",1
62005,6,142,node,"Gold node",1
62005,6,142,node,"Iron node",4
62005,6,142,node,"Topaz node",1
62005,6,142,stone,"",78
62005,6,143,drop,"(O)378",9
62005,6,143,drop,"(O)380",3
62005,6,143,drop,"(O)382",7
62005,6,143,drop,"(O)390",49
62005,6,143,drop,"(O)428",2
62005,6,143,drop,"(O)749",4
62005,6,143,drop,"(O)768",11
62005,6,143,drop,"(O)80",2
62005,6,143,geode,"(O)384",5
62005,6,143,geode,"(O)555",1
62005,6,143,geode,"(O)559",1
62005,6,143,geode,"(O)84",1
62005,6,143,loose,"(O)80",2
62005,6,143,monster,"Mummy",10
62005,6,143,node,"Copper node",4
62005,6,143,node,"Iron node",2
62005,6,143,stone,"",88
62005,6,144,container,"",2
62005,6,144,drop,"(O)378",8
62005,6,144,drop,"(O)380",2
62005,6,144,drop,"(O)382",3
62005,6,144,drop,"(O)384",8
62005,6,144,drop,"(O)390",78
62005,6,144,drop,"(O)60",1
62005,6,144,drop,"(O)66",1
62005,6,144,drop,"(O)684",2
62005,6,144,drop,"(O)749",3
62005,6,144,drop,"(O)874",1
62005,6,144,drop,"(O)881",2
62005,6,144,geode,"(O)380",5
62005,6,144,geode,"(O)382",5
62005,6,144,geode,"(O)390",1
62005,6,144,monster,"Bug",5
62005,6,144,node,"Amethyst node",1
62005,6,144,node,"Copper node",2
62005,6,144,node,"Emerald node",1
62005,6,144,stone,"",137
62005,6,145,container,"",3
62005,6,145,drop,"(O)378",5
62005,6,145,drop,"(O)380",4
62005,6,145,drop,"(O)382",4
62005,6,145,drop,"(O)384",5
62005,6,145,drop,"(O)390",33
62005,6,145,drop,"(O)537",1
62005,6,145,drop,"(O)766",3
62005,6,145,drop,"(O)769",1
62005,6,145,drop,"(O)80",2
62005,6,145,geode,"(O)378",10
62005,6,145,loose,"(O)80",2
62005,6,145,monster,"Big Slime",1
62005,6,145,monster,"Serpent",1
62005,6,145,node,"Gold node",1
62005,6,145,node,"Iron node",3
62005,6,145,stone,"",65
62005,6,146,container,"",4
62005,6,146,drop,"(O)378",4
62005,6,146,drop,"(O)380",4
62005,6,146,drop,"(O)382",5
62005,6,146,drop,"(O)384",2
62005,6,146,drop,"(O)386",2
62005,6,146,drop,"(O)390",38
62005,6,146,drop,"(O)684",1
62005,6,146,drop,"(O)749",1
62005,6,146,drop,"(O)769",2
62005,6,146,drop,"(O)CarrotSeeds",2
62005,6,146,geode,"(O)561",1
62005,6,146,monster,"Bug",1
62005,6,146,monster,"Serpent",3
62005,6,146,node,"Copper node",1
62005,6,146,node,"Iridium node",1
62005,6,146,node,"Iron node",2
62005,6,146,stone,"",74
62005,6,147,drop,"(O)243",1
62005,6,147,drop,"(O)378",3
62005,6,147,drop,"(O)380",6
62005,6,147,drop,"(O)382",5
62005,6,147,drop,"(O)384",1
62005,6,147,drop,"(O)390",41
62005,6,147,drop,"(O)72",1
62005,6,147,drop,"(O)749",3
62005,6,147,drop,"(O)768",6
62005,6,147,drop,"(O)80",1
62005,6,147,drop,"(O)93",2
62005,6,147,geode,"(O)330",1
62005,6,147,geode,"(O)380",5
62005,6,147,geode,"(O)390",3
62005,6,147,loose,"(O)80",1
62005,6,147,loose,"(O)93",2
62005,6,147,monster,"Carbon Ghost",1
62005,6,147,monster,"Mummy",5
62005,6,147,node,"Copper node",2
62005,6,147,node,"Diamond node",1
62005,6,147,node,"Iron node",2
62005,6,147,stone,"",74
62005,6,148,drop,"(O)378",1
62005,6,148,drop,"(O)380",3
62005,6,148,drop,"(O)382",6
62005,6,148,drop,"(O)384",4
62005,6,148,drop,"(O)390",41
62005,6,148,drop,"(O)684",1
62005,6,148,drop,"(O)749",2
62005,6,148,drop,"(O)766",2
62005,6,148,geode,"(O)558",1
62005,6,148,geode,"(O)82",1
62005,6,148,monster,"Big Slime",1
62005,6,148,monster,"Bug",1
62005,6,148,node,"Copper node",1
62005,6,148,node,"Iron node",1
62005,6,148,stone,"",83
62005,6,149,drop,"(O)378",2
62005,6,149,drop,"(O)382",2
62005,6,149,drop,"(O)384",1
62005,6,149,drop,"(O)390",13
62005,6,149,drop,"(O)749",1
62005,6,149,geode,"(O)552",1
62005,6,149,node,"Copper node",1
62005,6,149,stone,"",18
62005,6,150,container,"",3
62005,6,150,drop,"(O)378",3
62005,6,150,drop,"(O)380",1
62005,6,150,drop,"(O)382",5
62005,6,150,drop,"(O)384",1
62005,6,150,drop,"(O)388",2
62005,6,150,drop,"(O)390",32
62005,6,150,drop,"(O)749",1
62005,6,150,drop,"(O)766",1
62005,6,150,drop,"(O)769",1
62005,6,150,drop,"(O)881",2
62005,6,150,drop,"(O)92",1
62005,6,150,geode,"(O)553",1
62005,6,150,monster,"Serpent",1
62005,6,150,monster,"Sludge",1
62005,6,150,node,"Iron node",1
62005,6,150,stone,"",47
62005,6,151,container,"",2
62005,6,151,drop,"(O)378",5
62005,6,151,drop,"(O)380",3
62005,6,151,drop,"(O)382",10
62005,6,151,drop,"(O)384",2
62005,6,151,drop,"(O)386",5
62005,6,151,drop,"(O)388",2
62005,6,151,drop,"(O)390",67
62005,6,151,drop,"(O)584",1
62005,6,151,drop,"(O)66",1
62005,6,151,drop,"(O)684",1
62005,6,151,drop,"(O)732",2
62005,6,151,drop,"(O)749",3
62005,6,151,drop,"(O)766",3
62005,6,151,drop,"(O)769",6
62005,6,151,drop,"(O)80",2
62005,6,151,drop,"(O)874",1
62005,6,151,geode,"(O)390",5
62005,6,151,geode,"(O)538",1
62005,6,151,geode,"(O)574",1
62005,6,151,loose,"(O)80",2
62005,6,151,monster,"Big Slime",1
62005,6,151,monster,"Bug",1
62005,6,151,monster,"Iridium Crab",3
62005,6,151,monster,"Pepper Rex",1
62005,6,151,monster,"Serpent",5
62005,6,151,monster,"Sludge",1
62005,6,151,node,"Amethyst node",1
62005,6,151,node,"Copper node",3
62005,6,151,node,"Iridium node",1
62005,6,151,node,"Iron node",1
62005,6,151,stone,"",111
62005,6,152,drop,"(O)378",8
62005,6,152,drop,"(O)380",8
62005,6,152,drop,"(O)382",5
62005,6,152,drop,"(O)384",5
62005,6,152,drop,"(O)386",1
62005,6,152,drop,"(O)390",48
62005,6,152,drop,"(O)749",1
62005,6,152,drop,"(O)766",2
62005,6,152,drop,"(O)80",1
62005,6,152,drop,"(O)93",1
62005,6,152,geode,"(O)390",3
62005,6,152,loose,"(O)80",1
62005,6,152,loose,"(O)93",1
62005,6,152,monster,"Big Slime",1
62005,6,152,node,"Copper node",3
62005,6,152,node,"Gold node",1
62005,6,152,node,"Iron node",4
62005,6,152,stone,"",87
62005,6,153,drop,"(O)386",1
62005,6,153,drop,"(O)390",11
62005,6,153,drop,"(O)749",1
62005,6,153,geode,"(O)552",1
62005,6,153,stone,"",24
62005,6,154,container,"",15
62005,6,154,drop,"(O)287",1
62005,6,154,drop,"(O)378",3
62005,6,154,drop,"(O)380",10
62005,6,154,drop,"(O)382",2
62005,6,154,drop,"(O)384",4
62005,6,154,drop,"(O)386",3
62005,6,154,drop,"(O)388",9
62005,6,154,drop,"(O)390",44
62005,6,154,drop,"(O)688",1
62005,6,154,drop,"(O)709",2
62005,6,154,drop,"(O)749",1
62005,6,154,drop,"(O)769",1
62005,6,154,drop,"(O)78",1
62005,6,154,drop,"(O)CarrotSeeds",6
62005,6,154,geode,"(O)547",1
62005,6,154,monster,"Serpent",1
62005,6,154,node,"Copper node",1
62005,6,154,node,"Iridium node",1
62005,6,154,node,"Iron node",2
62005,6,154,stone,"",68
62005,6,155,container,"",1
62005,6,155,drop,"(O)378",5
62005,6,155,drop,"(O)382",2
62005,6,155,drop,"(O)386",5
62005,6,155,drop,"(O)390",29
62005,6,155,drop,"(O)684",1
62005,6,155,drop,"(O)732",1
62005,6,155,drop,"(O)749",3
62005,6,155,drop,"(O)769",2
62005,6,155,geode,"(O)390",3
62005,6,155,geode,"(O)574",1
62005,6,155,geode,"(O)578",1
62005,6,155,monster,"Bug",1
62005,6,155,monster,"Iridium Crab",1
62005,6,155,monster,"Serpent",2
62005,6,155,node,"Copper node",2
62005,6,155,node,"Iridium node",1
62005,6,155,stone,"",57
62005,6,156,drop,"(O)382",5
62005,6,156,drop,"(O)384",3
62005,6,156,drop,"(O)386",3
62005,6,156,drop,"(O)390",17
62005,6,156,drop,"(O)749",1
62005,6,156,drop,"(O)80",1
62005,6,156,geode,"(O)84",1
62005,6,156,loose,"(O)80",1
62005,6,156,monster,"Iridium Crab",1
62005,6,156,stone,"",33
62005,6,157,container,"",4
62005,6,157,drop,"(O)378",2
62005,6,157,drop,"(O)380",10
62005,6,157,drop,"(O)382",6
62005,6,157,drop,"(O)384",2
62005,6,157,drop,"(O)388",5
62005,6,157,drop,"(O)390",32
62005,6,157,drop,"(O)62",1
62005,6,157,drop,"(O)68",1
62005,6,157,drop,"(O)684",2
62005,6,157,drop,"(O)709",2
62005,6,157,drop,"(O)749",1
62005,6,157,drop,"(O)766",4
62005,6,157,drop,"(O)92",1
62005,6,157,geode,"(O)380",5
62005,6,157,monster,"Big Slime",2
62005,6,157,monster,"Bug",2
62005,6,157,monster,"Sludge",1
62005,6,157,node,"Aquamarine node",1
62005,6,157,node,"Copper node",1
62005,6,157,node,"Iron node",2
62005,6,157,node,"Topaz node",1
62005,6,157,stone,"",64
62005,6,158,container,"",1
62005,6,158,drop,"(O)378",2
62005,6,158,drop,"(O)380",4
62005,6,158,drop,"(O)382",5
62005,6,158,drop,"(O)384",4
62005,6,158,drop,"(O)386",3
62005,6,158,drop,"(O)390",42
62005,6,158,drop,"(O)60",1
62005,6,158,drop,"(O)70",1
62005,6,158,drop,"(O)749",2
62005,6,158,drop,"(O)768",1
62005,6,158,geode,"(O)540",1
62005,6,158,geode,"(O)565",1
62005,6,158,monster,"Mummy",1
62005,6,158,node,"Copper node",1
62005,6,158,node,"Emerald node",1
62005,6,158,node,"Iridium node",2
62005,6,158,node,"Iron node",1
62005,6,158,node,"Jade node",1
62005,6,158,stone,"",86
62005,6,159,drop,"(O)378",7
62005,6,159,drop,"(O)380",6
62005,6,159,drop,"(O)382",6
62005,6,159,drop,"(O)384",5
62005,6,159,drop,"(O)386",3
62005,6,159,drop,"(O)390",37
62005,6,159,drop,"(O)684",2
62005,6,159,drop,"(O)749",1
62005,6,159,drop,"(O)80",1
62005,6,159,geode,"(O)84",1
62005,6,159,loose,"(O)80",1
62005,6,159,monster,"Bug",2
62005,6,159,node,"Copper node",3
62005,6,159,node,"Gold node",1
62005,6,159,node,"Iridium node",1
62005,6,159,node,"Iron node",2
62005,6,159,stone,"",73
62005,6,160,drop,"(O)378",2
62005,6,160,drop,"(O)380",1
62005,6,160,drop,"(O)382",1
62005,6,160,drop,"(O)384",3
62005,6,160,drop,"(O)386",1
62005,6,160,drop,"(O)390",16
62005,6,160,drop,"(O)420",1
62005,6,160,drop,"(O)684",2
62005,6,160,drop,"(O)749",1
62005,6,160,drop,"(O)767",1
62005,6,160,drop,"(O)80",1
62005,6,160,drop,"(O)874",1
62005,6,160,geode,"(O)563",1
62005,6,160,loose,"(O)420",1
62005,6,160,loose,"(O)80",1
62005,6,160,monster,"Bug",3
62005,6,160,monster,"Lava Bat",1
62005,6,160,node,"Copper node",1
62005,6,160,node,"Gold node",1
62005,6,160,node,"Iridium node",1
62005,6,160,stone,"",27
